cohorte,tramo_plazo,edad,tasa_acum_pct
1991,01 <= 7a,0,0.0
1991,01 <= 7a,3,0.0
1991,01 <= 7a,6,0.0
1991,01 <= 7a,9,0.014
1991,01 <= 7a,12,0.07
1991,01 <= 7a,15,0.3222
1991,01 <= 7a,18,0.6164
1991,01 <= 7a,21,1.0087
1991,01 <= 7a,24,1.6531
1991,01 <= 7a,27,2.2695
1991,01 <= 7a,30,2.9
1991,01 <= 7a,33,3.4884
1991,01 <= 7a,36,4.399
1991,01 <= 7a,39,5.0574
1991,01 <= 7a,42,5.7579
1991,01 <= 7a,45,6.4584
1991,01 <= 7a,48,7.1308
1991,01 <= 7a,51,7.6632
1991,01 <= 7a,54,8.2936
1991,01 <= 7a,57,8.9661
1991,01 <= 7a,60,9.5125
1991,01 <= 7a,63,10.0728
1991,01 <= 7a,66,10.6893
1991,01 <= 7a,69,11.0955
1991,01 <= 7a,72,11.754
1991,01 <= 7a,75,12.3004
1991,01 <= 7a,78,12.6926
1991,01 <= 7a,81,13.0008
1991,01 <= 7a,84,13.3231
1991,01 <= 7a,87,13.5192
1991,01 <= 7a,90,13.7994
1991,01 <= 7a,93,14.0516
1991,01 <= 7a,96,14.4298
1991,01 <= 7a,99,14.682
1991,01 <= 7a,102,14.9201
1991,01 <= 7a,105,15.0743
1991,01 <= 7a,108,15.2143
1991,01 <= 7a,111,15.3544
1991,01 <= 7a,114,15.4105
1991,01 <= 7a,117,15.5366
1991,01 <= 7a,120,15.6066
1991,02 7-10a,0,0.0
1991,02 7-10a,3,0.0
1991,02 7-10a,6,0.0
1991,02 7-10a,9,0.0
1991,02 7-10a,12,0.0
1991,02 7-10a,15,0.065
1991,02 7-10a,18,0.2926
1991,02 7-10a,21,0.4551
1991,02 7-10a,24,0.8453
1991,02 7-10a,27,1.2029
1991,02 7-10a,30,1.4629
1991,02 7-10a,33,1.9831
1991,02 7-10a,36,2.6333
1991,02 7-10a,39,3.381
1991,02 7-10a,42,4.2588
1991,02 7-10a,45,4.7139
1991,02 7-10a,48,5.1691
1991,02 7-10a,51,5.6892
1991,02 7-10a,54,6.1769
1991,02 7-10a,57,6.4369
1991,02 7-10a,60,6.7295
1991,02 7-10a,63,6.9896
1991,02 7-10a,66,7.3472
1991,02 7-10a,69,7.7048
1991,02 7-10a,72,8.0299
1991,02 7-10a,75,8.29
1991,02 7-10a,78,8.5176
1991,02 7-10a,81,8.7126
1991,02 7-10a,84,8.9727
1991,02 7-10a,87,9.2328
1991,02 7-10a,90,9.3628
1991,02 7-10a,93,9.4928
1991,02 7-10a,96,9.7854
1991,02 7-10a,99,10.143
1991,02 7-10a,102,10.3056
1991,02 7-10a,105,10.4031
1991,02 7-10a,108,10.5332
1991,02 7-10a,111,10.5657
1991,02 7-10a,114,10.5657
1991,02 7-10a,117,10.5657
1991,02 7-10a,120,10.5657
1991,03 10-20a,0,0.0
1991,03 10-20a,3,0.0
1991,03 10-20a,6,0.0
1991,03 10-20a,9,0.0
1991,03 10-20a,12,0.0
1991,03 10-20a,15,0.0264
1991,03 10-20a,18,0.0527
1991,03 10-20a,21,0.1845
1991,03 10-20a,24,0.2635
1991,03 10-20a,27,0.3953
1991,03 10-20a,30,0.5797
1991,03 10-20a,33,0.8696
1991,03 10-20a,36,0.9223
1991,03 10-20a,39,1.1594
1991,03 10-20a,42,1.3966
1991,03 10-20a,45,1.6074
1991,03 10-20a,48,1.8445
1991,03 10-20a,51,2.2134
1991,03 10-20a,54,2.556
1991,03 10-20a,57,2.8458
1991,03 10-20a,60,3.1357
1991,03 10-20a,63,3.4783
1991,03 10-20a,66,3.9526
1991,03 10-20a,69,4.5059
1991,03 10-20a,72,4.9539
1991,03 10-20a,75,5.2437
1991,03 10-20a,78,5.6126
1991,03 10-20a,81,5.9289
1991,03 10-20a,84,6.1924
1991,03 10-20a,87,6.4295
1991,03 10-20a,90,6.614
1991,03 10-20a,93,6.7984
1991,03 10-20a,96,7.0619
1991,03 10-20a,99,7.2464
1991,03 10-20a,102,7.4835
1991,03 10-20a,105,7.9578
1991,03 10-20a,108,8.0369
1991,03 10-20a,111,8.2477
1991,03 10-20a,114,8.4058
1991,03 10-20a,117,8.4321
1991,03 10-20a,120,8.5375
1991,04 > 20a,0,0.0
1991,04 > 20a,3,0.0
1991,04 > 20a,6,0.0
1991,04 > 20a,9,0.0
1991,04 > 20a,12,0.0
1991,04 > 20a,15,0.0
1991,04 > 20a,18,0.0
1991,04 > 20a,21,0.0436
1991,04 > 20a,24,0.1307
1991,04 > 20a,27,0.1743
1991,04 > 20a,30,0.2614
1991,04 > 20a,33,0.305
1991,04 > 20a,36,0.3922
1991,04 > 20a,39,0.8279
1991,04 > 20a,42,1.22
1991,04 > 20a,45,1.6558
1991,04 > 20a,48,2.1786
1991,04 > 20a,51,2.6144
1991,04 > 20a,54,3.1373
1991,04 > 20a,57,3.7473
1991,04 > 20a,60,4.3573
1991,04 > 20a,63,4.9673
1991,04 > 20a,66,5.5773
1991,04 > 20a,69,5.8824
1991,04 > 20a,72,6.2309
1991,04 > 20a,75,6.4924
1991,04 > 20a,78,6.7102
1991,04 > 20a,81,6.9281
1991,04 > 20a,84,7.146
1991,04 > 20a,87,7.2767
1991,04 > 20a,90,7.451
1991,04 > 20a,93,7.6253
1991,04 > 20a,96,7.6688
1991,04 > 20a,99,7.8431
1991,04 > 20a,102,7.8867
1991,04 > 20a,105,8.061
1991,04 > 20a,108,8.1917
1991,04 > 20a,111,8.3224
1991,04 > 20a,114,8.366
1991,04 > 20a,117,8.4532
1991,04 > 20a,120,8.4967
1991,unknown,0,0.0
1991,unknown,3,0.0
1991,unknown,6,0.0
1991,unknown,9,0.0
1991,unknown,12,0.0
1991,unknown,15,0.0
1991,unknown,18,4.5455
1991,unknown,21,9.0909
1991,unknown,24,9.0909
1991,unknown,27,9.0909
1991,unknown,30,9.0909
1991,unknown,33,9.0909
1991,unknown,36,9.0909
1991,unknown,39,9.0909
1991,unknown,42,9.0909
1991,unknown,45,9.0909
1991,unknown,48,9.0909
1991,unknown,51,9.0909
1991,unknown,54,9.0909
1991,unknown,57,9.0909
1991,unknown,60,9.0909
1991,unknown,63,9.0909
1991,unknown,66,9.0909
1991,unknown,69,9.0909
1991,unknown,72,9.0909
1991,unknown,75,9.0909
1991,unknown,78,13.6364
1991,unknown,81,13.6364
1991,unknown,84,18.1818
1991,unknown,87,18.1818
1991,unknown,90,18.1818
1991,unknown,93,18.1818
1991,unknown,96,18.1818
1991,unknown,99,18.1818
1991,unknown,102,18.1818
1991,unknown,105,22.7273
1991,unknown,108,27.2727
1991,unknown,111,27.2727
1991,unknown,114,27.2727
1991,unknown,117,27.2727
1991,unknown,120,27.2727
1992,01 <= 7a,0,0.0
1992,01 <= 7a,3,0.0
1992,01 <= 7a,6,0.0
1992,01 <= 7a,9,0.0332
1992,01 <= 7a,12,0.1551
1992,01 <= 7a,15,0.3545
1992,01 <= 7a,18,0.6093
1992,01 <= 7a,21,1.0302
1992,01 <= 7a,24,1.418
1992,01 <= 7a,27,1.8057
1992,01 <= 7a,30,2.2931
1992,01 <= 7a,33,2.6476
1992,01 <= 7a,36,3.135
1992,01 <= 7a,39,3.6335
1992,01 <= 7a,42,4.0877
1992,01 <= 7a,45,4.5973
1992,01 <= 7a,48,5.1844
1992,01 <= 7a,51,5.8159
1992,01 <= 7a,54,6.5803
1992,01 <= 7a,57,7.1009
1992,01 <= 7a,60,7.5662
1992,01 <= 7a,63,8.0093
1992,01 <= 7a,66,8.5521
1992,01 <= 7a,69,9.0174
1992,01 <= 7a,72,9.4162
1992,01 <= 7a,75,9.8482
1992,01 <= 7a,78,10.1916
1992,01 <= 7a,81,10.5018
1992,01 <= 7a,84,10.8452
1992,01 <= 7a,87,11.0446
1992,01 <= 7a,90,11.2551
1992,01 <= 7a,93,11.4213
1992,01 <= 7a,96,11.5542
1992,01 <= 7a,99,11.665
1992,01 <= 7a,102,11.809
1992,01 <= 7a,105,11.9309
1992,01 <= 7a,108,12.0417
1992,01 <= 7a,111,12.1635
1992,01 <= 7a,114,12.2189
1992,01 <= 7a,117,12.2411
1992,01 <= 7a,120,12.3075
1992,02 7-10a,0,0.0
1992,02 7-10a,3,0.0
1992,02 7-10a,6,0.0
1992,02 7-10a,9,0.0
1992,02 7-10a,12,0.0
1992,02 7-10a,15,0.1327
1992,02 7-10a,18,0.2123
1992,02 7-10a,21,0.3184
1992,02 7-10a,24,0.398
1992,02 7-10a,27,0.5572
1992,02 7-10a,30,0.796
1992,02 7-10a,33,1.1144
1992,02 7-10a,36,1.4327
1992,02 7-10a,39,1.9103
1992,02 7-10a,42,2.2022
1992,02 7-10a,45,2.6267
1992,02 7-10a,48,2.9981
1992,02 7-10a,51,3.5553
1992,02 7-10a,54,3.9268
1992,02 7-10a,57,4.3513
1992,02 7-10a,60,4.6962
1992,02 7-10a,63,4.8289
1992,02 7-10a,66,5.0146
1992,02 7-10a,69,5.2269
1992,02 7-10a,72,5.4656
1992,02 7-10a,75,5.6514
1992,02 7-10a,78,5.7575
1992,02 7-10a,81,5.8371
1992,02 7-10a,84,5.9432
1992,02 7-10a,87,6.0493
1992,02 7-10a,90,6.2085
1992,02 7-10a,93,6.3147
1992,02 7-10a,96,6.3412
1992,02 7-10a,99,6.4208
1992,02 7-10a,102,6.4739
1992,02 7-10a,105,6.5004
1992,02 7-10a,108,6.58
1992,02 7-10a,111,6.6861
1992,02 7-10a,114,6.7923
1992,02 7-10a,117,6.8188
1992,02 7-10a,120,6.8453
1992,03 10-20a,0,0.0
1992,03 10-20a,3,0.0
1992,03 10-20a,6,0.0
1992,03 10-20a,9,0.0
1992,03 10-20a,12,0.0
1992,03 10-20a,15,0.0183
1992,03 10-20a,18,0.0183
1992,03 10-20a,21,0.0366
1992,03 10-20a,24,0.0366
1992,03 10-20a,27,0.1649
1992,03 10-20a,30,0.3297
1992,03 10-20a,33,0.4946
1992,03 10-20a,36,0.6778
1992,03 10-20a,39,0.8243
1992,03 10-20a,42,1.0258
1992,03 10-20a,45,1.3556
1992,03 10-20a,48,1.5387
1992,03 10-20a,51,1.6303
1992,03 10-20a,54,1.8685
1992,03 10-20a,57,2.07
1992,03 10-20a,60,2.2715
1992,03 10-20a,63,2.5463
1992,03 10-20a,66,2.7478
1992,03 10-20a,69,2.8943
1992,03 10-20a,72,3.0592
1992,03 10-20a,75,3.3156
1992,03 10-20a,78,3.4805
1992,03 10-20a,81,3.7736
1992,03 10-20a,84,3.9385
1992,03 10-20a,87,4.0484
1992,03 10-20a,90,4.2682
1992,03 10-20a,93,4.5063
1992,03 10-20a,96,4.6895
1992,03 10-20a,99,4.7811
1992,03 10-20a,102,4.8727
1992,03 10-20a,105,4.9643
1992,03 10-20a,108,5.0742
1992,03 10-20a,111,5.1841
1992,03 10-20a,114,5.2207
1992,03 10-20a,117,5.349
1992,03 10-20a,120,5.3856
1992,04 > 20a,0,0.0
1992,04 > 20a,3,0.0
1992,04 > 20a,6,0.0
1992,04 > 20a,9,0.0
1992,04 > 20a,12,0.0
1992,04 > 20a,15,0.0
1992,04 > 20a,18,0.0346
1992,04 > 20a,21,0.0346
1992,04 > 20a,24,0.0346
1992,04 > 20a,27,0.1383
1992,04 > 20a,30,0.1383
1992,04 > 20a,33,0.2075
1992,04 > 20a,36,0.3458
1992,04 > 20a,39,0.4841
1992,04 > 20a,42,0.6224
1992,04 > 20a,45,1.0373
1992,04 > 20a,48,1.3485
1992,04 > 20a,51,1.6943
1992,04 > 20a,54,1.971
1992,04 > 20a,57,2.3859
1992,04 > 20a,60,2.7317
1992,04 > 20a,63,3.0775
1992,04 > 20a,66,3.1812
1992,04 > 20a,69,3.3887
1992,04 > 20a,72,3.5615
1992,04 > 20a,75,3.769
1992,04 > 20a,78,3.8382
1992,04 > 20a,81,3.9419
1992,04 > 20a,84,4.0111
1992,04 > 20a,87,4.184
1992,04 > 20a,90,4.3223
1992,04 > 20a,93,4.4606
1992,04 > 20a,96,4.4952
1992,04 > 20a,99,4.5989
1992,04 > 20a,102,4.5989
1992,04 > 20a,105,4.6335
1992,04 > 20a,108,4.668
1992,04 > 20a,111,4.668
1992,04 > 20a,114,4.668
1992,04 > 20a,117,4.7026
1992,04 > 20a,120,4.7026
1992,unknown,0,0.0
1992,unknown,3,0.0
1992,unknown,6,0.0
1992,unknown,9,0.0
1992,unknown,12,0.0
1992,unknown,15,0.0
1992,unknown,18,0.0
1992,unknown,21,0.0
1992,unknown,24,15.3846
1992,unknown,27,15.3846
1992,unknown,30,23.0769
1992,unknown,33,23.0769
1992,unknown,36,23.0769
1992,unknown,39,23.0769
1992,unknown,42,30.7692
1992,unknown,45,30.7692
1992,unknown,48,30.7692
1992,unknown,51,38.4615
1992,unknown,54,38.4615
1992,unknown,57,38.4615
1992,unknown,60,46.1538
1992,unknown,63,46.1538
1992,unknown,66,46.1538
1992,unknown,69,46.1538
1992,unknown,72,46.1538
1992,unknown,75,46.1538
1992,unknown,78,46.1538
1992,unknown,81,46.1538
1992,unknown,84,46.1538
1992,unknown,87,46.1538
1992,unknown,90,53.8462
1992,unknown,93,61.5385
1992,unknown,96,61.5385
1992,unknown,99,61.5385
1992,unknown,102,61.5385
1992,unknown,105,61.5385
1992,unknown,108,61.5385
1992,unknown,111,61.5385
1992,unknown,114,61.5385
1992,unknown,117,61.5385
1992,unknown,120,61.5385
1993,01 <= 7a,0,0.0
1993,01 <= 7a,3,0.0
1993,01 <= 7a,6,0.0
1993,01 <= 7a,9,0.0
1993,01 <= 7a,12,0.0501
1993,01 <= 7a,15,0.1905
1993,01 <= 7a,18,0.3509
1993,01 <= 7a,21,0.5815
1993,01 <= 7a,24,0.8922
1993,01 <= 7a,27,1.3734
1993,01 <= 7a,30,1.7243
1993,01 <= 7a,33,2.1855
1993,01 <= 7a,36,2.7268
1993,01 <= 7a,39,3.3283
1993,01 <= 7a,42,3.8697
1993,01 <= 7a,45,4.6617
1993,01 <= 7a,48,5.2632
1993,01 <= 7a,51,5.6541
1993,01 <= 7a,54,6.0752
1993,01 <= 7a,57,6.6266
1993,01 <= 7a,60,7.0777
1993,01 <= 7a,63,7.5589
1993,01 <= 7a,66,7.9799
1993,01 <= 7a,69,8.5013
1993,01 <= 7a,72,9.0526
1993,01 <= 7a,75,9.4536
1993,01 <= 7a,78,9.7243
1993,01 <= 7a,81,9.9449
1993,01 <= 7a,84,10.1554
1993,01 <= 7a,87,10.3459
1993,01 <= 7a,90,10.4762
1993,01 <= 7a,93,10.5564
1993,01 <= 7a,96,10.7268
1993,01 <= 7a,99,10.9173
1993,01 <= 7a,102,10.9875
1993,01 <= 7a,105,11.0977
1993,01 <= 7a,108,11.1779
1993,01 <= 7a,111,11.2882
1993,01 <= 7a,114,11.3684
1993,01 <= 7a,117,11.4185
1993,01 <= 7a,120,11.5188
1993,02 7-10a,0,0.0
1993,02 7-10a,3,0.0
1993,02 7-10a,6,0.0
1993,02 7-10a,9,0.0
1993,02 7-10a,12,0.0
1993,02 7-10a,15,0.0246
1993,02 7-10a,18,0.0737
1993,02 7-10a,21,0.344
1993,02 7-10a,24,0.516
1993,02 7-10a,27,0.7371
1993,02 7-10a,30,0.9582
1993,02 7-10a,33,1.1057
1993,02 7-10a,36,1.3514
1993,02 7-10a,39,1.769
1993,02 7-10a,42,2.1376
1993,02 7-10a,45,2.5553
1993,02 7-10a,48,2.9238
1993,02 7-10a,51,3.1941
1993,02 7-10a,54,3.4152
1993,02 7-10a,57,3.6364
1993,02 7-10a,60,3.8329
1993,02 7-10a,63,4.0049
1993,02 7-10a,66,4.2998
1993,02 7-10a,69,4.4717
1993,02 7-10a,72,4.6929
1993,02 7-10a,75,4.8894
1993,02 7-10a,78,5.0614
1993,02 7-10a,81,5.1597
1993,02 7-10a,84,5.258
1993,02 7-10a,87,5.3808
1993,02 7-10a,90,5.43
1993,02 7-10a,93,5.4545
1993,02 7-10a,96,5.4545
1993,02 7-10a,99,5.5528
1993,02 7-10a,102,5.5774
1993,02 7-10a,105,5.6757
1993,02 7-10a,108,5.7002
1993,02 7-10a,111,5.7494
1993,02 7-10a,114,5.8231
1993,02 7-10a,117,5.8231
1993,02 7-10a,120,5.9214
1993,03 10-20a,0,0.0
1993,03 10-20a,3,0.0
1993,03 10-20a,6,0.0
1993,03 10-20a,9,0.0
1993,03 10-20a,12,0.0
1993,03 10-20a,15,0.0
1993,03 10-20a,18,0.0
1993,03 10-20a,21,0.0
1993,03 10-20a,24,0.0322
1993,03 10-20a,27,0.0483
1993,03 10-20a,30,0.1289
1993,03 10-20a,33,0.2095
1993,03 10-20a,36,0.4028
1993,03 10-20a,39,0.5317
1993,03 10-20a,42,0.7734
1993,03 10-20a,45,1.0151
1993,03 10-20a,48,1.2407
1993,03 10-20a,51,1.3535
1993,03 10-20a,54,1.4663
1993,03 10-20a,57,1.7725
1993,03 10-20a,60,1.982
1993,03 10-20a,63,2.1431
1993,03 10-20a,66,2.3203
1993,03 10-20a,69,2.5137
1993,03 10-20a,72,2.7715
1993,03 10-20a,75,3.0616
1993,03 10-20a,78,3.271
1993,03 10-20a,81,3.4483
1993,03 10-20a,84,3.5611
1993,03 10-20a,87,3.69
1993,03 10-20a,90,3.8833
1993,03 10-20a,93,3.9639
1993,03 10-20a,96,4.1089
1993,03 10-20a,99,4.1895
1993,03 10-20a,102,4.2862
1993,03 10-20a,105,4.3829
1993,03 10-20a,108,4.399
1993,03 10-20a,111,4.4473
1993,03 10-20a,114,4.4795
1993,03 10-20a,117,4.5118
1993,03 10-20a,120,4.544
1993,04 > 20a,0,0.0
1993,04 > 20a,3,0.0
1993,04 > 20a,6,0.0
1993,04 > 20a,9,0.0
1993,04 > 20a,12,0.0
1993,04 > 20a,15,0.0322
1993,04 > 20a,18,0.0322
1993,04 > 20a,21,0.0645
1993,04 > 20a,24,0.1289
1993,04 > 20a,27,0.1934
1993,04 > 20a,30,0.29
1993,04 > 20a,33,0.3545
1993,04 > 20a,36,0.4512
1993,04 > 20a,39,0.5479
1993,04 > 20a,42,0.6768
1993,04 > 20a,45,0.8379
1993,04 > 20a,48,0.9668
1993,04 > 20a,51,1.0635
1993,04 > 20a,54,1.1279
1993,04 > 20a,57,1.2246
1993,04 > 20a,60,1.3858
1993,04 > 20a,63,1.3858
1993,04 > 20a,66,1.4824
1993,04 > 20a,69,1.6758
1993,04 > 20a,72,1.9336
1993,04 > 20a,75,1.9981
1993,04 > 20a,78,2.127
1993,04 > 20a,81,2.2881
1993,04 > 20a,84,2.3848
1993,04 > 20a,87,2.417
1993,04 > 20a,90,2.4815
1993,04 > 20a,93,2.5782
1993,04 > 20a,96,2.6104
1993,04 > 20a,99,2.6104
1993,04 > 20a,102,2.6426
1993,04 > 20a,105,2.6748
1993,04 > 20a,108,2.6748
1993,04 > 20a,111,2.6748
1993,04 > 20a,114,2.7071
1993,04 > 20a,117,2.7393
1993,04 > 20a,120,2.7715
1993,unknown,0,0.0
1993,unknown,3,0.0
1993,unknown,6,0.0
1993,unknown,9,0.0
1993,unknown,12,0.0
1993,unknown,15,0.0
1993,unknown,18,7.6923
1993,unknown,21,7.6923
1993,unknown,24,7.6923
1993,unknown,27,7.6923
1993,unknown,30,7.6923
1993,unknown,33,7.6923
1993,unknown,36,7.6923
1993,unknown,39,7.6923
1993,unknown,42,7.6923
1993,unknown,45,7.6923
1993,unknown,48,7.6923
1993,unknown,51,7.6923
1993,unknown,54,7.6923
1993,unknown,57,7.6923
1993,unknown,60,15.3846
1993,unknown,63,15.3846
1993,unknown,66,15.3846
1993,unknown,69,15.3846
1993,unknown,72,15.3846
1993,unknown,75,15.3846
1993,unknown,78,15.3846
1993,unknown,81,15.3846
1993,unknown,84,15.3846
1993,unknown,87,15.3846
1993,unknown,90,15.3846
1993,unknown,93,23.0769
1993,unknown,96,23.0769
1993,unknown,99,23.0769
1993,unknown,102,30.7692
1993,unknown,105,30.7692
1993,unknown,108,38.4615
1993,unknown,111,38.4615
1993,unknown,114,38.4615
1993,unknown,117,38.4615
1993,unknown,120,38.4615
1994,01 <= 7a,0,0.0
1994,01 <= 7a,3,0.0
1994,01 <= 7a,6,0.0
1994,01 <= 7a,9,0.0256
1994,01 <= 7a,12,0.0385
1994,01 <= 7a,15,0.1347
1994,01 <= 7a,18,0.3783
1994,01 <= 7a,21,0.7438
1994,01 <= 7a,24,1.353
1994,01 <= 7a,27,1.9942
1994,01 <= 7a,30,2.706
1994,01 <= 7a,33,3.4562
1994,01 <= 7a,36,4.3219
1994,01 <= 7a,39,4.9888
1994,01 <= 7a,42,5.7711
1994,01 <= 7a,45,6.3995
1994,01 <= 7a,48,7.1626
1994,01 <= 7a,51,7.8358
1994,01 <= 7a,54,8.5155
1994,01 <= 7a,57,9.2273
1994,01 <= 7a,60,9.8685
1994,01 <= 7a,63,10.4392
1994,01 <= 7a,66,11.0484
1994,01 <= 7a,69,11.6512
1994,01 <= 7a,72,12.0167
1994,01 <= 7a,75,12.3822
1994,01 <= 7a,78,12.6515
1994,01 <= 7a,81,12.8374
1994,01 <= 7a,84,13.0875
1994,01 <= 7a,87,13.2607
1994,01 <= 7a,90,13.4723
1994,01 <= 7a,93,13.6646
1994,01 <= 7a,96,13.8698
1994,01 <= 7a,99,14.0045
1994,01 <= 7a,102,14.1199
1994,01 <= 7a,105,14.2225
1994,01 <= 7a,108,14.3636
1994,01 <= 7a,111,14.4405
1994,01 <= 7a,114,14.5175
1994,01 <= 7a,117,14.5495
1994,01 <= 7a,120,14.5688
1994,02 7-10a,0,0.0
1994,02 7-10a,3,0.0
1994,02 7-10a,6,0.0
1994,02 7-10a,9,0.0
1994,02 7-10a,12,0.0368
1994,02 7-10a,15,0.0736
1994,02 7-10a,18,0.2024
1994,02 7-10a,21,0.3865
1994,02 7-10a,24,0.6993
1994,02 7-10a,27,1.1962
1994,02 7-10a,30,1.7298
1994,02 7-10a,33,2.1715
1994,02 7-10a,36,2.5212
1994,02 7-10a,39,2.834
1994,02 7-10a,42,3.2573
1994,02 7-10a,45,3.5517
1994,02 7-10a,48,3.8093
1994,02 7-10a,51,4.0486
1994,02 7-10a,54,4.4718
1994,02 7-10a,57,4.8215
1994,02 7-10a,60,5.0055
1994,02 7-10a,63,5.0791
1994,02 7-10a,66,5.1711
1994,02 7-10a,69,5.3
1994,02 7-10a,72,5.484
1994,02 7-10a,75,5.576
1994,02 7-10a,78,5.668
1994,02 7-10a,81,5.7784
1994,02 7-10a,84,5.9625
1994,02 7-10a,87,6.0361
1994,02 7-10a,90,6.0545
1994,02 7-10a,93,6.1833
1994,02 7-10a,96,6.2201
1994,02 7-10a,99,6.2753
1994,02 7-10a,102,6.3305
1994,02 7-10a,105,6.3305
1994,02 7-10a,108,6.4041
1994,02 7-10a,111,6.4409
1994,02 7-10a,114,6.4409
1994,02 7-10a,117,6.4593
1994,02 7-10a,120,6.4961
1994,03 10-20a,0,0.0
1994,03 10-20a,3,0.0
1994,03 10-20a,6,0.0
1994,03 10-20a,9,0.0
1994,03 10-20a,12,0.0139
1994,03 10-20a,15,0.0278
1994,03 10-20a,18,0.0278
1994,03 10-20a,21,0.0417
1994,03 10-20a,24,0.0833
1994,03 10-20a,27,0.2222
1994,03 10-20a,30,0.4306
1994,03 10-20a,33,0.5417
1994,03 10-20a,36,0.8056
1994,03 10-20a,39,0.9722
1994,03 10-20a,42,1.1667
1994,03 10-20a,45,1.3889
1994,03 10-20a,48,1.5972
1994,03 10-20a,51,1.75
1994,03 10-20a,54,1.9583
1994,03 10-20a,57,2.1528
1994,03 10-20a,60,2.3889
1994,03 10-20a,63,2.625
1994,03 10-20a,66,2.8056
1994,03 10-20a,69,2.9306
1994,03 10-20a,72,3.0833
1994,03 10-20a,75,3.1944
1994,03 10-20a,78,3.2778
1994,03 10-20a,81,3.3472
1994,03 10-20a,84,3.4722
1994,03 10-20a,87,3.5556
1994,03 10-20a,90,3.6806
1994,03 10-20a,93,3.7361
1994,03 10-20a,96,3.8194
1994,03 10-20a,99,3.9028
1994,03 10-20a,102,3.9722
1994,03 10-20a,105,4.0833
1994,03 10-20a,108,4.125
1994,03 10-20a,111,4.1806
1994,03 10-20a,114,4.2222
1994,03 10-20a,117,4.2361
1994,03 10-20a,120,4.25
1994,04 > 20a,0,0.0
1994,04 > 20a,3,0.0
1994,04 > 20a,6,0.0
1994,04 > 20a,9,0.0
1994,04 > 20a,12,0.0258
1994,04 > 20a,15,0.0258
1994,04 > 20a,18,0.0258
1994,04 > 20a,21,0.0258
1994,04 > 20a,24,0.1032
1994,04 > 20a,27,0.1032
1994,04 > 20a,30,0.1548
1994,04 > 20a,33,0.2839
1994,04 > 20a,36,0.4387
1994,04 > 20a,39,0.5419
1994,04 > 20a,42,0.5935
1994,04 > 20a,45,0.6968
1994,04 > 20a,48,0.9548
1994,04 > 20a,51,1.0581
1994,04 > 20a,54,1.1355
1994,04 > 20a,57,1.2903
1994,04 > 20a,60,1.3677
1994,04 > 20a,63,1.4452
1994,04 > 20a,66,1.6516
1994,04 > 20a,69,1.7548
1994,04 > 20a,72,1.8065
1994,04 > 20a,75,1.8581
1994,04 > 20a,78,1.8839
1994,04 > 20a,81,1.9871
1994,04 > 20a,84,2.0387
1994,04 > 20a,87,2.0387
1994,04 > 20a,90,2.0387
1994,04 > 20a,93,2.0387
1994,04 > 20a,96,2.0903
1994,04 > 20a,99,2.0903
1994,04 > 20a,102,2.1419
1994,04 > 20a,105,2.1677
1994,04 > 20a,108,2.1677
1994,04 > 20a,111,2.1677
1994,04 > 20a,114,2.2194
1994,04 > 20a,117,2.271
1994,04 > 20a,120,2.271
1994,unknown,0,0.0
1994,unknown,3,0.0
1994,unknown,6,0.0
1994,unknown,9,0.0
1994,unknown,12,0.0
1994,unknown,15,0.0
1994,unknown,18,0.0
1994,unknown,21,0.0
1994,unknown,24,0.0
1994,unknown,27,0.0
1994,unknown,30,0.0
1994,unknown,33,0.0
1994,unknown,36,0.0
1994,unknown,39,3.7037
1994,unknown,42,7.4074
1994,unknown,45,7.4074
1994,unknown,48,11.1111
1994,unknown,51,18.5185
1994,unknown,54,18.5185
1994,unknown,57,25.9259
1994,unknown,60,25.9259
1994,unknown,63,33.3333
1994,unknown,66,37.037
1994,unknown,69,40.7407
1994,unknown,72,40.7407
1994,unknown,75,40.7407
1994,unknown,78,48.1481
1994,unknown,81,48.1481
1994,unknown,84,51.8519
1994,unknown,87,51.8519
1994,unknown,90,51.8519
1994,unknown,93,55.5556
1994,unknown,96,55.5556
1994,unknown,99,55.5556
1994,unknown,102,55.5556
1994,unknown,105,55.5556
1994,unknown,108,62.963
1994,unknown,111,62.963
1994,unknown,114,62.963
1994,unknown,117,62.963
1994,unknown,120,62.963
1995,01 <= 7a,0,0.0
1995,01 <= 7a,3,0.0
1995,01 <= 7a,6,0.0
1995,01 <= 7a,9,0.0243
1995,01 <= 7a,12,0.1042
1995,01 <= 7a,15,0.3613
1995,01 <= 7a,18,0.733
1995,01 <= 7a,21,1.3271
1995,01 <= 7a,24,2.0254
1995,01 <= 7a,27,2.7863
1995,01 <= 7a,30,3.7208
1995,01 <= 7a,33,4.5789
1995,01 <= 7a,36,5.5031
1995,01 <= 7a,39,6.3403
1995,01 <= 7a,42,7.2089
1995,01 <= 7a,45,8.1434
1995,01 <= 7a,48,9.0258
1995,01 <= 7a,51,9.8666
1995,01 <= 7a,54,10.7594
1995,01 <= 7a,57,11.4786
1995,01 <= 7a,60,12.0866
1995,01 <= 7a,63,12.6216
1995,01 <= 7a,66,13.0454
1995,01 <= 7a,69,13.4832
1995,01 <= 7a,72,13.9036
1995,01 <= 7a,75,14.2232
1995,01 <= 7a,78,14.5497
1995,01 <= 7a,81,14.8173
1995,01 <= 7a,84,15.0639
1995,01 <= 7a,87,15.3071
1995,01 <= 7a,90,15.4947
1995,01 <= 7a,93,15.7066
1995,01 <= 7a,96,15.8734
1995,01 <= 7a,99,16.0297
1995,01 <= 7a,102,16.1444
1995,01 <= 7a,105,16.2382
1995,01 <= 7a,108,16.2903
1995,01 <= 7a,111,16.3563
1995,01 <= 7a,114,16.3876
1995,01 <= 7a,117,16.3911
1995,01 <= 7a,120,16.4119
1995,02 7-10a,0,0.0
1995,02 7-10a,3,0.0
1995,02 7-10a,6,0.0
1995,02 7-10a,9,0.0
1995,02 7-10a,12,0.0487
1995,02 7-10a,15,0.146
1995,02 7-10a,18,0.365
1995,02 7-10a,21,0.6934
1995,02 7-10a,24,1.1436
1995,02 7-10a,27,1.6058
1995,02 7-10a,30,2.1776
1995,02 7-10a,33,2.6156
1995,02 7-10a,36,3.1752
1995,02 7-10a,39,3.6618
1995,02 7-10a,42,4.1241
1995,02 7-10a,45,4.4769
1995,02 7-10a,48,4.7445
1995,02 7-10a,51,4.9878
1995,02 7-10a,54,5.1946
1995,02 7-10a,57,5.3528
1995,02 7-10a,60,5.4501
1995,02 7-10a,63,5.5596
1995,02 7-10a,66,5.7421
1995,02 7-10a,69,5.8151
1995,02 7-10a,72,5.8637
1995,02 7-10a,75,5.9611
1995,02 7-10a,78,6.0827
1995,02 7-10a,81,6.1922
1995,02 7-10a,84,6.3139
1995,02 7-10a,87,6.3747
1995,02 7-10a,90,6.472
1995,02 7-10a,93,6.545
1995,02 7-10a,96,6.5693
1995,02 7-10a,99,6.618
1995,02 7-10a,102,6.6788
1995,02 7-10a,105,6.7032
1995,02 7-10a,108,6.7518
1995,02 7-10a,111,6.7518
1995,02 7-10a,114,6.7518
1995,02 7-10a,117,6.7518
1995,02 7-10a,120,6.7518
1995,03 10-20a,0,0.0
1995,03 10-20a,3,0.0
1995,03 10-20a,6,0.0
1995,03 10-20a,9,0.0
1995,03 10-20a,12,0.0
1995,03 10-20a,15,0.0266
1995,03 10-20a,18,0.0531
1995,03 10-20a,21,0.1063
1995,03 10-20a,24,0.279
1995,03 10-20a,27,0.4385
1995,03 10-20a,30,0.6511
1995,03 10-20a,33,0.8238
1995,03 10-20a,36,1.0364
1995,03 10-20a,39,1.1693
1995,03 10-20a,42,1.4616
1995,03 10-20a,45,1.6742
1995,03 10-20a,48,2.0064
1995,03 10-20a,51,2.2987
1995,03 10-20a,54,2.6176
1995,03 10-20a,57,2.9099
1995,03 10-20a,60,3.0561
1995,03 10-20a,63,3.2022
1995,03 10-20a,66,3.4547
1995,03 10-20a,69,3.6407
1995,03 10-20a,72,3.8533
1995,03 10-20a,75,3.9995
1995,03 10-20a,78,4.1456
1995,03 10-20a,81,4.2386
1995,03 10-20a,84,4.3051
1995,03 10-20a,87,4.5177
1995,03 10-20a,90,4.6771
1995,03 10-20a,93,4.7701
1995,03 10-20a,96,4.8233
1995,03 10-20a,99,4.9296
1995,03 10-20a,102,5.0625
1995,03 10-20a,105,5.1555
1995,03 10-20a,108,5.182
1995,03 10-20a,111,5.182
1995,03 10-20a,114,5.2086
1995,03 10-20a,117,5.2618
1995,03 10-20a,120,5.2618
1995,04 > 20a,0,0.0
1995,04 > 20a,3,0.0
1995,04 > 20a,6,0.0
1995,04 > 20a,9,0.0
1995,04 > 20a,12,0.0
1995,04 > 20a,15,0.0243
1995,04 > 20a,18,0.0486
1995,04 > 20a,21,0.0486
1995,04 > 20a,24,0.0728
1995,04 > 20a,27,0.0971
1995,04 > 20a,30,0.1699
1995,04 > 20a,33,0.2428
1995,04 > 20a,36,0.2913
1995,04 > 20a,39,0.3884
1995,04 > 20a,42,0.5341
1995,04 > 20a,45,0.6555
1995,04 > 20a,48,0.7526
1995,04 > 20a,51,0.9226
1995,04 > 20a,54,1.0439
1995,04 > 20a,57,1.1653
1995,04 > 20a,60,1.2624
1995,04 > 20a,63,1.311
1995,04 > 20a,66,1.4324
1995,04 > 20a,69,1.6023
1995,04 > 20a,72,1.6752
1995,04 > 20a,75,1.7723
1995,04 > 20a,78,1.8451
1995,04 > 20a,81,1.9422
1995,04 > 20a,84,1.9908
1995,04 > 20a,87,2.0393
1995,04 > 20a,90,2.0636
1995,04 > 20a,93,2.1122
1995,04 > 20a,96,2.1607
1995,04 > 20a,99,2.185
1995,04 > 20a,102,2.185
1995,04 > 20a,105,2.185
1995,04 > 20a,108,2.185
1995,04 > 20a,111,2.2093
1995,04 > 20a,114,2.2093
1995,04 > 20a,117,2.2093
1995,04 > 20a,120,2.2093
1995,unknown,0,0.0
1995,unknown,3,0.0
1995,unknown,6,0.0
1995,unknown,9,0.0
1995,unknown,12,0.0
1995,unknown,15,0.0
1995,unknown,18,2.0
1995,unknown,21,2.0
1995,unknown,24,2.0
1995,unknown,27,4.0
1995,unknown,30,4.0
1995,unknown,33,4.0
1995,unknown,36,4.0
1995,unknown,39,6.0
1995,unknown,42,6.0
1995,unknown,45,6.0
1995,unknown,48,6.0
1995,unknown,51,6.0
1995,unknown,54,8.0
1995,unknown,57,8.0
1995,unknown,60,8.0
1995,unknown,63,12.0
1995,unknown,66,16.0
1995,unknown,69,16.0
1995,unknown,72,16.0
1995,unknown,75,16.0
1995,unknown,78,16.0
1995,unknown,81,18.0
1995,unknown,84,22.0
1995,unknown,87,26.0
1995,unknown,90,30.0
1995,unknown,93,32.0
1995,unknown,96,32.0
1995,unknown,99,32.0
1995,unknown,102,34.0
1995,unknown,105,34.0
1995,unknown,108,34.0
1995,unknown,111,36.0
1995,unknown,114,36.0
1995,unknown,117,36.0
1995,unknown,120,36.0
1996,01 <= 7a,0,0.0044
1996,01 <= 7a,3,0.0044
1996,01 <= 7a,6,0.0044
1996,01 <= 7a,9,0.035
1996,01 <= 7a,12,0.0962
1996,01 <= 7a,15,0.3149
1996,01 <= 7a,18,0.6824
1996,01 <= 7a,21,1.1942
1996,01 <= 7a,24,1.7716
1996,01 <= 7a,27,2.4452
1996,01 <= 7a,30,3.1976
1996,01 <= 7a,33,4.0287
1996,01 <= 7a,36,4.9517
1996,01 <= 7a,39,5.8265
1996,01 <= 7a,42,6.7101
1996,01 <= 7a,45,7.6637
1996,01 <= 7a,48,8.4817
1996,01 <= 7a,51,9.3128
1996,01 <= 7a,54,10.0433
1996,01 <= 7a,57,10.6732
1996,01 <= 7a,60,11.2069
1996,01 <= 7a,63,11.828
1996,01 <= 7a,66,12.3748
1996,01 <= 7a,69,12.8822
1996,01 <= 7a,72,13.3546
1996,01 <= 7a,75,13.8183
1996,01 <= 7a,78,14.1989
1996,01 <= 7a,81,14.5182
1996,01 <= 7a,84,14.7763
1996,01 <= 7a,87,15.0475
1996,01 <= 7a,90,15.2793
1996,01 <= 7a,93,15.4368
1996,01 <= 7a,96,15.5461
1996,01 <= 7a,99,15.5899
1996,01 <= 7a,102,15.6249
1996,01 <= 7a,105,15.6642
1996,01 <= 7a,108,15.6686
1996,01 <= 7a,111,15.7298
1996,01 <= 7a,114,15.7998
1996,01 <= 7a,117,16.0142
1996,01 <= 7a,120,16.2504
1996,02 7-10a,0,0.0
1996,02 7-10a,3,0.0
1996,02 7-10a,6,0.0
1996,02 7-10a,9,0.0
1996,02 7-10a,12,0.057
1996,02 7-10a,15,0.1425
1996,02 7-10a,18,0.2993
1996,02 7-10a,21,0.5415
1996,02 7-10a,24,0.9263
1996,02 7-10a,27,1.1116
1996,02 7-10a,30,1.5961
1996,02 7-10a,33,2.4512
1996,02 7-10a,36,3.0497
1996,02 7-10a,39,3.6625
1996,02 7-10a,42,4.2896
1996,02 7-10a,45,4.8881
1996,02 7-10a,48,5.3869
1996,02 7-10a,51,5.5722
1996,02 7-10a,54,5.7859
1996,02 7-10a,57,5.9
1996,02 7-10a,60,6.1137
1996,02 7-10a,63,6.2705
1996,02 7-10a,66,6.3987
1996,02 7-10a,69,6.47
1996,02 7-10a,72,6.5983
1996,02 7-10a,75,6.7693
1996,02 7-10a,78,6.9403
1996,02 7-10a,81,7.1826
1996,02 7-10a,84,7.3393
1996,02 7-10a,87,7.4106
1996,02 7-10a,90,7.5103
1996,02 7-10a,93,7.5388
1996,02 7-10a,96,7.5816
1996,02 7-10a,99,7.6528
1996,02 7-10a,102,7.6813
1996,02 7-10a,105,7.6956
1996,02 7-10a,108,7.7098
1996,02 7-10a,111,7.7383
1996,02 7-10a,114,7.7526
1996,02 7-10a,117,7.7811
1996,02 7-10a,120,7.8666
1996,03 10-20a,0,0.0
1996,03 10-20a,3,0.0
1996,03 10-20a,6,0.0
1996,03 10-20a,9,0.0
1996,03 10-20a,12,0.0
1996,03 10-20a,15,0.0173
1996,03 10-20a,18,0.0693
1996,03 10-20a,21,0.1386
1996,03 10-20a,24,0.2426
1996,03 10-20a,27,0.3465
1996,03 10-20a,30,0.4678
1996,03 10-20a,33,0.6584
1996,03 10-20a,36,0.8489
1996,03 10-20a,39,1.1954
1996,03 10-20a,42,1.4207
1996,03 10-20a,45,1.7325
1996,03 10-20a,48,1.8711
1996,03 10-20a,51,2.2176
1996,03 10-20a,54,2.3909
1996,03 10-20a,57,2.7547
1996,03 10-20a,60,3.0319
1996,03 10-20a,63,3.3264
1996,03 10-20a,66,3.6383
1996,03 10-20a,69,3.8808
1996,03 10-20a,72,4.1234
1996,03 10-20a,75,4.3659
1996,03 10-20a,78,4.5045
1996,03 10-20a,81,4.7124
1996,03 10-20a,84,5.0936
1996,03 10-20a,87,5.2668
1996,03 10-20a,90,5.4401
1996,03 10-20a,93,5.492
1996,03 10-20a,96,5.5787
1996,03 10-20a,99,5.6133
1996,03 10-20a,102,5.6826
1996,03 10-20a,105,5.6826
1996,03 10-20a,108,5.6826
1996,03 10-20a,111,5.6826
1996,03 10-20a,114,5.7519
1996,03 10-20a,117,5.8732
1996,03 10-20a,120,6.0118
1996,04 > 20a,0,0.0
1996,04 > 20a,3,0.0
1996,04 > 20a,6,0.0
1996,04 > 20a,9,0.0
1996,04 > 20a,12,0.0
1996,04 > 20a,15,0.0
1996,04 > 20a,18,0.0247
1996,04 > 20a,21,0.0247
1996,04 > 20a,24,0.074
1996,04 > 20a,27,0.1481
1996,04 > 20a,30,0.3208
1996,04 > 20a,33,0.3702
1996,04 > 20a,36,0.5183
1996,04 > 20a,39,0.691
1996,04 > 20a,42,0.7651
1996,04 > 20a,45,1.0612
1996,04 > 20a,48,1.0859
1996,04 > 20a,51,1.1352
1996,04 > 20a,54,1.3327
1996,04 > 20a,57,1.5795
1996,04 > 20a,60,1.7522
1996,04 > 20a,63,1.8509
1996,04 > 20a,66,1.9743
1996,04 > 20a,69,2.1964
1996,04 > 20a,72,2.3198
1996,04 > 20a,75,2.4432
1996,04 > 20a,78,2.542
1996,04 > 20a,81,2.616
1996,04 > 20a,84,2.7147
1996,04 > 20a,87,2.7641
1996,04 > 20a,90,2.7887
1996,04 > 20a,93,2.8381
1996,04 > 20a,96,2.8628
1996,04 > 20a,99,2.8875
1996,04 > 20a,102,2.8875
1996,04 > 20a,105,2.9121
1996,04 > 20a,108,2.9368
1996,04 > 20a,111,2.9368
1996,04 > 20a,114,2.9368
1996,04 > 20a,117,2.9615
1996,04 > 20a,120,2.9615
1996,unknown,0,0.0
1996,unknown,3,0.0
1996,unknown,6,0.0
1996,unknown,9,0.0
1996,unknown,12,0.0
1996,unknown,15,2.381
1996,unknown,18,2.381
1996,unknown,21,4.7619
1996,unknown,24,7.1429
1996,unknown,27,9.5238
1996,unknown,30,9.5238
1996,unknown,33,9.5238
1996,unknown,36,11.9048
1996,unknown,39,11.9048
1996,unknown,42,11.9048
1996,unknown,45,11.9048
1996,unknown,48,11.9048
1996,unknown,51,16.6667
1996,unknown,54,16.6667
1996,unknown,57,16.6667
1996,unknown,60,21.4286
1996,unknown,63,33.3333
1996,unknown,66,42.8571
1996,unknown,69,45.2381
1996,unknown,72,47.619
1996,unknown,75,52.381
1996,unknown,78,54.7619
1996,unknown,81,54.7619
1996,unknown,84,54.7619
1996,unknown,87,59.5238
1996,unknown,90,61.9048
1996,unknown,93,61.9048
1996,unknown,96,61.9048
1996,unknown,99,61.9048
1996,unknown,102,64.2857
1996,unknown,105,64.2857
1996,unknown,108,64.2857
1996,unknown,111,64.2857
1996,unknown,114,64.2857
1996,unknown,117,66.6667
1996,unknown,120,66.6667
1997,01 <= 7a,0,0.0
1997,01 <= 7a,3,0.0
1997,01 <= 7a,6,0.0
1997,01 <= 7a,9,0.0097
1997,01 <= 7a,12,0.0725
1997,01 <= 7a,15,0.2369
1997,01 <= 7a,18,0.4641
1997,01 <= 7a,21,0.9283
1997,01 <= 7a,24,1.4649
1997,01 <= 7a,27,2.0837
1997,01 <= 7a,30,2.8428
1997,01 <= 7a,33,3.5293
1997,01 <= 7a,36,4.298
1997,01 <= 7a,39,5.057
1997,01 <= 7a,42,5.8161
1997,01 <= 7a,45,6.551
1997,01 <= 7a,48,7.2617
1997,01 <= 7a,51,8.1222
1997,01 <= 7a,54,8.9344
1997,01 <= 7a,57,9.6016
1997,01 <= 7a,60,10.4138
1997,01 <= 7a,63,11.0762
1997,01 <= 7a,66,11.7047
1997,01 <= 7a,69,12.1737
1997,01 <= 7a,72,12.6716
1997,01 <= 7a,75,13.1503
1997,01 <= 7a,78,13.5129
1997,01 <= 7a,81,13.7449
1997,01 <= 7a,84,13.9528
1997,01 <= 7a,87,14.064
1997,01 <= 7a,90,14.18
1997,01 <= 7a,93,14.2381
1997,01 <= 7a,96,14.2719
1997,01 <= 7a,99,14.3589
1997,01 <= 7a,102,14.4314
1997,01 <= 7a,105,14.7167
1997,01 <= 7a,108,15.0986
1997,01 <= 7a,111,15.5386
1997,01 <= 7a,114,15.8093
1997,01 <= 7a,117,15.993
1997,01 <= 7a,120,16.0752
1997,02 7-10a,0,0.0
1997,02 7-10a,3,0.0
1997,02 7-10a,6,0.0
1997,02 7-10a,9,0.0283
1997,02 7-10a,12,0.0707
1997,02 7-10a,15,0.1979
1997,02 7-10a,18,0.3817
1997,02 7-10a,21,0.6786
1997,02 7-10a,24,1.0745
1997,02 7-10a,27,1.6542
1997,02 7-10a,30,2.248
1997,02 7-10a,33,2.7428
1997,02 7-10a,36,3.4215
1997,02 7-10a,39,3.9304
1997,02 7-10a,42,4.397
1997,02 7-10a,45,4.807
1997,02 7-10a,48,5.1746
1997,02 7-10a,51,5.5281
1997,02 7-10a,54,5.7684
1997,02 7-10a,57,5.9946
1997,02 7-10a,60,6.0936
1997,02 7-10a,63,6.2633
1997,02 7-10a,66,6.4046
1997,02 7-10a,69,6.5884
1997,02 7-10a,72,6.7015
1997,02 7-10a,75,6.8146
1997,02 7-10a,78,6.9136
1997,02 7-10a,81,7.0267
1997,02 7-10a,84,7.0833
1997,02 7-10a,87,7.1681
1997,02 7-10a,90,7.2105
1997,02 7-10a,93,7.2388
1997,02 7-10a,96,7.2388
1997,02 7-10a,99,7.2529
1997,02 7-10a,102,7.2812
1997,02 7-10a,105,7.3943
1997,02 7-10a,108,7.564
1997,02 7-10a,111,7.7619
1997,02 7-10a,114,7.8892
1997,02 7-10a,117,7.9881
1997,02 7-10a,120,8.0305
1997,03 10-20a,0,0.0
1997,03 10-20a,3,0.0
1997,03 10-20a,6,0.0
1997,03 10-20a,9,0.0
1997,03 10-20a,12,0.0
1997,03 10-20a,15,0.0
1997,03 10-20a,18,0.017
1997,03 10-20a,21,0.0852
1997,03 10-20a,24,0.1874
1997,03 10-20a,27,0.2215
1997,03 10-20a,30,0.3237
1997,03 10-20a,33,0.5793
1997,03 10-20a,36,0.8349
1997,03 10-20a,39,1.0734
1997,03 10-20a,42,1.3631
1997,03 10-20a,45,1.7039
1997,03 10-20a,48,1.9594
1997,03 10-20a,51,2.1469
1997,03 10-20a,54,2.4195
1997,03 10-20a,57,2.6069
1997,03 10-20a,60,2.9988
1997,03 10-20a,63,3.4418
1997,03 10-20a,66,3.7655
1997,03 10-20a,69,4.0552
1997,03 10-20a,72,4.4301
1997,03 10-20a,75,4.5834
1997,03 10-20a,78,4.7879
1997,03 10-20a,81,4.9583
1997,03 10-20a,84,5.0264
1997,03 10-20a,87,5.0946
1997,03 10-20a,90,5.0946
1997,03 10-20a,93,5.1457
1997,03 10-20a,96,5.1798
1997,03 10-20a,99,5.2138
1997,03 10-20a,102,5.3501
1997,03 10-20a,105,5.4865
1997,03 10-20a,108,5.708
1997,03 10-20a,111,5.9465
1997,03 10-20a,114,6.1339
1997,03 10-20a,117,6.3213
1997,03 10-20a,120,6.3725
1997,04 > 20a,0,0.0
1997,04 > 20a,3,0.0
1997,04 > 20a,6,0.0
1997,04 > 20a,9,0.0
1997,04 > 20a,12,0.0
1997,04 > 20a,15,0.0194
1997,04 > 20a,18,0.0194
1997,04 > 20a,21,0.0581
1997,04 > 20a,24,0.0581
1997,04 > 20a,27,0.0968
1997,04 > 20a,30,0.1355
1997,04 > 20a,33,0.213
1997,04 > 20a,36,0.2904
1997,04 > 20a,39,0.4066
1997,04 > 20a,42,0.4647
1997,04 > 20a,45,0.5808
1997,04 > 20a,48,0.6583
1997,04 > 20a,51,0.7551
1997,04 > 20a,54,0.8519
1997,04 > 20a,57,0.9874
1997,04 > 20a,60,1.181
1997,04 > 20a,63,1.3553
1997,04 > 20a,66,1.5489
1997,04 > 20a,69,1.6263
1997,04 > 20a,72,1.8199
1997,04 > 20a,75,1.9361
1997,04 > 20a,78,2.0523
1997,04 > 20a,81,2.1104
1997,04 > 20a,84,2.1491
1997,04 > 20a,87,2.1491
1997,04 > 20a,90,2.1491
1997,04 > 20a,93,2.1491
1997,04 > 20a,96,2.1491
1997,04 > 20a,99,2.1491
1997,04 > 20a,102,2.1684
1997,04 > 20a,105,2.1684
1997,04 > 20a,108,2.2072
1997,04 > 20a,111,2.2652
1997,04 > 20a,114,2.3233
1997,04 > 20a,117,2.3427
1997,04 > 20a,120,2.3427
1997,unknown,0,0.0
1997,unknown,3,0.0
1997,unknown,6,0.0
1997,unknown,9,0.0
1997,unknown,12,0.0
1997,unknown,15,3.125
1997,unknown,18,3.125
1997,unknown,21,6.25
1997,unknown,24,6.25
1997,unknown,27,6.25
1997,unknown,30,6.25
1997,unknown,33,9.375
1997,unknown,36,9.375
1997,unknown,39,12.5
1997,unknown,42,12.5
1997,unknown,45,12.5
1997,unknown,48,12.5
1997,unknown,51,15.625
1997,unknown,54,15.625
1997,unknown,57,15.625
1997,unknown,60,18.75
1997,unknown,63,25.0
1997,unknown,66,34.375
1997,unknown,69,37.5
1997,unknown,72,43.75
1997,unknown,75,43.75
1997,unknown,78,43.75
1997,unknown,81,43.75
1997,unknown,84,46.875
1997,unknown,87,46.875
1997,unknown,90,46.875
1997,unknown,93,46.875
1997,unknown,96,46.875
1997,unknown,99,46.875
1997,unknown,102,46.875
1997,unknown,105,50.0
1997,unknown,108,53.125
1997,unknown,111,71.875
1997,unknown,114,75.0
1997,unknown,117,78.125
1997,unknown,120,81.25
1998,01 <= 7a,0,0.0
1998,01 <= 7a,3,0.0
1998,01 <= 7a,6,0.0052
1998,01 <= 7a,9,0.0313
1998,01 <= 7a,12,0.1306
1998,01 <= 7a,15,0.2612
1998,01 <= 7a,18,0.5432
1998,01 <= 7a,21,0.9768
1998,01 <= 7a,24,1.6192
1998,01 <= 7a,27,2.3662
1998,01 <= 7a,30,3.0556
1998,01 <= 7a,33,3.7869
1998,01 <= 7a,36,4.539
1998,01 <= 7a,39,5.2024
1998,01 <= 7a,42,5.9807
1998,01 <= 7a,45,6.8791
1998,01 <= 7a,48,7.7253
1998,01 <= 7a,51,8.6811
1998,01 <= 7a,54,9.5168
1998,01 <= 7a,57,10.2638
1998,01 <= 7a,60,11.0055
1998,01 <= 7a,63,11.6688
1998,01 <= 7a,66,12.1494
1998,01 <= 7a,69,12.5829
1998,01 <= 7a,72,12.8598
1998,01 <= 7a,75,13.0791
1998,01 <= 7a,78,13.2097
1998,01 <= 7a,81,13.2776
1998,01 <= 7a,84,13.3612
1998,01 <= 7a,87,13.45
1998,01 <= 7a,90,13.6171
1998,01 <= 7a,93,14.035
1998,01 <= 7a,96,14.667
1998,01 <= 7a,99,15.3095
1998,01 <= 7a,102,15.8684
1998,01 <= 7a,105,16.2131
1998,01 <= 7a,108,16.3646
1998,01 <= 7a,111,16.4377
1998,01 <= 7a,114,16.5578
1998,01 <= 7a,117,16.6362
1998,01 <= 7a,120,16.8295
1998,02 7-10a,0,0.0154
1998,02 7-10a,3,0.0154
1998,02 7-10a,6,0.0154
1998,02 7-10a,9,0.0308
1998,02 7-10a,12,0.0771
1998,02 7-10a,15,0.2312
1998,02 7-10a,18,0.3699
1998,02 7-10a,21,0.6318
1998,02 7-10a,24,0.9401
1998,02 7-10a,27,1.2637
1998,02 7-10a,30,1.8955
1998,02 7-10a,33,2.4965
1998,02 7-10a,36,3.2362
1998,02 7-10a,39,3.8219
1998,02 7-10a,42,4.3458
1998,02 7-10a,45,4.654
1998,02 7-10a,48,4.9622
1998,02 7-10a,51,5.178
1998,02 7-10a,54,5.4554
1998,02 7-10a,57,5.7174
1998,02 7-10a,60,6.0256
1998,02 7-10a,63,6.2567
1998,02 7-10a,66,6.4417
1998,02 7-10a,69,6.4571
1998,02 7-10a,72,6.5033
1998,02 7-10a,75,6.5495
1998,02 7-10a,78,6.565
1998,02 7-10a,81,6.5958
1998,02 7-10a,84,6.642
1998,02 7-10a,87,6.642
1998,02 7-10a,90,6.6574
1998,02 7-10a,93,6.7807
1998,02 7-10a,96,6.9348
1998,02 7-10a,99,7.1197
1998,02 7-10a,102,7.3817
1998,02 7-10a,105,7.505
1998,02 7-10a,108,7.5512
1998,02 7-10a,111,7.6129
1998,02 7-10a,114,7.6745
1998,02 7-10a,117,7.7362
1998,02 7-10a,120,7.8132
1998,03 10-20a,0,0.0
1998,03 10-20a,3,0.0
1998,03 10-20a,6,0.0
1998,03 10-20a,9,0.0
1998,03 10-20a,12,0.0
1998,03 10-20a,15,0.0182
1998,03 10-20a,18,0.0364
1998,03 10-20a,21,0.0911
1998,03 10-20a,24,0.1093
1998,03 10-20a,27,0.2733
1998,03 10-20a,30,0.419
1998,03 10-20a,33,0.6012
1998,03 10-20a,36,0.7652
1998,03 10-20a,39,0.8563
1998,03 10-20a,42,1.2388
1998,03 10-20a,45,1.5668
1998,03 10-20a,48,2.0222
1998,03 10-20a,51,2.5323
1998,03 10-20a,54,3.0607
1998,03 10-20a,57,3.4979
1998,03 10-20a,60,3.8987
1998,03 10-20a,63,4.427
1998,03 10-20a,66,4.8461
1998,03 10-20a,69,5.1011
1998,03 10-20a,72,5.2104
1998,03 10-20a,75,5.3015
1998,03 10-20a,78,5.3562
1998,03 10-20a,81,5.429
1998,03 10-20a,84,5.5383
1998,03 10-20a,87,5.6477
1998,03 10-20a,90,5.757
1998,03 10-20a,93,5.9756
1998,03 10-20a,96,6.3582
1998,03 10-20a,99,6.6679
1998,03 10-20a,102,7.0505
1998,03 10-20a,105,7.2326
1998,03 10-20a,108,7.433
1998,03 10-20a,111,7.5606
1998,03 10-20a,114,7.5788
1998,03 10-20a,117,7.7245
1998,03 10-20a,120,7.9614
1998,04 > 20a,0,0.0
1998,04 > 20a,3,0.0
1998,04 > 20a,6,0.0
1998,04 > 20a,9,0.0
1998,04 > 20a,12,0.0
1998,04 > 20a,15,0.0
1998,04 > 20a,18,0.0
1998,04 > 20a,21,0.0823
1998,04 > 20a,24,0.1234
1998,04 > 20a,27,0.1851
1998,04 > 20a,30,0.2468
1998,04 > 20a,33,0.2879
1998,04 > 20a,36,0.3702
1998,04 > 20a,39,0.4525
1998,04 > 20a,42,0.6787
1998,04 > 20a,45,0.8021
1998,04 > 20a,48,1.0284
1998,04 > 20a,51,1.2135
1998,04 > 20a,54,1.4192
1998,04 > 20a,57,1.5014
1998,04 > 20a,60,1.7688
1998,04 > 20a,63,1.9128
1998,04 > 20a,66,2.0568
1998,04 > 20a,69,2.1185
1998,04 > 20a,72,2.1802
1998,04 > 20a,75,2.2213
1998,04 > 20a,78,2.2624
1998,04 > 20a,81,2.283
1998,04 > 20a,84,2.3241
1998,04 > 20a,87,2.3241
1998,04 > 20a,90,2.3858
1998,04 > 20a,93,2.4476
1998,04 > 20a,96,2.5093
1998,04 > 20a,99,2.5915
1998,04 > 20a,102,2.6327
1998,04 > 20a,105,2.6738
1998,04 > 20a,108,2.7766
1998,04 > 20a,111,2.8383
1998,04 > 20a,114,2.8383
1998,04 > 20a,117,2.9
1998,04 > 20a,120,2.9412
1998,unknown,0,0.0
1998,unknown,3,0.0
1998,unknown,6,0.0
1998,unknown,9,0.0
1998,unknown,12,0.0
1998,unknown,15,3.0303
1998,unknown,18,3.0303
1998,unknown,21,6.0606
1998,unknown,24,6.0606
1998,unknown,27,6.0606
1998,unknown,30,6.0606
1998,unknown,33,6.0606
1998,unknown,36,6.0606
1998,unknown,39,6.0606
1998,unknown,42,6.0606
1998,unknown,45,6.0606
1998,unknown,48,12.1212
1998,unknown,51,15.1515
1998,unknown,54,18.1818
1998,unknown,57,18.1818
1998,unknown,60,18.1818
1998,unknown,63,27.2727
1998,unknown,66,33.3333
1998,unknown,69,33.3333
1998,unknown,72,36.3636
1998,unknown,75,36.3636
1998,unknown,78,39.3939
1998,unknown,81,39.3939
1998,unknown,84,39.3939
1998,unknown,87,39.3939
1998,unknown,90,39.3939
1998,unknown,93,39.3939
1998,unknown,96,42.4242
1998,unknown,99,54.5455
1998,unknown,102,57.5758
1998,unknown,105,63.6364
1998,unknown,108,69.697
1998,unknown,111,69.697
1998,unknown,114,69.697
1998,unknown,117,69.697
1998,unknown,120,69.697
1999,01 <= 7a,0,0.0
1999,01 <= 7a,3,0.0
1999,01 <= 7a,6,0.0
1999,01 <= 7a,9,0.0053
1999,01 <= 7a,12,0.0742
1999,01 <= 7a,15,0.2119
1999,01 <= 7a,18,0.5668
1999,01 <= 7a,21,0.9005
1999,01 <= 7a,24,1.4832
1999,01 <= 7a,27,2.0553
1999,01 <= 7a,30,2.7227
1999,01 <= 7a,33,3.4696
1999,01 <= 7a,36,4.3649
1999,01 <= 7a,39,5.3713
1999,01 <= 7a,42,6.3725
1999,01 <= 7a,45,7.3843
1999,01 <= 7a,48,8.3377
1999,01 <= 7a,51,9.18
1999,01 <= 7a,54,9.8792
1999,01 <= 7a,57,10.4407
1999,01 <= 7a,60,10.8115
1999,01 <= 7a,63,11.0287
1999,01 <= 7a,66,11.2247
1999,01 <= 7a,69,11.3783
1999,01 <= 7a,72,11.5108
1999,01 <= 7a,75,11.6485
1999,01 <= 7a,78,11.9769
1999,01 <= 7a,81,12.6338
1999,01 <= 7a,84,13.6031
1999,01 <= 7a,87,14.5407
1999,01 <= 7a,90,15.3247
1999,01 <= 7a,93,15.8703
1999,01 <= 7a,96,16.061
1999,01 <= 7a,99,16.2093
1999,01 <= 7a,102,16.3206
1999,01 <= 7a,105,16.5272
1999,01 <= 7a,108,16.7497
1999,01 <= 7a,111,17.041
1999,01 <= 7a,114,17.2688
1999,01 <= 7a,117,17.4277
1999,01 <= 7a,120,17.5442
1999,02 7-10a,0,0.0
1999,02 7-10a,3,0.0
1999,02 7-10a,6,0.0
1999,02 7-10a,9,0.0
1999,02 7-10a,12,0.0145
1999,02 7-10a,15,0.0727
1999,02 7-10a,18,0.2472
1999,02 7-10a,21,0.509
1999,02 7-10a,24,0.9744
1999,02 7-10a,27,1.4398
1999,02 7-10a,30,1.9197
1999,02 7-10a,33,2.516
1999,02 7-10a,36,3.4177
1999,02 7-10a,39,4.1158
1999,02 7-10a,42,4.8138
1999,02 7-10a,45,5.3956
1999,02 7-10a,48,5.8319
1999,02 7-10a,51,6.1518
1999,02 7-10a,54,6.3118
1999,02 7-10a,57,6.4427
1999,02 7-10a,60,6.6027
1999,02 7-10a,63,6.6754
1999,02 7-10a,66,6.719
1999,02 7-10a,69,6.7481
1999,02 7-10a,72,6.7772
1999,02 7-10a,75,6.7772
1999,02 7-10a,78,6.8063
1999,02 7-10a,81,6.9663
1999,02 7-10a,84,7.199
1999,02 7-10a,87,7.4026
1999,02 7-10a,90,7.6353
1999,02 7-10a,93,7.8534
1999,02 7-10a,96,7.9261
1999,02 7-10a,99,8.0425
1999,02 7-10a,102,8.1443
1999,02 7-10a,105,8.3042
1999,02 7-10a,108,8.3915
1999,02 7-10a,111,8.5515
1999,02 7-10a,114,8.7115
1999,02 7-10a,117,8.8278
1999,02 7-10a,120,8.8424
1999,03 10-20a,0,0.0
1999,03 10-20a,3,0.0
1999,03 10-20a,6,0.0
1999,03 10-20a,9,0.0
1999,03 10-20a,12,0.0171
1999,03 10-20a,15,0.0171
1999,03 10-20a,18,0.0513
1999,03 10-20a,21,0.0685
1999,03 10-20a,24,0.1027
1999,03 10-20a,27,0.154
1999,03 10-20a,30,0.3081
1999,03 10-20a,33,0.599
1999,03 10-20a,36,0.8728
1999,03 10-20a,39,1.2151
1999,03 10-20a,42,1.643
1999,03 10-20a,45,2.1907
1999,03 10-20a,48,2.687
1999,03 10-20a,51,3.286
1999,03 10-20a,54,3.885
1999,03 10-20a,57,4.1759
1999,03 10-20a,60,4.3471
1999,03 10-20a,63,4.4327
1999,03 10-20a,66,4.5525
1999,03 10-20a,69,4.6209
1999,03 10-20a,72,4.7578
1999,03 10-20a,75,4.8434
1999,03 10-20a,78,4.9974
1999,03 10-20a,81,5.3055
1999,03 10-20a,84,5.7676
1999,03 10-20a,87,6.3152
1999,03 10-20a,90,6.7945
1999,03 10-20a,93,7.2737
1999,03 10-20a,96,7.4106
1999,03 10-20a,99,7.4961
1999,03 10-20a,102,7.5988
1999,03 10-20a,105,7.77
1999,03 10-20a,108,7.9925
1999,03 10-20a,111,8.4888
1999,03 10-20a,114,8.7969
1999,03 10-20a,117,8.9851
1999,03 10-20a,120,9.1734
1999,04 > 20a,0,0.0
1999,04 > 20a,3,0.0
1999,04 > 20a,6,0.0
1999,04 > 20a,9,0.0
1999,04 > 20a,12,0.0
1999,04 > 20a,15,0.0183
1999,04 > 20a,18,0.0183
1999,04 > 20a,21,0.0733
1999,04 > 20a,24,0.1649
1999,04 > 20a,27,0.2015
1999,04 > 20a,30,0.2748
1999,04 > 20a,33,0.4213
1999,04 > 20a,36,0.5312
1999,04 > 20a,39,0.5862
1999,04 > 20a,42,0.8243
1999,04 > 20a,45,0.9526
1999,04 > 20a,48,1.209
1999,04 > 20a,51,1.4838
1999,04 > 20a,54,1.7036
1999,04 > 20a,57,1.7952
1999,04 > 20a,60,1.9234
1999,04 > 20a,63,1.9601
1999,04 > 20a,66,2.0333
1999,04 > 20a,69,2.0517
1999,04 > 20a,72,2.0517
1999,04 > 20a,75,2.0883
1999,04 > 20a,78,2.1249
1999,04 > 20a,81,2.1982
1999,04 > 20a,84,2.3081
1999,04 > 20a,87,2.473
1999,04 > 20a,90,2.6378
1999,04 > 20a,93,2.8027
1999,04 > 20a,96,2.876
1999,04 > 20a,99,2.8943
1999,04 > 20a,102,2.9676
1999,04 > 20a,105,3.0408
1999,04 > 20a,108,3.1508
1999,04 > 20a,111,3.2057
1999,04 > 20a,114,3.279
1999,04 > 20a,117,3.3706
1999,04 > 20a,120,3.4072
1999,unknown,0,0.0
1999,unknown,3,0.0
1999,unknown,6,0.0
1999,unknown,9,0.0
1999,unknown,12,0.0
1999,unknown,15,0.0
1999,unknown,18,0.0
1999,unknown,21,0.0
1999,unknown,24,0.0
1999,unknown,27,0.0
1999,unknown,30,2.5
1999,unknown,33,2.5
1999,unknown,36,2.5
1999,unknown,39,2.5
1999,unknown,42,2.5
1999,unknown,45,5.0
1999,unknown,48,5.0
1999,unknown,51,15.0
1999,unknown,54,15.0
1999,unknown,57,15.0
1999,unknown,60,15.0
1999,unknown,63,22.5
1999,unknown,66,22.5
1999,unknown,69,22.5
1999,unknown,72,22.5
1999,unknown,75,27.5
1999,unknown,78,27.5
1999,unknown,81,32.5
1999,unknown,84,35.0
1999,unknown,87,45.0
1999,unknown,90,50.0
1999,unknown,93,50.0
1999,unknown,96,55.0
1999,unknown,99,57.5
1999,unknown,102,57.5
1999,unknown,105,60.0
1999,unknown,108,60.0
1999,unknown,111,60.0
1999,unknown,114,62.5
1999,unknown,117,62.5
1999,unknown,120,62.5
2000,01 <= 7a,0,0.0
2000,01 <= 7a,3,0.0
2000,01 <= 7a,6,0.0
2000,01 <= 7a,9,0.005
2000,01 <= 7a,12,0.0403
2000,01 <= 7a,15,0.1966
2000,01 <= 7a,18,0.4738
2000,01 <= 7a,21,0.8721
2000,01 <= 7a,24,1.4467
2000,01 <= 7a,27,2.097
2000,01 <= 7a,30,2.8481
2000,01 <= 7a,33,3.5891
2000,01 <= 7a,36,4.4662
2000,01 <= 7a,39,5.3231
2000,01 <= 7a,42,6.0389
2000,01 <= 7a,45,6.6892
2000,01 <= 7a,48,7.3445
2000,01 <= 7a,51,7.7881
2000,01 <= 7a,54,8.0704
2000,01 <= 7a,57,8.3022
2000,01 <= 7a,60,8.5392
2000,01 <= 7a,63,8.7509
2000,01 <= 7a,66,9.1088
2000,01 <= 7a,69,9.8599
2000,01 <= 7a,72,11.231
2000,01 <= 7a,75,12.5819
2000,01 <= 7a,78,13.701
2000,01 <= 7a,81,14.442
2000,01 <= 7a,84,14.8402
2000,01 <= 7a,87,15.0822
2000,01 <= 7a,90,15.2888
2000,01 <= 7a,93,15.5006
2000,01 <= 7a,96,15.8685
2000,01 <= 7a,99,16.2466
2000,01 <= 7a,102,16.6751
2000,01 <= 7a,105,16.8969
2000,01 <= 7a,108,17.043
2000,01 <= 7a,111,17.1338
2000,01 <= 7a,114,17.2699
2000,01 <= 7a,117,17.4362
2000,01 <= 7a,120,17.5925
2000,02 7-10a,0,0.0
2000,02 7-10a,3,0.0
2000,02 7-10a,6,0.0
2000,02 7-10a,9,0.0
2000,02 7-10a,12,0.0143
2000,02 7-10a,15,0.1291
2000,02 7-10a,18,0.3156
2000,02 7-10a,21,0.5739
2000,02 7-10a,24,0.9182
2000,02 7-10a,27,1.5495
2000,02 7-10a,30,2.2956
2000,02 7-10a,33,3.056
2000,02 7-10a,36,3.7877
2000,02 7-10a,39,4.5768
2000,02 7-10a,42,5.1363
2000,02 7-10a,45,5.538
2000,02 7-10a,48,5.8393
2000,02 7-10a,51,5.8967
2000,02 7-10a,54,5.9541
2000,02 7-10a,57,6.0689
2000,02 7-10a,60,6.1263
2000,02 7-10a,63,6.2123
2000,02 7-10a,66,6.3845
2000,02 7-10a,69,6.5997
2000,02 7-10a,72,7.1593
2000,02 7-10a,75,7.5036
2000,02 7-10a,78,7.8766
2000,02 7-10a,81,8.2353
2000,02 7-10a,84,8.3214
2000,02 7-10a,87,8.4218
2000,02 7-10a,90,8.4648
2000,02 7-10a,93,8.6227
2000,02 7-10a,96,8.8666
2000,02 7-10a,99,9.1248
2000,02 7-10a,102,9.3544
2000,02 7-10a,105,9.4548
2000,02 7-10a,108,9.4835
2000,02 7-10a,111,9.5265
2000,02 7-10a,114,9.627
2000,02 7-10a,117,9.7561
2000,02 7-10a,120,9.7991
2000,03 10-20a,0,0.0
2000,03 10-20a,3,0.0
2000,03 10-20a,6,0.0
2000,03 10-20a,9,0.0
2000,03 10-20a,12,0.0
2000,03 10-20a,15,0.0
2000,03 10-20a,18,0.0185
2000,03 10-20a,21,0.0923
2000,03 10-20a,24,0.1661
2000,03 10-20a,27,0.3691
2000,03 10-20a,30,0.7012
2000,03 10-20a,33,0.9042
2000,03 10-20a,36,1.3656
2000,03 10-20a,39,1.8454
2000,03 10-20a,42,2.1775
2000,03 10-20a,45,2.5835
2000,03 10-20a,48,2.8049
2000,03 10-20a,51,2.9341
2000,03 10-20a,54,3.0264
2000,03 10-20a,57,3.0817
2000,03 10-20a,60,3.1556
2000,03 10-20a,63,3.2294
2000,03 10-20a,66,3.4139
2000,03 10-20a,69,3.8199
2000,03 10-20a,72,4.4289
2000,03 10-20a,75,5.0563
2000,03 10-20a,78,5.8867
2000,03 10-20a,81,6.4034
2000,03 10-20a,84,6.8094
2000,03 10-20a,87,6.957
2000,03 10-20a,90,7.0862
2000,03 10-20a,93,7.3261
2000,03 10-20a,96,7.6398
2000,03 10-20a,99,8.0458
2000,03 10-20a,102,8.5256
2000,03 10-20a,105,8.8024
2000,03 10-20a,108,9.0976
2000,03 10-20a,111,9.3006
2000,03 10-20a,114,9.4298
2000,03 10-20a,117,9.5774
2000,03 10-20a,120,9.7435
2000,04 > 20a,0,0.0
2000,04 > 20a,3,0.0
2000,04 > 20a,6,0.0
2000,04 > 20a,9,0.0
2000,04 > 20a,12,0.0
2000,04 > 20a,15,0.0
2000,04 > 20a,18,0.0
2000,04 > 20a,21,0.0375
2000,04 > 20a,24,0.0937
2000,04 > 20a,27,0.2437
2000,04 > 20a,30,0.3936
2000,04 > 20a,33,0.5248
2000,04 > 20a,36,0.6935
2000,04 > 20a,39,0.8622
2000,04 > 20a,42,1.0684
2000,04 > 20a,45,1.1996
2000,04 > 20a,48,1.2371
2000,04 > 20a,51,1.3308
2000,04 > 20a,54,1.3496
2000,04 > 20a,57,1.4058
2000,04 > 20a,60,1.4058
2000,04 > 20a,63,1.4808
2000,04 > 20a,66,1.5183
2000,04 > 20a,69,1.612
2000,04 > 20a,72,1.8557
2000,04 > 20a,75,2.0056
2000,04 > 20a,78,2.0993
2000,04 > 20a,81,2.1931
2000,04 > 20a,84,2.3618
2000,04 > 20a,87,2.4367
2000,04 > 20a,90,2.4742
2000,04 > 20a,93,2.5679
2000,04 > 20a,96,2.6804
2000,04 > 20a,99,2.7554
2000,04 > 20a,102,2.7741
2000,04 > 20a,105,2.9241
2000,04 > 20a,108,2.9428
2000,04 > 20a,111,2.9803
2000,04 > 20a,114,3.0178
2000,04 > 20a,117,3.0553
2000,04 > 20a,120,3.074
2000,unknown,0,0.0
2000,unknown,3,0.0
2000,unknown,6,0.0
2000,unknown,9,0.0
2000,unknown,12,0.0
2000,unknown,15,2.6316
2000,unknown,18,5.2632
2000,unknown,21,5.2632
2000,unknown,24,5.2632
2000,unknown,27,7.8947
2000,unknown,30,7.8947
2000,unknown,33,7.8947
2000,unknown,36,7.8947
2000,unknown,39,10.5263
2000,unknown,42,15.7895
2000,unknown,45,15.7895
2000,unknown,48,18.4211
2000,unknown,51,36.8421
2000,unknown,54,36.8421
2000,unknown,57,36.8421
2000,unknown,60,36.8421
2000,unknown,63,39.4737
2000,unknown,66,42.1053
2000,unknown,69,42.1053
2000,unknown,72,44.7368
2000,unknown,75,47.3684
2000,unknown,78,47.3684
2000,unknown,81,47.3684
2000,unknown,84,47.3684
2000,unknown,87,47.3684
2000,unknown,90,47.3684
2000,unknown,93,50.0
2000,unknown,96,50.0
2000,unknown,99,52.6316
2000,unknown,102,52.6316
2000,unknown,105,55.2632
2000,unknown,108,55.2632
2000,unknown,111,55.2632
2000,unknown,114,55.2632
2000,unknown,117,55.2632
2000,unknown,120,60.5263
2001,01 <= 7a,0,0.0
2001,01 <= 7a,3,0.0
2001,01 <= 7a,6,0.0
2001,01 <= 7a,9,0.0
2001,01 <= 7a,12,0.0564
2001,01 <= 7a,15,0.1552
2001,01 <= 7a,18,0.4327
2001,01 <= 7a,21,0.8749
2001,01 <= 7a,24,1.4017
2001,01 <= 7a,27,1.9897
2001,01 <= 7a,30,2.6388
2001,01 <= 7a,33,3.2173
2001,01 <= 7a,36,3.7912
2001,01 <= 7a,39,4.2521
2001,01 <= 7a,42,4.5296
2001,01 <= 7a,45,4.8448
2001,01 <= 7a,48,5.174
2001,01 <= 7a,51,5.5221
2001,01 <= 7a,54,5.9548
2001,01 <= 7a,57,6.7639
2001,01 <= 7a,60,8.1326
2001,01 <= 7a,63,9.6378
2001,01 <= 7a,66,11.0771
2001,01 <= 7a,69,12.0085
2001,01 <= 7a,72,12.4882
2001,01 <= 7a,75,12.8457
2001,01 <= 7a,78,13.1656
2001,01 <= 7a,81,13.5842
2001,01 <= 7a,84,14.0405
2001,01 <= 7a,87,14.5296
2001,01 <= 7a,90,14.9859
2001,01 <= 7a,93,15.3104
2001,01 <= 7a,96,15.5221
2001,01 <= 7a,99,15.6679
2001,01 <= 7a,102,15.8467
2001,01 <= 7a,105,16.0771
2001,01 <= 7a,108,16.27
2001,01 <= 7a,111,16.5005
2001,01 <= 7a,114,16.6416
2001,01 <= 7a,117,16.8203
2001,01 <= 7a,120,16.9614
2001,02 7-10a,0,0.0
2001,02 7-10a,3,0.0
2001,02 7-10a,6,0.0
2001,02 7-10a,9,0.0
2001,02 7-10a,12,0.0146
2001,02 7-10a,15,0.0584
2001,02 7-10a,18,0.2189
2001,02 7-10a,21,0.5108
2001,02 7-10a,24,0.9924
2001,02 7-10a,27,1.5908
2001,02 7-10a,30,2.2183
2001,02 7-10a,33,2.6708
2001,02 7-10a,36,3.167
2001,02 7-10a,39,3.4151
2001,02 7-10a,42,3.6048
2001,02 7-10a,45,3.6632
2001,02 7-10a,48,3.7215
2001,02 7-10a,51,3.8237
2001,02 7-10a,54,3.9842
2001,02 7-10a,57,4.4367
2001,02 7-10a,60,5.0496
2001,02 7-10a,63,5.7064
2001,02 7-10a,66,6.1734
2001,02 7-10a,69,6.4799
2001,02 7-10a,72,6.7134
2001,02 7-10a,75,6.8447
2001,02 7-10a,78,6.9907
2001,02 7-10a,81,7.1804
2001,02 7-10a,84,7.4723
2001,02 7-10a,87,7.735
2001,02 7-10a,90,7.9685
2001,02 7-10a,93,8.2458
2001,02 7-10a,96,8.4355
2001,02 7-10a,99,8.4939
2001,02 7-10a,102,8.5668
2001,02 7-10a,105,8.669
2001,02 7-10a,108,8.742
2001,02 7-10a,111,8.8149
2001,02 7-10a,114,8.9171
2001,02 7-10a,117,8.9609
2001,02 7-10a,120,8.9901
2001,03 10-20a,0,0.0
2001,03 10-20a,3,0.0
2001,03 10-20a,6,0.0
2001,03 10-20a,9,0.0
2001,03 10-20a,12,0.0208
2001,03 10-20a,15,0.0208
2001,03 10-20a,18,0.0416
2001,03 10-20a,21,0.1249
2001,03 10-20a,24,0.3331
2001,03 10-20a,27,0.4163
2001,03 10-20a,30,0.562
2001,03 10-20a,33,0.6869
2001,03 10-20a,36,0.791
2001,03 10-20a,39,0.9159
2001,03 10-20a,42,0.9784
2001,03 10-20a,45,1.02
2001,03 10-20a,48,1.1241
2001,03 10-20a,51,1.2073
2001,03 10-20a,54,1.2698
2001,03 10-20a,57,1.7069
2001,03 10-20a,60,2.1232
2001,03 10-20a,63,2.7269
2001,03 10-20a,66,3.5595
2001,03 10-20a,69,4.0799
2001,03 10-20a,72,4.2881
2001,03 10-20a,75,4.6211
2001,03 10-20a,78,4.7877
2001,03 10-20a,81,4.9958
2001,03 10-20a,84,5.3081
2001,03 10-20a,87,5.7868
2001,03 10-20a,90,6.3072
2001,03 10-20a,93,6.7444
2001,03 10-20a,96,6.9109
2001,03 10-20a,99,7.1815
2001,03 10-20a,102,7.4105
2001,03 10-20a,105,7.5354
2001,03 10-20a,108,7.6187
2001,03 10-20a,111,7.7227
2001,03 10-20a,114,7.8684
2001,03 10-20a,117,7.9309
2001,03 10-20a,120,8.0766
2001,04 > 20a,0,0.0
2001,04 > 20a,3,0.0
2001,04 > 20a,6,0.0
2001,04 > 20a,9,0.0
2001,04 > 20a,12,0.0
2001,04 > 20a,15,0.0
2001,04 > 20a,18,0.0229
2001,04 > 20a,21,0.0915
2001,04 > 20a,24,0.2517
2001,04 > 20a,27,0.389
2001,04 > 20a,30,0.4577
2001,04 > 20a,33,0.6178
2001,04 > 20a,36,0.7323
2001,04 > 20a,39,0.778
2001,04 > 20a,42,0.8009
2001,04 > 20a,45,0.8009
2001,04 > 20a,48,0.8009
2001,04 > 20a,51,0.8696
2001,04 > 20a,54,0.8924
2001,04 > 20a,57,1.0755
2001,04 > 20a,60,1.3272
2001,04 > 20a,63,1.5332
2001,04 > 20a,66,1.7391
2001,04 > 20a,69,2.0595
2001,04 > 20a,72,2.151
2001,04 > 20a,75,2.2426
2001,04 > 20a,78,2.2426
2001,04 > 20a,81,2.2883
2001,04 > 20a,84,2.3799
2001,04 > 20a,87,2.4943
2001,04 > 20a,90,2.5629
2001,04 > 20a,93,2.6545
2001,04 > 20a,96,2.7002
2001,04 > 20a,99,2.7231
2001,04 > 20a,102,2.7689
2001,04 > 20a,105,2.8146
2001,04 > 20a,108,2.8375
2001,04 > 20a,111,2.9291
2001,04 > 20a,114,2.9748
2001,04 > 20a,117,2.9977
2001,04 > 20a,120,3.0435
2001,unknown,0,0.0
2001,unknown,3,0.0
2001,unknown,6,0.0
2001,unknown,9,0.0
2001,unknown,12,0.0
2001,unknown,15,2.7027
2001,unknown,18,5.4054
2001,unknown,21,5.4054
2001,unknown,24,5.4054
2001,unknown,27,8.1081
2001,unknown,30,10.8108
2001,unknown,33,13.5135
2001,unknown,36,13.5135
2001,unknown,39,13.5135
2001,unknown,42,13.5135
2001,unknown,45,13.5135
2001,unknown,48,13.5135
2001,unknown,51,18.9189
2001,unknown,54,18.9189
2001,unknown,57,24.3243
2001,unknown,60,24.3243
2001,unknown,63,27.027
2001,unknown,66,32.4324
2001,unknown,69,35.1351
2001,unknown,72,35.1351
2001,unknown,75,37.8378
2001,unknown,78,37.8378
2001,unknown,81,37.8378
2001,unknown,84,37.8378
2001,unknown,87,40.5405
2001,unknown,90,40.5405
2001,unknown,93,45.9459
2001,unknown,96,51.3514
2001,unknown,99,51.3514
2001,unknown,102,51.3514
2001,unknown,105,51.3514
2001,unknown,108,51.3514
2001,unknown,111,54.0541
2001,unknown,114,54.0541
2001,unknown,117,54.0541
2001,unknown,120,54.0541
2002,01 <= 7a,0,0.0
2002,01 <= 7a,3,0.0
2002,01 <= 7a,6,0.0076
2002,01 <= 7a,9,0.0228
2002,01 <= 7a,12,0.1025
2002,01 <= 7a,15,0.2543
2002,01 <= 7a,18,0.5201
2002,01 <= 7a,21,0.8162
2002,01 <= 7a,24,1.173
2002,01 <= 7a,27,1.4501
2002,01 <= 7a,30,1.7272
2002,01 <= 7a,33,1.9664
2002,01 <= 7a,36,2.3118
2002,01 <= 7a,39,2.7028
2002,01 <= 7a,42,3.2077
2002,01 <= 7a,45,3.9821
2002,01 <= 7a,48,5.0754
2002,01 <= 7a,51,6.3281
2002,01 <= 7a,54,7.5732
2002,01 <= 7a,57,8.4615
2002,01 <= 7a,60,9.084
2002,01 <= 7a,63,9.5319
2002,01 <= 7a,66,9.9229
2002,01 <= 7a,69,10.3747
2002,01 <= 7a,72,10.9213
2002,01 <= 7a,75,11.4793
2002,01 <= 7a,78,11.95
2002,01 <= 7a,81,12.5005
2002,01 <= 7a,84,12.8307
2002,01 <= 7a,87,13.1192
2002,01 <= 7a,90,13.4571
2002,01 <= 7a,93,13.8063
2002,01 <= 7a,96,14.1821
2002,01 <= 7a,99,14.5579
2002,01 <= 7a,102,14.8085
2002,01 <= 7a,105,15.0476
2002,01 <= 7a,108,15.2109
2002,01 <= 7a,111,15.3741
2002,01 <= 7a,114,15.4956
2002,01 <= 7a,117,15.6171
2002,01 <= 7a,120,15.7157
2002,02 7-10a,0,0.0
2002,02 7-10a,3,0.0
2002,02 7-10a,6,0.0
2002,02 7-10a,9,0.0
2002,02 7-10a,12,0.0394
2002,02 7-10a,15,0.0919
2002,02 7-10a,18,0.2889
2002,02 7-10a,21,0.407
2002,02 7-10a,24,0.5777
2002,02 7-10a,27,0.6171
2002,02 7-10a,30,0.6959
2002,02 7-10a,33,0.7616
2002,02 7-10a,36,0.8666
2002,02 7-10a,39,0.9848
2002,02 7-10a,42,1.208
2002,02 7-10a,45,1.6807
2002,02 7-10a,48,2.5604
2002,02 7-10a,51,3.3351
2002,02 7-10a,54,3.9916
2002,02 7-10a,57,4.4905
2002,02 7-10a,60,4.7532
2002,02 7-10a,63,4.937
2002,02 7-10a,66,5.042
2002,02 7-10a,69,5.1996
2002,02 7-10a,72,5.541
2002,02 7-10a,75,5.7511
2002,02 7-10a,78,6.1056
2002,02 7-10a,81,6.4076
2002,02 7-10a,84,6.552
2002,02 7-10a,87,6.6964
2002,02 7-10a,90,6.8015
2002,02 7-10a,93,6.8803
2002,02 7-10a,96,7.0247
2002,02 7-10a,99,7.0903
2002,02 7-10a,102,7.1822
2002,02 7-10a,105,7.2348
2002,02 7-10a,108,7.3004
2002,02 7-10a,111,7.3398
2002,02 7-10a,114,7.4055
2002,02 7-10a,117,7.458
2002,02 7-10a,120,7.4974
2002,03 10-20a,0,0.0
2002,03 10-20a,3,0.0
2002,03 10-20a,6,0.0
2002,03 10-20a,9,0.0
2002,03 10-20a,12,0.0
2002,03 10-20a,15,0.0
2002,03 10-20a,18,0.0175
2002,03 10-20a,21,0.0175
2002,03 10-20a,24,0.0175
2002,03 10-20a,27,0.0526
2002,03 10-20a,30,0.0526
2002,03 10-20a,33,0.0702
2002,03 10-20a,36,0.0877
2002,03 10-20a,39,0.1053
2002,03 10-20a,42,0.1053
2002,03 10-20a,45,0.2456
2002,03 10-20a,48,0.5263
2002,03 10-20a,51,0.9123
2002,03 10-20a,54,1.4386
2002,03 10-20a,57,1.9649
2002,03 10-20a,60,2.2456
2002,03 10-20a,63,2.386
2002,03 10-20a,66,2.5263
2002,03 10-20a,69,2.7544
2002,03 10-20a,72,2.9825
2002,03 10-20a,75,3.4386
2002,03 10-20a,78,3.7193
2002,03 10-20a,81,4.0877
2002,03 10-20a,84,4.2632
2002,03 10-20a,87,4.4737
2002,03 10-20a,90,4.7368
2002,03 10-20a,93,4.9298
2002,03 10-20a,96,5.0
2002,03 10-20a,99,5.2105
2002,03 10-20a,102,5.3684
2002,03 10-20a,105,5.5088
2002,03 10-20a,108,5.6491
2002,03 10-20a,111,5.807
2002,03 10-20a,114,5.9474
2002,03 10-20a,117,6.1404
2002,03 10-20a,120,6.2807
2002,04 > 20a,0,0.0
2002,04 > 20a,3,0.0
2002,04 > 20a,6,0.0
2002,04 > 20a,9,0.0
2002,04 > 20a,12,0.0
2002,04 > 20a,15,0.0183
2002,04 > 20a,18,0.0183
2002,04 > 20a,21,0.0183
2002,04 > 20a,24,0.0183
2002,04 > 20a,27,0.0367
2002,04 > 20a,30,0.0367
2002,04 > 20a,33,0.0367
2002,04 > 20a,36,0.0367
2002,04 > 20a,39,0.0367
2002,04 > 20a,42,0.0367
2002,04 > 20a,45,0.0733
2002,04 > 20a,48,0.22
2002,04 > 20a,51,0.275
2002,04 > 20a,54,0.33
2002,04 > 20a,57,0.495
2002,04 > 20a,60,0.5866
2002,04 > 20a,63,0.6233
2002,04 > 20a,66,0.6599
2002,04 > 20a,69,0.6966
2002,04 > 20a,72,0.7699
2002,04 > 20a,75,0.7883
2002,04 > 20a,78,0.8983
2002,04 > 20a,81,0.9349
2002,04 > 20a,84,0.9899
2002,04 > 20a,87,0.9899
2002,04 > 20a,90,1.0449
2002,04 > 20a,93,1.0632
2002,04 > 20a,96,1.0632
2002,04 > 20a,99,1.0999
2002,04 > 20a,102,1.1182
2002,04 > 20a,105,1.1366
2002,04 > 20a,108,1.1549
2002,04 > 20a,111,1.1916
2002,04 > 20a,114,1.1916
2002,04 > 20a,117,1.1916
2002,04 > 20a,120,1.1916
2002,unknown,0,0.0
2002,unknown,3,0.0
2002,unknown,6,0.0
2002,unknown,9,0.0
2002,unknown,12,0.0
2002,unknown,15,0.0
2002,unknown,18,0.0
2002,unknown,21,0.0
2002,unknown,24,0.0
2002,unknown,27,2.8571
2002,unknown,30,2.8571
2002,unknown,33,2.8571
2002,unknown,36,4.2857
2002,unknown,39,4.2857
2002,unknown,42,5.7143
2002,unknown,45,5.7143
2002,unknown,48,7.1429
2002,unknown,51,17.1429
2002,unknown,54,20.0
2002,unknown,57,20.0
2002,unknown,60,21.4286
2002,unknown,63,22.8571
2002,unknown,66,28.5714
2002,unknown,69,30.0
2002,unknown,72,30.0
2002,unknown,75,30.0
2002,unknown,78,31.4286
2002,unknown,81,32.8571
2002,unknown,84,35.7143
2002,unknown,87,58.5714
2002,unknown,90,62.8571
2002,unknown,93,68.5714
2002,unknown,96,71.4286
2002,unknown,99,72.8571
2002,unknown,102,78.5714
2002,unknown,105,81.4286
2002,unknown,108,81.4286
2002,unknown,111,81.4286
2002,unknown,114,81.4286
2002,unknown,117,81.4286
2002,unknown,120,81.4286
2003,01 <= 7a,0,0.0
2003,01 <= 7a,3,0.0
2003,01 <= 7a,6,0.0122
2003,01 <= 7a,9,0.0734
2003,01 <= 7a,12,0.2839
2003,01 <= 7a,15,0.5139
2003,01 <= 7a,18,0.7268
2003,01 <= 7a,21,0.9838
2003,01 <= 7a,24,1.3778
2003,01 <= 7a,27,1.8599
2003,01 <= 7a,30,2.457
2003,01 <= 7a,33,3.2205
2003,01 <= 7a,36,4.1064
2003,01 <= 7a,39,5.0633
2003,01 <= 7a,42,5.9198
2003,01 <= 7a,45,6.7347
2003,01 <= 7a,48,7.3538
2003,01 <= 7a,51,7.9436
2003,01 <= 7a,54,8.5089
2003,01 <= 7a,57,9.2455
2003,01 <= 7a,60,10.0091
2003,01 <= 7a,63,10.8264
2003,01 <= 7a,66,11.519
2003,01 <= 7a,69,12.099
2003,01 <= 7a,72,12.586
2003,01 <= 7a,75,13.0681
2003,01 <= 7a,78,13.5624
2003,01 <= 7a,81,14.069
2003,01 <= 7a,84,14.7444
2003,01 <= 7a,87,15.273
2003,01 <= 7a,90,15.8236
2003,01 <= 7a,93,16.3057
2003,01 <= 7a,96,16.6043
2003,01 <= 7a,99,16.8441
2003,01 <= 7a,102,16.9885
2003,01 <= 7a,105,17.1157
2003,01 <= 7a,108,17.2185
2003,01 <= 7a,111,17.2797
2003,01 <= 7a,114,17.3604
2003,01 <= 7a,117,17.4241
2003,01 <= 7a,120,17.4804
2003,02 7-10a,0,0.0
2003,02 7-10a,3,0.0
2003,02 7-10a,6,0.0
2003,02 7-10a,9,0.0
2003,02 7-10a,12,0.0255
2003,02 7-10a,15,0.0382
2003,02 7-10a,18,0.0637
2003,02 7-10a,21,0.1019
2003,02 7-10a,24,0.1401
2003,02 7-10a,27,0.2547
2003,02 7-10a,30,0.4075
2003,02 7-10a,33,0.5349
2003,02 7-10a,36,0.917
2003,02 7-10a,39,1.8339
2003,02 7-10a,42,2.5089
2003,02 7-10a,45,3.2476
2003,02 7-10a,48,3.5278
2003,02 7-10a,51,3.8334
2003,02 7-10a,54,3.948
2003,02 7-10a,57,4.19
2003,02 7-10a,60,4.4575
2003,02 7-10a,63,4.7504
2003,02 7-10a,66,5.056
2003,02 7-10a,69,5.2343
2003,02 7-10a,72,5.349
2003,02 7-10a,75,5.5018
2003,02 7-10a,78,5.6801
2003,02 7-10a,81,5.8584
2003,02 7-10a,84,6.0367
2003,02 7-10a,87,6.2022
2003,02 7-10a,90,6.3678
2003,02 7-10a,93,6.5079
2003,02 7-10a,96,6.597
2003,02 7-10a,99,6.6862
2003,02 7-10a,102,6.7371
2003,02 7-10a,105,6.8263
2003,02 7-10a,108,6.8645
2003,02 7-10a,111,6.8772
2003,02 7-10a,114,6.89
2003,02 7-10a,117,6.9154
2003,02 7-10a,120,6.9536
2003,03 10-20a,0,0.0
2003,03 10-20a,3,0.0
2003,03 10-20a,6,0.0
2003,03 10-20a,9,0.0
2003,03 10-20a,12,0.0
2003,03 10-20a,15,0.0
2003,03 10-20a,18,0.0
2003,03 10-20a,21,0.0
2003,03 10-20a,24,0.0
2003,03 10-20a,27,0.0
2003,03 10-20a,30,0.0
2003,03 10-20a,33,0.0363
2003,03 10-20a,36,0.1451
2003,03 10-20a,39,0.3989
2003,03 10-20a,42,0.6346
2003,03 10-20a,45,0.7978
2003,03 10-20a,48,0.9791
2003,03 10-20a,51,1.0517
2003,03 10-20a,54,1.1786
2003,03 10-20a,57,1.3418
2003,03 10-20a,60,1.505
2003,03 10-20a,63,1.8495
2003,03 10-20a,66,2.049
2003,03 10-20a,69,2.3391
2003,03 10-20a,72,2.5023
2003,03 10-20a,75,2.6473
2003,03 10-20a,78,2.8649
2003,03 10-20a,81,3.0644
2003,03 10-20a,84,3.2457
2003,03 10-20a,87,3.427
2003,03 10-20a,90,3.6809
2003,03 10-20a,93,3.8441
2003,03 10-20a,96,4.0979
2003,03 10-20a,99,4.2067
2003,03 10-20a,102,4.4062
2003,03 10-20a,105,4.5875
2003,03 10-20a,108,4.7144
2003,03 10-20a,111,4.7325
2003,03 10-20a,114,4.9139
2003,03 10-20a,117,5.0227
2003,03 10-20a,120,5.0408
2003,04 > 20a,0,0.0
2003,04 > 20a,3,0.0
2003,04 > 20a,6,0.0
2003,04 > 20a,9,0.0
2003,04 > 20a,12,0.0
2003,04 > 20a,15,0.0209
2003,04 > 20a,18,0.0209
2003,04 > 20a,21,0.0209
2003,04 > 20a,24,0.0209
2003,04 > 20a,27,0.0209
2003,04 > 20a,30,0.0209
2003,04 > 20a,33,0.0209
2003,04 > 20a,36,0.0209
2003,04 > 20a,39,0.0835
2003,04 > 20a,42,0.0835
2003,04 > 20a,45,0.1879
2003,04 > 20a,48,0.2505
2003,04 > 20a,51,0.2923
2003,04 > 20a,54,0.334
2003,04 > 20a,57,0.3549
2003,04 > 20a,60,0.4593
2003,04 > 20a,63,0.6054
2003,04 > 20a,66,0.7307
2003,04 > 20a,69,0.8142
2003,04 > 20a,72,0.8768
2003,04 > 20a,75,0.8977
2003,04 > 20a,78,0.9812
2003,04 > 20a,81,1.023
2003,04 > 20a,84,1.0647
2003,04 > 20a,87,1.0856
2003,04 > 20a,90,1.1482
2003,04 > 20a,93,1.1482
2003,04 > 20a,96,1.1482
2003,04 > 20a,99,1.2944
2003,04 > 20a,102,1.3152
2003,04 > 20a,105,1.3361
2003,04 > 20a,108,1.357
2003,04 > 20a,111,1.357
2003,04 > 20a,114,1.3987
2003,04 > 20a,117,1.4196
2003,04 > 20a,120,1.4405
2003,unknown,0,0.0
2003,unknown,3,0.0
2003,unknown,6,0.0
2003,unknown,9,0.0
2003,unknown,12,0.0
2003,unknown,15,0.0
2003,unknown,18,3.0303
2003,unknown,21,3.0303
2003,unknown,24,3.0303
2003,unknown,27,3.0303
2003,unknown,30,3.0303
2003,unknown,33,3.0303
2003,unknown,36,4.0404
2003,unknown,39,9.0909
2003,unknown,42,9.0909
2003,unknown,45,10.101
2003,unknown,48,10.101
2003,unknown,51,12.1212
2003,unknown,54,16.1616
2003,unknown,57,16.1616
2003,unknown,60,16.1616
2003,unknown,63,20.202
2003,unknown,66,24.2424
2003,unknown,69,25.2525
2003,unknown,72,26.2626
2003,unknown,75,28.2828
2003,unknown,78,28.2828
2003,unknown,81,30.303
2003,unknown,84,36.3636
2003,unknown,87,61.6162
2003,unknown,90,68.6869
2003,unknown,93,71.7172
2003,unknown,96,71.7172
2003,unknown,99,72.7273
2003,unknown,102,72.7273
2003,unknown,105,72.7273
2003,unknown,108,72.7273
2003,unknown,111,73.7374
2003,unknown,114,74.7475
2003,unknown,117,74.7475
2003,unknown,120,74.7475
2004,01 <= 7a,0,0.0
2004,01 <= 7a,3,0.0
2004,01 <= 7a,6,0.0058
2004,01 <= 7a,9,0.0546
2004,01 <= 7a,12,0.1911
2004,01 <= 7a,15,0.4698
2004,01 <= 7a,18,0.9163
2004,01 <= 7a,21,1.4934
2004,01 <= 7a,24,2.2401
2004,01 <= 7a,27,2.979
2004,01 <= 7a,30,3.7471
2004,01 <= 7a,33,4.5152
2004,01 <= 7a,36,5.1508
2004,01 <= 7a,39,5.8663
2004,01 <= 7a,42,6.6188
2004,01 <= 7a,45,7.5195
2004,01 <= 7a,48,8.5411
2004,01 <= 7a,51,9.5939
2004,01 <= 7a,54,10.4946
2004,01 <= 7a,57,11.253
2004,01 <= 7a,60,11.9607
2004,01 <= 7a,63,12.6333
2004,01 <= 7a,66,13.4755
2004,01 <= 7a,69,14.5283
2004,01 <= 7a,72,15.6025
2004,01 <= 7a,75,16.628
2004,01 <= 7a,78,17.4936
2004,01 <= 7a,81,18.2364
2004,01 <= 7a,84,18.7764
2004,01 <= 7a,87,19.2268
2004,01 <= 7a,90,19.6226
2004,01 <= 7a,93,19.8702
2004,01 <= 7a,96,20.0261
2004,01 <= 7a,99,20.1295
2004,01 <= 7a,102,20.2523
2004,01 <= 7a,105,20.4004
2004,01 <= 7a,108,20.5057
2004,01 <= 7a,111,20.5818
2004,01 <= 7a,114,20.6656
2004,01 <= 7a,117,20.7884
2004,01 <= 7a,120,20.919
2004,02 7-10a,0,0.0
2004,02 7-10a,3,0.0
2004,02 7-10a,6,0.0
2004,02 7-10a,9,0.0
2004,02 7-10a,12,0.0
2004,02 7-10a,15,0.0
2004,02 7-10a,18,0.0346
2004,02 7-10a,21,0.0923
2004,02 7-10a,24,0.3347
2004,02 7-10a,27,0.6232
2004,02 7-10a,30,0.8771
2004,02 7-10a,33,1.2002
2004,02 7-10a,36,1.5811
2004,02 7-10a,39,1.9504
2004,02 7-10a,42,2.1927
2004,02 7-10a,45,2.4005
2004,02 7-10a,48,2.7698
2004,02 7-10a,51,3.2429
2004,02 7-10a,54,3.7392
2004,02 7-10a,57,4.0739
2004,02 7-10a,60,4.2585
2004,02 7-10a,63,4.397
2004,02 7-10a,66,4.5817
2004,02 7-10a,69,4.6855
2004,02 7-10a,72,4.8586
2004,02 7-10a,75,4.9971
2004,02 7-10a,78,5.1818
2004,02 7-10a,81,5.3203
2004,02 7-10a,84,5.4934
2004,02 7-10a,87,5.5395
2004,02 7-10a,90,5.6319
2004,02 7-10a,93,5.7588
2004,02 7-10a,96,5.8973
2004,02 7-10a,99,6.0589
2004,02 7-10a,102,6.0935
2004,02 7-10a,105,6.1627
2004,02 7-10a,108,6.1973
2004,02 7-10a,111,6.2435
2004,02 7-10a,114,6.2897
2004,02 7-10a,117,6.3358
2004,02 7-10a,120,6.4051
2004,03 10-20a,0,0.0
2004,03 10-20a,3,0.0
2004,03 10-20a,6,0.0
2004,03 10-20a,9,0.0
2004,03 10-20a,12,0.0
2004,03 10-20a,15,0.0
2004,03 10-20a,18,0.0
2004,03 10-20a,21,0.0
2004,03 10-20a,24,0.0164
2004,03 10-20a,27,0.0493
2004,03 10-20a,30,0.0822
2004,03 10-20a,33,0.1973
2004,03 10-20a,36,0.3123
2004,03 10-20a,39,0.3781
2004,03 10-20a,42,0.5261
2004,03 10-20a,45,0.5918
2004,03 10-20a,48,0.8877
2004,03 10-20a,51,1.1507
2004,03 10-20a,54,1.496
2004,03 10-20a,57,1.8083
2004,03 10-20a,60,2.0549
2004,03 10-20a,63,2.2522
2004,03 10-20a,66,2.4823
2004,03 10-20a,69,2.6467
2004,03 10-20a,72,2.8604
2004,03 10-20a,75,3.0906
2004,03 10-20a,78,3.37
2004,03 10-20a,81,3.6166
2004,03 10-20a,84,3.8139
2004,03 10-20a,87,4.1427
2004,03 10-20a,90,4.4386
2004,03 10-20a,93,4.6194
2004,03 10-20a,96,4.866
2004,03 10-20a,99,5.0797
2004,03 10-20a,102,5.2441
2004,03 10-20a,105,5.5072
2004,03 10-20a,108,5.5893
2004,03 10-20a,111,5.6551
2004,03 10-20a,114,5.7866
2004,03 10-20a,117,5.9181
2004,03 10-20a,120,6.1483
2004,04 > 20a,0,0.0
2004,04 > 20a,3,0.0
2004,04 > 20a,6,0.0
2004,04 > 20a,9,0.0
2004,04 > 20a,12,0.0
2004,04 > 20a,15,0.0
2004,04 > 20a,18,0.0
2004,04 > 20a,21,0.0
2004,04 > 20a,24,0.0195
2004,04 > 20a,27,0.0389
2004,04 > 20a,30,0.0584
2004,04 > 20a,33,0.0779
2004,04 > 20a,36,0.0779
2004,04 > 20a,39,0.0973
2004,04 > 20a,42,0.1363
2004,04 > 20a,45,0.2141
2004,04 > 20a,48,0.2531
2004,04 > 20a,51,0.3309
2004,04 > 20a,54,0.4477
2004,04 > 20a,57,0.5256
2004,04 > 20a,60,0.5645
2004,04 > 20a,63,0.6619
2004,04 > 20a,66,0.7008
2004,04 > 20a,69,0.7981
2004,04 > 20a,72,0.876
2004,04 > 20a,75,0.9149
2004,04 > 20a,78,1.1096
2004,04 > 20a,81,1.2264
2004,04 > 20a,84,1.3237
2004,04 > 20a,87,1.4211
2004,04 > 20a,90,1.46
2004,04 > 20a,93,1.5573
2004,04 > 20a,96,1.5768
2004,04 > 20a,99,1.6547
2004,04 > 20a,102,1.6547
2004,04 > 20a,105,1.6547
2004,04 > 20a,108,1.6547
2004,04 > 20a,111,1.6741
2004,04 > 20a,114,1.6741
2004,04 > 20a,117,1.7131
2004,04 > 20a,120,1.7909
2004,unknown,0,0.0
2004,unknown,3,0.0
2004,unknown,6,0.0
2004,unknown,9,0.0
2004,unknown,12,0.0
2004,unknown,15,0.9524
2004,unknown,18,0.9524
2004,unknown,21,0.9524
2004,unknown,24,0.9524
2004,unknown,27,0.9524
2004,unknown,30,0.9524
2004,unknown,33,0.9524
2004,unknown,36,1.9048
2004,unknown,39,2.8571
2004,unknown,42,3.8095
2004,unknown,45,5.7143
2004,unknown,48,6.6667
2004,unknown,51,6.6667
2004,unknown,54,6.6667
2004,unknown,57,6.6667
2004,unknown,60,6.6667
2004,unknown,63,17.1429
2004,unknown,66,18.0952
2004,unknown,69,22.8571
2004,unknown,72,23.8095
2004,unknown,75,24.7619
2004,unknown,78,25.7143
2004,unknown,81,27.619
2004,unknown,84,32.381
2004,unknown,87,54.2857
2004,unknown,90,56.1905
2004,unknown,93,59.0476
2004,unknown,96,60.0
2004,unknown,99,60.0
2004,unknown,102,60.0
2004,unknown,105,60.0
2004,unknown,108,60.0
2004,unknown,111,60.9524
2004,unknown,114,60.9524
2004,unknown,117,61.9048
2004,unknown,120,63.8095
2005,01 <= 7a,0,0.0
2005,01 <= 7a,3,0.0
2005,01 <= 7a,6,0.0016
2005,01 <= 7a,9,0.0457
2005,01 <= 7a,12,0.2618
2005,01 <= 7a,15,0.6861
2005,01 <= 7a,18,1.2587
2005,01 <= 7a,21,1.8754
2005,01 <= 7a,24,2.4779
2005,01 <= 7a,27,3.2176
2005,01 <= 7a,30,4.1056
2005,01 <= 7a,33,5.1971
2005,01 <= 7a,36,6.4684
2005,01 <= 7a,39,7.6876
2005,01 <= 7a,42,8.8563
2005,01 <= 7a,45,9.9872
2005,01 <= 7a,48,11.115
2005,01 <= 7a,51,12.1528
2005,01 <= 7a,54,13.3783
2005,01 <= 7a,57,14.8058
2005,01 <= 7a,60,16.6354
2005,01 <= 7a,63,18.5013
2005,01 <= 7a,66,20.0754
2005,01 <= 7a,69,21.4445
2005,01 <= 7a,72,22.312
2005,01 <= 7a,75,23.1006
2005,01 <= 7a,78,23.7441
2005,01 <= 7a,81,24.2457
2005,01 <= 7a,84,24.7078
2005,01 <= 7a,87,25.0343
2005,01 <= 7a,90,25.3608
2005,01 <= 7a,93,25.6605
2005,01 <= 7a,96,25.9255
2005,01 <= 7a,99,26.1684
2005,01 <= 7a,102,26.3497
2005,01 <= 7a,105,26.5075
2005,01 <= 7a,108,26.6636
2005,01 <= 7a,111,26.8277
2005,01 <= 7a,114,27.0343
2005,01 <= 7a,117,27.1999
2005,01 <= 7a,120,27.3939
2005,02 7-10a,0,0.0
2005,02 7-10a,3,0.0
2005,02 7-10a,6,0.0
2005,02 7-10a,9,0.01
2005,02 7-10a,12,0.03
2005,02 7-10a,15,0.07
2005,02 7-10a,18,0.1301
2005,02 7-10a,21,0.2301
2005,02 7-10a,24,0.3702
2005,02 7-10a,27,0.6004
2005,02 7-10a,30,0.8505
2005,02 7-10a,33,1.2708
2005,02 7-10a,36,2.0512
2005,02 7-10a,39,2.8917
2005,02 7-10a,42,3.6922
2005,02 7-10a,45,4.2726
2005,02 7-10a,48,4.5727
2005,02 7-10a,51,4.8129
2005,02 7-10a,54,5.1131
2005,02 7-10a,57,5.3332
2005,02 7-10a,60,5.5633
2005,02 7-10a,63,5.8535
2005,02 7-10a,66,6.0236
2005,02 7-10a,69,6.1437
2005,02 7-10a,72,6.3038
2005,02 7-10a,75,6.5639
2005,02 7-10a,78,6.734
2005,02 7-10a,81,6.9041
2005,02 7-10a,84,7.0943
2005,02 7-10a,87,7.2043
2005,02 7-10a,90,7.3144
2005,02 7-10a,93,7.3744
2005,02 7-10a,96,7.4345
2005,02 7-10a,99,7.4745
2005,02 7-10a,102,7.5345
2005,02 7-10a,105,7.6046
2005,02 7-10a,108,7.6746
2005,02 7-10a,111,7.7547
2005,02 7-10a,114,7.8347
2005,02 7-10a,117,8.0248
2005,02 7-10a,120,8.285
2005,03 10-20a,0,0.0
2005,03 10-20a,3,0.0
2005,03 10-20a,6,0.0
2005,03 10-20a,9,0.0
2005,03 10-20a,12,0.0
2005,03 10-20a,15,0.0
2005,03 10-20a,18,0.0162
2005,03 10-20a,21,0.0324
2005,03 10-20a,24,0.081
2005,03 10-20a,27,0.1296
2005,03 10-20a,30,0.1945
2005,03 10-20a,33,0.2431
2005,03 10-20a,36,0.3403
2005,03 10-20a,39,0.5834
2005,03 10-20a,42,0.8427
2005,03 10-20a,45,1.0533
2005,03 10-20a,48,1.2154
2005,03 10-20a,51,1.3774
2005,03 10-20a,54,1.6205
2005,03 10-20a,57,2.0418
2005,03 10-20a,60,2.3011
2005,03 10-20a,63,2.4793
2005,03 10-20a,66,2.7548
2005,03 10-20a,69,3.0951
2005,03 10-20a,72,3.4354
2005,03 10-20a,75,3.6947
2005,03 10-20a,78,4.035
2005,03 10-20a,81,4.2619
2005,03 10-20a,84,4.5698
2005,03 10-20a,87,4.8939
2005,03 10-20a,90,5.1207
2005,03 10-20a,93,5.299
2005,03 10-20a,96,5.5096
2005,03 10-20a,99,5.7041
2005,03 10-20a,102,5.8337
2005,03 10-20a,105,6.1254
2005,03 10-20a,108,6.5468
2005,03 10-20a,111,6.9357
2005,03 10-20a,114,7.4704
2005,03 10-20a,117,7.9566
2005,03 10-20a,120,8.7182
2005,04 > 20a,0,0.0
2005,04 > 20a,3,0.0
2005,04 > 20a,6,0.0
2005,04 > 20a,9,0.0
2005,04 > 20a,12,0.0
2005,04 > 20a,15,0.0
2005,04 > 20a,18,0.0
2005,04 > 20a,21,0.0211
2005,04 > 20a,24,0.0421
2005,04 > 20a,27,0.0421
2005,04 > 20a,30,0.0632
2005,04 > 20a,33,0.0632
2005,04 > 20a,36,0.1053
2005,04 > 20a,39,0.1895
2005,04 > 20a,42,0.358
2005,04 > 20a,45,0.4843
2005,04 > 20a,48,0.5896
2005,04 > 20a,51,0.737
2005,04 > 20a,54,0.9265
2005,04 > 20a,57,1.095
2005,04 > 20a,60,1.4319
2005,04 > 20a,63,1.5582
2005,04 > 20a,66,1.7267
2005,04 > 20a,69,1.832
2005,04 > 20a,72,2.0425
2005,04 > 20a,75,2.2742
2005,04 > 20a,78,2.4426
2005,04 > 20a,81,2.59
2005,04 > 20a,84,2.7585
2005,04 > 20a,87,2.9059
2005,04 > 20a,90,2.948
2005,04 > 20a,93,3.0112
2005,04 > 20a,96,3.0743
2005,04 > 20a,99,3.1375
2005,04 > 20a,102,3.1796
2005,04 > 20a,105,3.2428
2005,04 > 20a,108,3.4323
2005,04 > 20a,111,3.6218
2005,04 > 20a,114,3.9377
2005,04 > 20a,117,4.2956
2005,04 > 20a,120,4.5062
2005,unknown,0,0.0
2005,unknown,3,0.0
2005,unknown,6,0.0
2005,unknown,9,0.0
2005,unknown,12,0.0
2005,unknown,15,0.0
2005,unknown,18,0.0
2005,unknown,21,0.0
2005,unknown,24,0.0
2005,unknown,27,1.6529
2005,unknown,30,4.9587
2005,unknown,33,4.9587
2005,unknown,36,4.9587
2005,unknown,39,10.7438
2005,unknown,42,12.3967
2005,unknown,45,12.3967
2005,unknown,48,12.3967
2005,unknown,51,12.3967
2005,unknown,54,12.3967
2005,unknown,57,13.2231
2005,unknown,60,14.876
2005,unknown,63,28.9256
2005,unknown,66,32.2314
2005,unknown,69,33.8843
2005,unknown,72,33.8843
2005,unknown,75,35.5372
2005,unknown,78,36.3636
2005,unknown,81,36.3636
2005,unknown,84,37.1901
2005,unknown,87,42.9752
2005,unknown,90,45.4545
2005,unknown,93,50.4132
2005,unknown,96,51.2397
2005,unknown,99,53.719
2005,unknown,102,56.1983
2005,unknown,105,56.1983
2005,unknown,108,57.0248
2005,unknown,111,58.6777
2005,unknown,114,59.5041
2005,unknown,117,60.3306
2005,unknown,120,60.3306
2006,01 <= 7a,0,0.0
2006,01 <= 7a,3,0.0
2006,01 <= 7a,6,0.0119
2006,01 <= 7a,9,0.0759
2006,01 <= 7a,12,0.2634
2006,01 <= 7a,15,0.6295
2006,01 <= 7a,18,1.3886
2006,01 <= 7a,21,2.7132
2006,01 <= 7a,24,4.2149
2006,01 <= 7a,27,5.8252
2006,01 <= 7a,30,7.4043
2006,01 <= 7a,33,8.8866
2006,01 <= 7a,36,10.1874
2006,01 <= 7a,39,11.4718
2006,01 <= 7a,42,13.0434
2006,01 <= 7a,45,15.1702
2006,01 <= 7a,48,17.989
2006,01 <= 7a,51,20.7662
2006,01 <= 7a,54,23.2174
2006,01 <= 7a,57,25.2519
2006,01 <= 7a,60,26.7848
2006,01 <= 7a,63,27.8966
2006,01 <= 7a,66,28.8283
2006,01 <= 7a,69,29.5947
2006,01 <= 7a,72,30.2288
2006,01 <= 7a,75,30.7497
2006,01 <= 7a,78,31.2244
2006,01 <= 7a,81,31.6158
2006,01 <= 7a,84,32.0876
2006,01 <= 7a,87,32.4776
2006,01 <= 7a,90,32.8348
2006,01 <= 7a,93,33.1562
2006,01 <= 7a,96,33.3929
2006,01 <= 7a,99,33.5506
2006,01 <= 7a,102,33.7396
2006,01 <= 7a,105,33.9793
2006,01 <= 7a,108,34.1891
2006,01 <= 7a,111,34.4257
2006,01 <= 7a,114,34.6788
2006,01 <= 7a,117,34.9035
2006,01 <= 7a,120,35.1044
2006,02 7-10a,0,0.0
2006,02 7-10a,3,0.0
2006,02 7-10a,6,0.0
2006,02 7-10a,9,0.0
2006,02 7-10a,12,0.0
2006,02 7-10a,15,0.0698
2006,02 7-10a,18,0.2393
2006,02 7-10a,21,0.5782
2006,02 7-10a,24,1.0069
2006,02 7-10a,27,1.5951
2006,02 7-10a,30,2.6318
2006,02 7-10a,33,3.7185
2006,02 7-10a,36,5.0942
2006,02 7-10a,39,6.0811
2006,02 7-10a,42,7.0182
2006,02 7-10a,45,8.0052
2006,02 7-10a,48,8.8924
2006,02 7-10a,51,9.5604
2006,02 7-10a,54,10.0887
2006,02 7-10a,57,10.6869
2006,02 7-10a,60,11.2451
2006,02 7-10a,63,11.5642
2006,02 7-10a,66,11.9031
2006,02 7-10a,69,12.262
2006,02 7-10a,72,12.5511
2006,02 7-10a,75,12.7505
2006,02 7-10a,78,12.9897
2006,02 7-10a,81,13.1094
2006,02 7-10a,84,13.2489
2006,02 7-10a,87,13.3686
2006,02 7-10a,90,13.4882
2006,02 7-10a,93,13.558
2006,02 7-10a,96,13.7574
2006,02 7-10a,99,13.8271
2006,02 7-10a,102,14.0365
2006,02 7-10a,105,14.4353
2006,02 7-10a,108,14.9237
2006,02 7-10a,111,15.6116
2006,02 7-10a,114,16.1001
2006,02 7-10a,117,16.6085
2006,02 7-10a,120,16.9973
2006,03 10-20a,0,0.0
2006,03 10-20a,3,0.0
2006,03 10-20a,6,0.0
2006,03 10-20a,9,0.0
2006,03 10-20a,12,0.0
2006,03 10-20a,15,0.0182
2006,03 10-20a,18,0.0364
2006,03 10-20a,21,0.0364
2006,03 10-20a,24,0.1456
2006,03 10-20a,27,0.2548
2006,03 10-20a,30,0.3458
2006,03 10-20a,33,0.5461
2006,03 10-20a,36,0.8009
2006,03 10-20a,39,1.0375
2006,03 10-20a,42,1.3469
2006,03 10-20a,45,1.6928
2006,03 10-20a,48,2.0022
2006,03 10-20a,51,2.3844
2006,03 10-20a,54,2.712
2006,03 10-20a,57,3.0397
2006,03 10-20a,60,3.4219
2006,03 10-20a,63,3.8041
2006,03 10-20a,66,4.059
2006,03 10-20a,69,4.4412
2006,03 10-20a,72,4.8234
2006,03 10-20a,75,5.1511
2006,03 10-20a,78,5.5515
2006,03 10-20a,81,5.7699
2006,03 10-20a,84,6.0248
2006,03 10-20a,87,6.3888
2006,03 10-20a,90,6.7892
2006,03 10-20a,93,7.1351
2006,03 10-20a,96,7.6265
2006,03 10-20a,99,8.209
2006,03 10-20a,102,8.7914
2006,03 10-20a,105,9.4285
2006,03 10-20a,108,10.375
2006,03 10-20a,111,11.5217
2006,03 10-20a,114,12.7412
2006,03 10-20a,117,14.3429
2006,03 10-20a,120,15.344
2006,04 > 20a,0,0.0
2006,04 > 20a,3,0.0
2006,04 > 20a,6,0.0
2006,04 > 20a,9,0.0
2006,04 > 20a,12,0.0
2006,04 > 20a,15,0.0
2006,04 > 20a,18,0.0
2006,04 > 20a,21,0.0
2006,04 > 20a,24,0.0544
2006,04 > 20a,27,0.1359
2006,04 > 20a,30,0.2447
2006,04 > 20a,33,0.3535
2006,04 > 20a,36,0.4622
2006,04 > 20a,39,0.7069
2006,04 > 20a,42,1.0332
2006,04 > 20a,45,1.3051
2006,04 > 20a,48,1.5769
2006,04 > 20a,51,2.1479
2006,04 > 20a,54,2.5829
2006,04 > 20a,57,2.9092
2006,04 > 20a,60,3.317
2006,04 > 20a,63,3.7792
2006,04 > 20a,66,4.1599
2006,04 > 20a,69,4.5949
2006,04 > 20a,72,4.8668
2006,04 > 20a,75,5.1659
2006,04 > 20a,78,5.4377
2006,04 > 20a,81,5.6009
2006,04 > 20a,84,5.8456
2006,04 > 20a,87,6.0359
2006,04 > 20a,90,6.2262
2006,04 > 20a,93,6.5525
2006,04 > 20a,96,7.0147
2006,04 > 20a,99,7.3138
2006,04 > 20a,102,7.8303
2006,04 > 20a,105,8.5101
2006,04 > 20a,108,9.2713
2006,04 > 20a,111,10.2501
2006,04 > 20a,114,11.0658
2006,04 > 20a,117,11.7999
2006,04 > 20a,120,12.5612
2006,unknown,0,0.0
2006,unknown,3,0.0
2006,unknown,6,0.0
2006,unknown,9,0.0
2006,unknown,12,0.0
2006,unknown,15,0.5682
2006,unknown,18,1.1364
2006,unknown,21,1.1364
2006,unknown,24,2.2727
2006,unknown,27,6.25
2006,unknown,30,8.5227
2006,unknown,33,8.5227
2006,unknown,36,8.5227
2006,unknown,39,11.3636
2006,unknown,42,11.9318
2006,unknown,45,12.5
2006,unknown,48,15.9091
2006,unknown,51,19.8864
2006,unknown,54,20.4545
2006,unknown,57,21.0227
2006,unknown,60,22.1591
2006,unknown,63,25.0
2006,unknown,66,25.0
2006,unknown,69,26.1364
2006,unknown,72,26.1364
2006,unknown,75,26.1364
2006,unknown,78,26.1364
2006,unknown,81,26.1364
2006,unknown,84,26.7045
2006,unknown,87,45.4545
2006,unknown,90,48.8636
2006,unknown,93,51.7045
2006,unknown,96,55.6818
2006,unknown,99,57.3864
2006,unknown,102,58.5227
2006,unknown,105,60.2273
2006,unknown,108,60.2273
2006,unknown,111,60.7955
2006,unknown,114,60.7955
2006,unknown,117,60.7955
2006,unknown,120,63.0682
2007,01 <= 7a,0,0.0
2007,01 <= 7a,3,0.0
2007,01 <= 7a,6,0.003
2007,01 <= 7a,9,0.087
2007,01 <= 7a,12,0.652
2007,01 <= 7a,15,1.8748
2007,01 <= 7a,18,3.3912
2007,01 <= 7a,21,5.083
2007,01 <= 7a,24,6.8295
2007,01 <= 7a,27,8.5288
2007,01 <= 7a,30,10.557
2007,01 <= 7a,33,12.9259
2007,01 <= 7a,36,15.9542
2007,01 <= 7a,39,19.1979
2007,01 <= 7a,42,22.2571
2007,01 <= 7a,45,25.2677
2007,01 <= 7a,48,27.411
2007,01 <= 7a,51,29.212
2007,01 <= 7a,54,30.482
2007,01 <= 7a,57,31.5529
2007,01 <= 7a,60,32.4512
2007,01 <= 7a,63,33.208
2007,01 <= 7a,66,33.9145
2007,01 <= 7a,69,34.4603
2007,01 <= 7a,72,34.9662
2007,01 <= 7a,75,35.6256
2007,01 <= 7a,78,36.1345
2007,01 <= 7a,81,36.6124
2007,01 <= 7a,84,37.0269
2007,01 <= 7a,87,37.3057
2007,01 <= 7a,90,37.6774
2007,01 <= 7a,93,38.0491
2007,01 <= 7a,96,38.3692
2007,01 <= 7a,99,38.7379
2007,01 <= 7a,102,39.0492
2007,01 <= 7a,105,39.3103
2007,01 <= 7a,108,39.5654
2007,01 <= 7a,111,39.7793
2007,01 <= 7a,114,39.9224
2007,01 <= 7a,117,40.033
2007,01 <= 7a,120,40.1186
2007,02 7-10a,0,0.0
2007,02 7-10a,3,0.0
2007,02 7-10a,6,0.0
2007,02 7-10a,9,0.0082
2007,02 7-10a,12,0.1312
2007,02 7-10a,15,0.3935
2007,02 7-10a,18,0.7871
2007,02 7-10a,21,1.525
2007,02 7-10a,24,2.64
2007,02 7-10a,27,3.919
2007,02 7-10a,30,5.5341
2007,02 7-10a,33,7.3215
2007,02 7-10a,36,9.1088
2007,02 7-10a,39,10.8715
2007,02 7-10a,42,12.0521
2007,02 7-10a,45,13.1918
2007,02 7-10a,48,14.4052
2007,02 7-10a,51,15.3808
2007,02 7-10a,54,16.1351
2007,02 7-10a,57,16.873
2007,02 7-10a,60,17.1518
2007,02 7-10a,63,17.5043
2007,02 7-10a,66,17.8077
2007,02 7-10a,69,17.9388
2007,02 7-10a,72,18.0618
2007,02 7-10a,75,18.193
2007,02 7-10a,78,18.439
2007,02 7-10a,81,18.6603
2007,02 7-10a,84,18.8571
2007,02 7-10a,87,19.1359
2007,02 7-10a,90,19.4638
2007,02 7-10a,93,19.9229
2007,02 7-10a,96,20.5378
2007,02 7-10a,99,21.3003
2007,02 7-10a,102,21.9152
2007,02 7-10a,105,22.7269
2007,02 7-10a,108,23.309
2007,02 7-10a,111,23.6206
2007,02 7-10a,114,23.8419
2007,02 7-10a,117,24.0551
2007,02 7-10a,120,24.1863
2007,03 10-20a,0,0.0
2007,03 10-20a,3,0.0
2007,03 10-20a,6,0.0
2007,03 10-20a,9,0.0
2007,03 10-20a,12,0.0
2007,03 10-20a,15,0.0
2007,03 10-20a,18,0.0388
2007,03 10-20a,21,0.0971
2007,03 10-20a,24,0.1942
2007,03 10-20a,27,0.3107
2007,03 10-20a,30,0.5244
2007,03 10-20a,33,0.6992
2007,03 10-20a,36,0.9711
2007,03 10-20a,39,1.2235
2007,03 10-20a,42,1.6314
2007,03 10-20a,45,1.9227
2007,03 10-20a,48,2.1558
2007,03 10-20a,51,2.583
2007,03 10-20a,54,3.0103
2007,03 10-20a,57,3.3599
2007,03 10-20a,60,3.7095
2007,03 10-20a,63,4.059
2007,03 10-20a,66,4.428
2007,03 10-20a,69,4.8359
2007,03 10-20a,72,5.0301
2007,03 10-20a,75,5.2437
2007,03 10-20a,78,5.4768
2007,03 10-20a,81,5.9235
2007,03 10-20a,84,6.4284
2007,03 10-20a,87,7.0888
2007,03 10-20a,90,7.7102
2007,03 10-20a,93,8.8367
2007,03 10-20a,96,9.8272
2007,03 10-20a,99,10.8371
2007,03 10-20a,102,12.1189
2007,03 10-20a,105,13.5949
2007,03 10-20a,108,14.6436
2007,03 10-20a,111,15.537
2007,03 10-20a,114,16.3333
2007,03 10-20a,117,16.6829
2007,03 10-20a,120,17.1101
2007,04 > 20a,0,0.0
2007,04 > 20a,3,0.0
2007,04 > 20a,6,0.0
2007,04 > 20a,9,0.0
2007,04 > 20a,12,0.0
2007,04 > 20a,15,0.0
2007,04 > 20a,18,0.0
2007,04 > 20a,21,0.0
2007,04 > 20a,24,0.0334
2007,04 > 20a,27,0.1336
2007,04 > 20a,30,0.3339
2007,04 > 20a,33,0.5676
2007,04 > 20a,36,0.7346
2007,04 > 20a,39,1.0017
2007,04 > 20a,42,1.3022
2007,04 > 20a,45,1.7362
2007,04 > 20a,48,2.2371
2007,04 > 20a,51,2.6711
2007,04 > 20a,54,3.3389
2007,04 > 20a,57,3.7062
2007,04 > 20a,60,4.1068
2007,04 > 20a,63,4.5075
2007,04 > 20a,66,4.9082
2007,04 > 20a,69,5.0417
2007,04 > 20a,72,5.0751
2007,04 > 20a,75,5.3756
2007,04 > 20a,78,5.5092
2007,04 > 20a,81,5.9766
2007,04 > 20a,84,6.3773
2007,04 > 20a,87,6.778
2007,04 > 20a,90,7.4791
2007,04 > 20a,93,8.3472
2007,04 > 20a,96,9.1152
2007,04 > 20a,99,10.0835
2007,04 > 20a,102,11.7863
2007,04 > 20a,105,13.2554
2007,04 > 20a,108,14.2571
2007,04 > 20a,111,15.1252
2007,04 > 20a,114,15.5259
2007,04 > 20a,117,15.6928
2007,04 > 20a,120,15.8932
2007,unknown,0,0.0
2007,unknown,3,0.0
2007,unknown,6,0.0
2007,unknown,9,0.0
2007,unknown,12,0.0
2007,unknown,15,0.7407
2007,unknown,18,1.4815
2007,unknown,21,1.4815
2007,unknown,24,1.4815
2007,unknown,27,5.9259
2007,unknown,30,5.9259
2007,unknown,33,8.8889
2007,unknown,36,11.1111
2007,unknown,39,18.5185
2007,unknown,42,21.4815
2007,unknown,45,23.7037
2007,unknown,48,23.7037
2007,unknown,51,24.4444
2007,unknown,54,25.9259
2007,unknown,57,25.9259
2007,unknown,60,25.9259
2007,unknown,63,26.6667
2007,unknown,66,26.6667
2007,unknown,69,27.4074
2007,unknown,72,27.4074
2007,unknown,75,28.1481
2007,unknown,78,28.1481
2007,unknown,81,28.1481
2007,unknown,84,28.1481
2007,unknown,87,48.8889
2007,unknown,90,51.8519
2007,unknown,93,54.8148
2007,unknown,96,57.037
2007,unknown,99,59.2593
2007,unknown,102,60.7407
2007,unknown,105,61.4815
2007,unknown,108,62.963
2007,unknown,111,62.963
2007,unknown,114,62.963
2007,unknown,117,62.963
2007,unknown,120,64.4444
2008,01 <= 7a,0,0.0
2008,01 <= 7a,3,0.0
2008,01 <= 7a,6,0.0
2008,01 <= 7a,9,0.0955
2008,01 <= 7a,12,0.5568
2008,01 <= 7a,15,1.533
2008,01 <= 7a,18,3.0078
2008,01 <= 7a,21,4.62
2008,01 <= 7a,24,6.5374
2008,01 <= 7a,27,8.9837
2008,01 <= 7a,30,11.6304
2008,01 <= 7a,33,14.3982
2008,01 <= 7a,36,16.4018
2008,01 <= 7a,39,18.2354
2008,01 <= 7a,42,19.9478
2008,01 <= 7a,45,21.4412
2008,01 <= 7a,48,22.6737
2008,01 <= 7a,51,23.6872
2008,01 <= 7a,54,24.5911
2008,01 <= 7a,57,25.3623
2008,01 <= 7a,60,25.996
2008,01 <= 7a,63,26.6367
2008,01 <= 7a,66,27.3147
2008,01 <= 7a,69,27.9787
2008,01 <= 7a,72,28.5332
2008,01 <= 7a,75,29.0876
2008,01 <= 7a,78,29.6119
2008,01 <= 7a,81,30.1128
2008,01 <= 7a,84,30.5741
2008,01 <= 7a,87,31.0657
2008,01 <= 7a,90,31.5922
2008,01 <= 7a,93,32.1304
2008,01 <= 7a,96,32.4426
2008,01 <= 7a,99,32.7198
2008,01 <= 7a,102,32.9691
2008,01 <= 7a,105,33.1508
2008,01 <= 7a,108,33.3093
2008,01 <= 7a,111,33.4374
2008,01 <= 7a,114,33.5795
2008,01 <= 7a,117,33.696
2008,01 <= 7a,120,33.8055
2008,02 7-10a,0,0.0
2008,02 7-10a,3,0.0
2008,02 7-10a,6,0.0
2008,02 7-10a,9,0.0372
2008,02 7-10a,12,0.2322
2008,02 7-10a,15,0.6967
2008,02 7-10a,18,1.2076
2008,02 7-10a,21,2.0437
2008,02 7-10a,24,3.0376
2008,02 7-10a,27,4.1059
2008,02 7-10a,30,5.3878
2008,02 7-10a,33,6.8184
2008,02 7-10a,36,8.9457
2008,02 7-10a,39,11.0543
2008,02 7-10a,42,13.0144
2008,02 7-10a,45,14.3149
2008,02 7-10a,48,15.0023
2008,02 7-10a,51,15.4575
2008,02 7-10a,54,15.8662
2008,02 7-10a,57,16.1542
2008,02 7-10a,60,16.3771
2008,02 7-10a,63,16.5444
2008,02 7-10a,66,16.7952
2008,02 7-10a,69,17.0274
2008,02 7-10a,72,17.3154
2008,02 7-10a,75,17.6219
2008,02 7-10a,78,17.9563
2008,02 7-10a,81,18.3465
2008,02 7-10a,84,18.8667
2008,02 7-10a,87,19.6284
2008,02 7-10a,90,20.2601
2008,02 7-10a,93,20.9104
2008,02 7-10a,96,21.4491
2008,02 7-10a,99,21.9043
2008,02 7-10a,102,22.2202
2008,02 7-10a,105,22.3688
2008,02 7-10a,108,22.4803
2008,02 7-10a,111,22.6382
2008,02 7-10a,114,22.7125
2008,02 7-10a,117,22.8333
2008,02 7-10a,120,22.9261
2008,03 10-20a,0,0.0
2008,03 10-20a,3,0.0
2008,03 10-20a,6,0.0
2008,03 10-20a,9,0.0
2008,03 10-20a,12,0.0
2008,03 10-20a,15,0.0
2008,03 10-20a,18,0.0216
2008,03 10-20a,21,0.0865
2008,03 10-20a,24,0.1731
2008,03 10-20a,27,0.3462
2008,03 10-20a,30,0.4111
2008,03 10-20a,33,0.7356
2008,03 10-20a,36,1.0169
2008,03 10-20a,39,1.3414
2008,03 10-20a,42,1.5145
2008,03 10-20a,45,1.7741
2008,03 10-20a,48,2.077
2008,03 10-20a,51,2.3583
2008,03 10-20a,54,2.6395
2008,03 10-20a,57,2.9208
2008,03 10-20a,60,3.1588
2008,03 10-20a,63,3.2886
2008,03 10-20a,66,3.6348
2008,03 10-20a,69,3.8295
2008,03 10-20a,72,4.1108
2008,03 10-20a,75,4.4786
2008,03 10-20a,78,4.868
2008,03 10-20a,81,5.3873
2008,03 10-20a,84,6.2311
2008,03 10-20a,87,6.9883
2008,03 10-20a,90,8.0917
2008,03 10-20a,93,9.3466
2008,03 10-20a,96,10.4717
2008,03 10-20a,99,11.2722
2008,03 10-20a,102,11.878
2008,03 10-20a,105,12.6352
2008,03 10-20a,108,12.8949
2008,03 10-20a,111,13.241
2008,03 10-20a,114,13.5656
2008,03 10-20a,117,13.717
2008,03 10-20a,120,13.955
2008,04 > 20a,0,0.0
2008,04 > 20a,3,0.0
2008,04 > 20a,6,0.0
2008,04 > 20a,9,0.0
2008,04 > 20a,12,0.0
2008,04 > 20a,15,0.0
2008,04 > 20a,18,0.0
2008,04 > 20a,21,0.031
2008,04 > 20a,24,0.031
2008,04 > 20a,27,0.0619
2008,04 > 20a,30,0.2787
2008,04 > 20a,33,0.3407
2008,04 > 20a,36,0.5574
2008,04 > 20a,39,0.7742
2008,04 > 20a,42,1.2078
2008,04 > 20a,45,1.4865
2008,04 > 20a,48,1.6414
2008,04 > 20a,51,1.7962
2008,04 > 20a,54,1.8891
2008,04 > 20a,57,1.982
2008,04 > 20a,60,2.1679
2008,04 > 20a,63,2.3537
2008,04 > 20a,66,2.8182
2008,04 > 20a,69,3.004
2008,04 > 20a,72,3.3447
2008,04 > 20a,75,3.995
2008,04 > 20a,78,4.3357
2008,04 > 20a,81,4.8312
2008,04 > 20a,84,5.7913
2008,04 > 20a,87,6.8442
2008,04 > 20a,90,7.8972
2008,04 > 20a,93,8.7643
2008,04 > 20a,96,10.0341
2008,04 > 20a,99,10.8083
2008,04 > 20a,102,11.5206
2008,04 > 20a,105,11.8303
2008,04 > 20a,108,12.2639
2008,04 > 20a,111,12.4187
2008,04 > 20a,114,12.5426
2008,04 > 20a,117,12.6355
2008,04 > 20a,120,12.8213
2008,unknown,0,0.0
2008,unknown,3,0.0
2008,unknown,6,0.0
2008,unknown,9,0.0
2008,unknown,12,0.0
2008,unknown,15,0.0
2008,unknown,18,2.0408
2008,unknown,21,3.0612
2008,unknown,24,3.0612
2008,unknown,27,11.2245
2008,unknown,30,14.2857
2008,unknown,33,15.3061
2008,unknown,36,16.3265
2008,unknown,39,21.4286
2008,unknown,42,21.4286
2008,unknown,45,23.4694
2008,unknown,48,23.4694
2008,unknown,51,24.4898
2008,unknown,54,24.4898
2008,unknown,57,24.4898
2008,unknown,60,24.4898
2008,unknown,63,28.5714
2008,unknown,66,32.6531
2008,unknown,69,35.7143
2008,unknown,72,35.7143
2008,unknown,75,35.7143
2008,unknown,78,37.7551
2008,unknown,81,37.7551
2008,unknown,84,40.8163
2008,unknown,87,44.898
2008,unknown,90,50.0
2008,unknown,93,52.0408
2008,unknown,96,55.102
2008,unknown,99,58.1633
2008,unknown,102,60.2041
2008,unknown,105,61.2245
2008,unknown,108,62.2449
2008,unknown,111,62.2449
2008,unknown,114,62.2449
2008,unknown,117,64.2857
2008,unknown,120,64.2857
2009,01 <= 7a,0,0.0
2009,01 <= 7a,3,0.0
2009,01 <= 7a,6,0.0
2009,01 <= 7a,9,0.0179
2009,01 <= 7a,12,0.2281
2009,01 <= 7a,15,0.5592
2009,01 <= 7a,18,1.0333
2009,01 <= 7a,21,1.7177
2009,01 <= 7a,24,2.5677
2009,01 <= 7a,27,3.3639
2009,01 <= 7a,30,4.0215
2009,01 <= 7a,33,4.7596
2009,01 <= 7a,36,5.3948
2009,01 <= 7a,39,5.9584
2009,01 <= 7a,42,6.4997
2009,01 <= 7a,45,7.0499
2009,01 <= 7a,48,7.7343
2009,01 <= 7a,51,8.2711
2009,01 <= 7a,54,8.7318
2009,01 <= 7a,57,9.291
2009,01 <= 7a,60,9.7517
2009,01 <= 7a,63,10.2706
2009,01 <= 7a,66,10.8253
2009,01 <= 7a,69,11.389
2009,01 <= 7a,72,11.9705
2009,01 <= 7a,75,12.5833
2009,01 <= 7a,78,13.0485
2009,01 <= 7a,81,13.5451
2009,01 <= 7a,84,13.9163
2009,01 <= 7a,87,14.2697
2009,01 <= 7a,90,14.5292
2009,01 <= 7a,93,14.7618
2009,01 <= 7a,96,14.9765
2009,01 <= 7a,99,15.1868
2009,01 <= 7a,102,15.3612
2009,01 <= 7a,105,15.5312
2009,01 <= 7a,108,15.6654
2009,01 <= 7a,111,15.8309
2009,01 <= 7a,114,15.9517
2009,01 <= 7a,117,16.0904
2009,01 <= 7a,120,16.1709
2009,02 7-10a,0,0.0
2009,02 7-10a,3,0.0
2009,02 7-10a,6,0.0
2009,02 7-10a,9,0.0126
2009,02 7-10a,12,0.0251
2009,02 7-10a,15,0.088
2009,02 7-10a,18,0.1383
2009,02 7-10a,21,0.3269
2009,02 7-10a,24,1.6095
2009,02 7-10a,27,3.4201
2009,02 7-10a,30,5.4571
2009,02 7-10a,33,7.2928
2009,02 7-10a,36,8.3239
2009,02 7-10a,39,9.0029
2009,02 7-10a,42,9.3424
2009,02 7-10a,45,9.5687
2009,02 7-10a,48,9.7573
2009,02 7-10a,51,9.8831
2009,02 7-10a,54,10.0968
2009,02 7-10a,57,10.2351
2009,02 7-10a,60,10.3357
2009,02 7-10a,63,10.4363
2009,02 7-10a,66,10.6123
2009,02 7-10a,69,10.7758
2009,02 7-10a,72,11.1279
2009,02 7-10a,75,11.4925
2009,02 7-10a,78,11.7566
2009,02 7-10a,81,12.0835
2009,02 7-10a,84,12.2344
2009,02 7-10a,87,12.4356
2009,02 7-10a,90,12.5487
2009,02 7-10a,93,12.6116
2009,02 7-10a,96,12.6996
2009,02 7-10a,99,12.7876
2009,02 7-10a,102,12.8379
2009,02 7-10a,105,12.8882
2009,02 7-10a,108,12.9637
2009,02 7-10a,111,13.0517
2009,02 7-10a,114,13.102
2009,02 7-10a,117,13.1523
2009,02 7-10a,120,13.19
2009,03 10-20a,0,0.0
2009,03 10-20a,3,0.0
2009,03 10-20a,6,0.0
2009,03 10-20a,9,0.0
2009,03 10-20a,12,0.0
2009,03 10-20a,15,0.0
2009,03 10-20a,18,0.0
2009,03 10-20a,21,0.0
2009,03 10-20a,24,0.0
2009,03 10-20a,27,0.0301
2009,03 10-20a,30,0.1206
2009,03 10-20a,33,0.211
2009,03 10-20a,36,0.3015
2009,03 10-20a,39,0.5427
2009,03 10-20a,42,0.6331
2009,03 10-20a,45,0.6934
2009,03 10-20a,48,0.9044
2009,03 10-20a,51,1.0552
2009,03 10-20a,54,1.2361
2009,03 10-20a,57,1.3566
2009,03 10-20a,60,1.7184
2009,03 10-20a,63,2.05
2009,03 10-20a,66,2.2611
2009,03 10-20a,69,2.5927
2009,03 10-20a,72,3.0449
2009,03 10-20a,75,3.5273
2009,03 10-20a,78,4.0398
2009,03 10-20a,81,4.6729
2009,03 10-20a,84,5.1854
2009,03 10-20a,87,5.4869
2009,03 10-20a,90,5.8788
2009,03 10-20a,93,6.0898
2009,03 10-20a,96,6.3612
2009,03 10-20a,99,6.6626
2009,03 10-20a,102,6.9943
2009,03 10-20a,105,7.2355
2009,03 10-20a,108,7.4163
2009,03 10-20a,111,7.5671
2009,03 10-20a,114,7.748
2009,03 10-20a,117,8.1097
2009,03 10-20a,120,8.2906
2009,04 > 20a,0,0.0
2009,04 > 20a,3,0.0
2009,04 > 20a,6,0.0
2009,04 > 20a,9,0.0
2009,04 > 20a,12,0.0
2009,04 > 20a,15,0.0
2009,04 > 20a,18,0.0
2009,04 > 20a,21,0.0
2009,04 > 20a,24,0.0337
2009,04 > 20a,27,0.0337
2009,04 > 20a,30,0.0673
2009,04 > 20a,33,0.1347
2009,04 > 20a,36,0.1684
2009,04 > 20a,39,0.2694
2009,04 > 20a,42,0.404
2009,04 > 20a,45,0.5387
2009,04 > 20a,48,0.5387
2009,04 > 20a,51,0.5724
2009,04 > 20a,54,0.6734
2009,04 > 20a,57,0.9428
2009,04 > 20a,60,1.1111
2009,04 > 20a,63,1.3468
2009,04 > 20a,66,1.6835
2009,04 > 20a,69,1.8519
2009,04 > 20a,72,2.3232
2009,04 > 20a,75,2.6263
2009,04 > 20a,78,3.1987
2009,04 > 20a,81,3.8047
2009,04 > 20a,84,4.2424
2009,04 > 20a,87,4.7138
2009,04 > 20a,90,4.9495
2009,04 > 20a,93,5.2189
2009,04 > 20a,96,5.3535
2009,04 > 20a,99,5.3872
2009,04 > 20a,102,5.4545
2009,04 > 20a,105,5.4882
2009,04 > 20a,108,5.6566
2009,04 > 20a,111,5.7239
2009,04 > 20a,114,5.7912
2009,04 > 20a,117,5.8923
2009,04 > 20a,120,5.9596
2009,unknown,0,0.0
2009,unknown,3,0.0
2009,unknown,6,0.0
2009,unknown,9,0.0
2009,unknown,12,0.0
2009,unknown,15,2.439
2009,unknown,18,2.439
2009,unknown,21,2.439
2009,unknown,24,2.439
2009,unknown,27,7.3171
2009,unknown,30,7.3171
2009,unknown,33,7.3171
2009,unknown,36,7.3171
2009,unknown,39,7.3171
2009,unknown,42,7.3171
2009,unknown,45,9.7561
2009,unknown,48,9.7561
2009,unknown,51,9.7561
2009,unknown,54,9.7561
2009,unknown,57,12.1951
2009,unknown,60,14.6341
2009,unknown,63,21.9512
2009,unknown,66,24.3902
2009,unknown,69,26.8293
2009,unknown,72,34.1463
2009,unknown,75,36.5854
2009,unknown,78,36.5854
2009,unknown,81,36.5854
2009,unknown,84,41.4634
2009,unknown,87,51.2195
2009,unknown,90,53.6585
2009,unknown,93,58.5366
2009,unknown,96,63.4146
2009,unknown,99,70.7317
2009,unknown,102,70.7317
2009,unknown,105,70.7317
2009,unknown,108,75.6098
2009,unknown,111,75.6098
2009,unknown,114,75.6098
2009,unknown,117,75.6098
2009,unknown,120,75.6098
2010,01 <= 7a,0,0.0
2010,01 <= 7a,3,0.0
2010,01 <= 7a,6,0.0
2010,01 <= 7a,9,0.0217
2010,01 <= 7a,12,0.0825
2010,01 <= 7a,15,0.2346
2010,01 <= 7a,18,0.4822
2010,01 <= 7a,21,0.7863
2010,01 <= 7a,24,1.073
2010,01 <= 7a,27,1.3336
2010,01 <= 7a,30,1.6421
2010,01 <= 7a,33,1.9418
2010,01 <= 7a,36,2.2242
2010,01 <= 7a,39,2.5152
2010,01 <= 7a,42,2.9192
2010,01 <= 7a,45,3.4014
2010,01 <= 7a,48,3.8532
2010,01 <= 7a,51,4.3527
2010,01 <= 7a,54,4.7958
2010,01 <= 7a,57,5.3519
2010,01 <= 7a,60,5.8818
2010,01 <= 7a,63,6.3467
2010,01 <= 7a,66,6.755
2010,01 <= 7a,69,7.2155
2010,01 <= 7a,72,7.6368
2010,01 <= 7a,75,8.0148
2010,01 <= 7a,78,8.3579
2010,01 <= 7a,81,8.6316
2010,01 <= 7a,84,8.8184
2010,01 <= 7a,87,9.0747
2010,01 <= 7a,90,9.305
2010,01 <= 7a,93,9.5265
2010,01 <= 7a,96,9.6916
2010,01 <= 7a,99,9.8871
2010,01 <= 7a,102,10.0695
2010,01 <= 7a,105,10.1825
2010,01 <= 7a,108,10.3432
2010,01 <= 7a,111,10.4301
2010,01 <= 7a,114,10.4778
2010,01 <= 7a,117,10.5734
2010,01 <= 7a,120,10.6473
2010,02 7-10a,0,0.0
2010,02 7-10a,3,0.0
2010,02 7-10a,6,0.0
2010,02 7-10a,9,0.0107
2010,02 7-10a,12,0.0215
2010,02 7-10a,15,0.258
2010,02 7-10a,18,0.6771
2010,02 7-10a,21,1.6122
2010,02 7-10a,24,2.558
2010,02 7-10a,27,3.1814
2010,02 7-10a,30,3.6973
2010,02 7-10a,33,4.2347
2010,02 7-10a,36,4.7077
2010,02 7-10a,39,5.1053
2010,02 7-10a,42,5.3203
2010,02 7-10a,45,5.4385
2010,02 7-10a,48,5.546
2010,02 7-10a,51,5.6642
2010,02 7-10a,54,5.7932
2010,02 7-10a,57,5.9544
2010,02 7-10a,60,6.1156
2010,02 7-10a,63,6.4273
2010,02 7-10a,66,6.6745
2010,02 7-10a,69,6.8358
2010,02 7-10a,72,7.0292
2010,02 7-10a,75,7.2012
2010,02 7-10a,78,7.2657
2010,02 7-10a,81,7.3517
2010,02 7-10a,84,7.3839
2010,02 7-10a,87,7.4807
2010,02 7-10a,90,7.5344
2010,02 7-10a,93,7.6096
2010,02 7-10a,96,7.6526
2010,02 7-10a,99,7.6849
2010,02 7-10a,102,7.7171
2010,02 7-10a,105,7.7279
2010,02 7-10a,108,7.7709
2010,02 7-10a,111,7.7816
2010,02 7-10a,114,7.7816
2010,02 7-10a,117,7.8353
2010,02 7-10a,120,7.8353
2010,03 10-20a,0,0.0
2010,03 10-20a,3,0.0
2010,03 10-20a,6,0.0
2010,03 10-20a,9,0.0
2010,03 10-20a,12,0.0
2010,03 10-20a,15,0.0
2010,03 10-20a,18,0.0
2010,03 10-20a,21,0.0536
2010,03 10-20a,24,0.0536
2010,03 10-20a,27,0.0536
2010,03 10-20a,30,0.0804
2010,03 10-20a,33,0.1608
2010,03 10-20a,36,0.2412
2010,03 10-20a,39,0.2412
2010,03 10-20a,42,0.268
2010,03 10-20a,45,0.3483
2010,03 10-20a,48,0.3483
2010,03 10-20a,51,0.4555
2010,03 10-20a,54,0.5359
2010,03 10-20a,57,0.6431
2010,03 10-20a,60,0.9646
2010,03 10-20a,63,1.2058
2010,03 10-20a,66,1.5005
2010,03 10-20a,69,1.8489
2010,03 10-20a,72,2.1704
2010,03 10-20a,75,2.5188
2010,03 10-20a,78,2.7867
2010,03 10-20a,81,2.8671
2010,03 10-20a,84,3.0815
2010,03 10-20a,87,3.2154
2010,03 10-20a,90,3.3494
2010,03 10-20a,93,3.5638
2010,03 10-20a,96,3.671
2010,03 10-20a,99,3.8049
2010,03 10-20a,102,4.0997
2010,03 10-20a,105,4.314
2010,03 10-20a,108,4.3944
2010,03 10-20a,111,4.582
2010,03 10-20a,114,4.6892
2010,03 10-20a,117,4.8232
2010,03 10-20a,120,4.8767
2010,04 > 20a,0,0.0
2010,04 > 20a,3,0.0
2010,04 > 20a,6,0.0
2010,04 > 20a,9,0.0
2010,04 > 20a,12,0.0
2010,04 > 20a,15,0.0
2010,04 > 20a,18,0.0
2010,04 > 20a,21,0.0
2010,04 > 20a,24,0.0521
2010,04 > 20a,27,0.0521
2010,04 > 20a,30,0.0521
2010,04 > 20a,33,0.0521
2010,04 > 20a,36,0.0521
2010,04 > 20a,39,0.0782
2010,04 > 20a,42,0.1303
2010,04 > 20a,45,0.2085
2010,04 > 20a,48,0.2867
2010,04 > 20a,51,0.3388
2010,04 > 20a,54,0.417
2010,04 > 20a,57,0.5734
2010,04 > 20a,60,0.6255
2010,04 > 20a,63,0.834
2010,04 > 20a,66,1.1207
2010,04 > 20a,69,1.251
2010,04 > 20a,72,1.4334
2010,04 > 20a,75,1.6419
2010,04 > 20a,78,1.9025
2010,04 > 20a,81,2.0068
2010,04 > 20a,84,2.1631
2010,04 > 20a,87,2.2935
2010,04 > 20a,90,2.3456
2010,04 > 20a,93,2.3977
2010,04 > 20a,96,2.4238
2010,04 > 20a,99,2.4238
2010,04 > 20a,102,2.502
2010,04 > 20a,105,2.6583
2010,04 > 20a,108,2.8408
2010,04 > 20a,111,2.945
2010,04 > 20a,114,2.9711
2010,04 > 20a,117,2.9971
2010,04 > 20a,120,2.9971
2010,unknown,0,0.0
2010,unknown,3,0.0
2010,unknown,6,0.0
2010,unknown,9,0.0
2010,unknown,12,0.0
2010,unknown,15,0.0
2010,unknown,18,0.0
2010,unknown,21,0.0
2010,unknown,24,0.0
2010,unknown,27,0.0
2010,unknown,30,0.0
2010,unknown,33,0.0
2010,unknown,36,0.0
2010,unknown,39,0.0
2010,unknown,42,0.0
2010,unknown,45,0.0
2010,unknown,48,0.0
2010,unknown,51,5.0
2010,unknown,54,5.0
2010,unknown,57,5.0
2010,unknown,60,10.0
2010,unknown,63,10.0
2010,unknown,66,10.0
2010,unknown,69,10.0
2010,unknown,72,10.0
2010,unknown,75,15.0
2010,unknown,78,15.0
2010,unknown,81,20.0
2010,unknown,84,25.0
2010,unknown,87,30.0
2010,unknown,90,45.0
2010,unknown,93,45.0
2010,unknown,96,45.0
2010,unknown,99,45.0
2010,unknown,102,45.0
2010,unknown,105,45.0
2010,unknown,108,55.0
2010,unknown,111,55.0
2010,unknown,114,60.0
2010,unknown,117,60.0
2010,unknown,120,60.0
2011,01 <= 7a,0,0.0
2011,01 <= 7a,3,0.0
2011,01 <= 7a,6,0.0
2011,01 <= 7a,9,0.034
2011,01 <= 7a,12,0.1021
2011,01 <= 7a,15,0.2005
2011,01 <= 7a,18,0.3593
2011,01 <= 7a,21,0.556
2011,01 <= 7a,24,0.7981
2011,01 <= 7a,27,1.0894
2011,01 <= 7a,30,1.3731
2011,01 <= 7a,33,1.6757
2011,01 <= 7a,36,2.0388
2011,01 <= 7a,39,2.4019
2011,01 <= 7a,42,2.7424
2011,01 <= 7a,45,3.1509
2011,01 <= 7a,48,3.5216
2011,01 <= 7a,51,3.8734
2011,01 <= 7a,54,4.2214
2011,01 <= 7a,57,4.5164
2011,01 <= 7a,60,4.8568
2011,01 <= 7a,63,5.254
2011,01 <= 7a,66,5.5263
2011,01 <= 7a,69,5.7987
2011,01 <= 7a,72,6.0105
2011,01 <= 7a,75,6.3093
2011,01 <= 7a,78,6.5552
2011,01 <= 7a,81,6.8011
2011,01 <= 7a,84,6.9826
2011,01 <= 7a,87,7.1869
2011,01 <= 7a,90,7.3987
2011,01 <= 7a,93,7.603
2011,01 <= 7a,96,7.7467
2011,01 <= 7a,99,7.8602
2011,01 <= 7a,102,7.9623
2011,01 <= 7a,105,8.0418
2011,01 <= 7a,108,8.1136
2011,01 <= 7a,111,8.1704
2011,01 <= 7a,114,8.2422
2011,01 <= 7a,117,8.299
2011,01 <= 7a,120,8.3444
2011,02 7-10a,0,0.0
2011,02 7-10a,3,0.0
2011,02 7-10a,6,0.0
2011,02 7-10a,9,0.0
2011,02 7-10a,12,0.033
2011,02 7-10a,15,0.22
2011,02 7-10a,18,0.33
2011,02 7-10a,21,0.5499
2011,02 7-10a,24,0.8029
2011,02 7-10a,27,1.0119
2011,02 7-10a,30,1.1879
2011,02 7-10a,33,1.4738
2011,02 7-10a,36,1.7048
2011,02 7-10a,39,2.0458
2011,02 7-10a,42,2.1777
2011,02 7-10a,45,2.3647
2011,02 7-10a,48,2.4967
2011,02 7-10a,51,2.6727
2011,02 7-10a,54,2.9586
2011,02 7-10a,57,3.1566
2011,02 7-10a,60,3.3326
2011,02 7-10a,63,3.4536
2011,02 7-10a,66,3.5526
2011,02 7-10a,69,3.6516
2011,02 7-10a,72,3.7066
2011,02 7-10a,75,3.7725
2011,02 7-10a,78,3.8605
2011,02 7-10a,81,3.9595
2011,02 7-10a,84,4.0255
2011,02 7-10a,87,4.0695
2011,02 7-10a,90,4.1025
2011,02 7-10a,93,4.1575
2011,02 7-10a,96,4.2455
2011,02 7-10a,99,4.2565
2011,02 7-10a,102,4.3005
2011,02 7-10a,105,4.3555
2011,02 7-10a,108,4.3555
2011,02 7-10a,111,4.3665
2011,02 7-10a,114,4.3775
2011,02 7-10a,117,4.3885
2011,02 7-10a,120,4.3995
2011,03 10-20a,0,0.0
2011,03 10-20a,3,0.0
2011,03 10-20a,6,0.0
2011,03 10-20a,9,0.0
2011,03 10-20a,12,0.0
2011,03 10-20a,15,0.0
2011,03 10-20a,18,0.0
2011,03 10-20a,21,0.0
2011,03 10-20a,24,0.0425
2011,03 10-20a,27,0.0425
2011,03 10-20a,30,0.1063
2011,03 10-20a,33,0.1488
2011,03 10-20a,36,0.1913
2011,03 10-20a,39,0.2125
2011,03 10-20a,42,0.2976
2011,03 10-20a,45,0.4251
2011,03 10-20a,48,0.7226
2011,03 10-20a,51,0.8927
2011,03 10-20a,54,0.9564
2011,03 10-20a,57,1.084
2011,03 10-20a,60,1.2965
2011,03 10-20a,63,1.3815
2011,03 10-20a,66,1.594
2011,03 10-20a,69,1.8066
2011,03 10-20a,72,1.9766
2011,03 10-20a,75,2.2317
2011,03 10-20a,78,2.4017
2011,03 10-20a,81,2.5717
2011,03 10-20a,84,2.678
2011,03 10-20a,87,2.7843
2011,03 10-20a,90,2.8905
2011,03 10-20a,93,2.9968
2011,03 10-20a,96,3.2731
2011,03 10-20a,99,3.4219
2011,03 10-20a,102,3.5494
2011,03 10-20a,105,3.6557
2011,03 10-20a,108,3.7194
2011,03 10-20a,111,3.8045
2011,03 10-20a,114,3.8895
2011,03 10-20a,117,3.9745
2011,03 10-20a,120,4.017
2011,04 > 20a,0,0.0
2011,04 > 20a,3,0.0
2011,04 > 20a,6,0.0
2011,04 > 20a,9,0.0
2011,04 > 20a,12,0.0
2011,04 > 20a,15,0.0
2011,04 > 20a,18,0.0187
2011,04 > 20a,21,0.0187
2011,04 > 20a,24,0.0187
2011,04 > 20a,27,0.0187
2011,04 > 20a,30,0.0373
2011,04 > 20a,33,0.056
2011,04 > 20a,36,0.0747
2011,04 > 20a,39,0.0747
2011,04 > 20a,42,0.0747
2011,04 > 20a,45,0.1494
2011,04 > 20a,48,0.2427
2011,04 > 20a,51,0.3361
2011,04 > 20a,54,0.4668
2011,04 > 20a,57,0.5788
2011,04 > 20a,60,0.6535
2011,04 > 20a,63,0.7468
2011,04 > 20a,66,0.9149
2011,04 > 20a,69,1.0082
2011,04 > 20a,72,1.0642
2011,04 > 20a,75,1.1389
2011,04 > 20a,78,1.1763
2011,04 > 20a,81,1.2883
2011,04 > 20a,84,1.4376
2011,04 > 20a,87,1.475
2011,04 > 20a,90,1.531
2011,04 > 20a,93,1.6057
2011,04 > 20a,96,1.7364
2011,04 > 20a,99,1.7364
2011,04 > 20a,102,1.7924
2011,04 > 20a,105,1.7924
2011,04 > 20a,108,1.7924
2011,04 > 20a,111,1.8111
2011,04 > 20a,114,1.8111
2011,04 > 20a,117,1.8297
2011,04 > 20a,120,1.8297
2011,unknown,0,0.0
2011,unknown,3,0.0
2011,unknown,6,0.0
2011,unknown,9,0.0
2011,unknown,12,0.0
2011,unknown,15,0.0
2011,unknown,18,0.0
2011,unknown,21,0.0
2011,unknown,24,2.6316
2011,unknown,27,2.6316
2011,unknown,30,7.8947
2011,unknown,33,10.5263
2011,unknown,36,10.5263
2011,unknown,39,10.5263
2011,unknown,42,10.5263
2011,unknown,45,10.5263
2011,unknown,48,10.5263
2011,unknown,51,10.5263
2011,unknown,54,10.5263
2011,unknown,57,10.5263
2011,unknown,60,13.1579
2011,unknown,63,21.0526
2011,unknown,66,23.6842
2011,unknown,69,23.6842
2011,unknown,72,26.3158
2011,unknown,75,26.3158
2011,unknown,78,26.3158
2011,unknown,81,26.3158
2011,unknown,84,31.5789
2011,unknown,87,42.1053
2011,unknown,90,42.1053
2011,unknown,93,42.1053
2011,unknown,96,44.7368
2011,unknown,99,47.3684
2011,unknown,102,47.3684
2011,unknown,105,47.3684
2011,unknown,108,50.0
2011,unknown,111,50.0
2011,unknown,114,50.0
2011,unknown,117,50.0
2011,unknown,120,55.2632
2012,01 <= 7a,0,0.0
2012,01 <= 7a,3,0.0
2012,01 <= 7a,6,0.0
2012,01 <= 7a,9,0.0176
2012,01 <= 7a,12,0.0483
2012,01 <= 7a,15,0.1229
2012,01 <= 7a,18,0.2677
2012,01 <= 7a,21,0.4784
2012,01 <= 7a,24,0.768
2012,01 <= 7a,27,1.0445
2012,01 <= 7a,30,1.4395
2012,01 <= 7a,33,1.8038
2012,01 <= 7a,36,2.0759
2012,01 <= 7a,39,2.37
2012,01 <= 7a,42,2.686
2012,01 <= 7a,45,3.0195
2012,01 <= 7a,48,3.3926
2012,01 <= 7a,51,3.7612
2012,01 <= 7a,54,4.0334
2012,01 <= 7a,57,4.3274
2012,01 <= 7a,60,4.639
2012,01 <= 7a,63,4.9901
2012,01 <= 7a,66,5.3676
2012,01 <= 7a,69,5.6485
2012,01 <= 7a,72,5.9996
2012,01 <= 7a,75,6.2936
2012,01 <= 7a,78,6.5131
2012,01 <= 7a,81,6.7896
2012,01 <= 7a,84,6.9651
2012,01 <= 7a,87,7.167
2012,01 <= 7a,90,7.3513
2012,01 <= 7a,93,7.4874
2012,01 <= 7a,96,7.6147
2012,01 <= 7a,99,7.6937
2012,01 <= 7a,102,7.7551
2012,01 <= 7a,105,7.8078
2012,01 <= 7a,108,7.8824
2012,01 <= 7a,111,7.9307
2012,01 <= 7a,114,8.014
2012,01 <= 7a,117,8.1062
2012,01 <= 7a,120,8.1589
2012,02 7-10a,0,0.0
2012,02 7-10a,3,0.0
2012,02 7-10a,6,0.0
2012,02 7-10a,9,0.0
2012,02 7-10a,12,0.0129
2012,02 7-10a,15,0.0517
2012,02 7-10a,18,0.1033
2012,02 7-10a,21,0.1291
2012,02 7-10a,24,0.1937
2012,02 7-10a,27,0.2712
2012,02 7-10a,30,0.3745
2012,02 7-10a,33,0.594
2012,02 7-10a,36,0.8006
2012,02 7-10a,39,1.0847
2012,02 7-10a,42,1.2913
2012,02 7-10a,45,1.5238
2012,02 7-10a,48,1.6529
2012,02 7-10a,51,1.8724
2012,02 7-10a,54,1.9886
2012,02 7-10a,57,2.0919
2012,02 7-10a,60,2.1178
2012,02 7-10a,63,2.1952
2012,02 7-10a,66,2.234
2012,02 7-10a,69,2.3373
2012,02 7-10a,72,2.4148
2012,02 7-10a,75,2.5439
2012,02 7-10a,78,2.6085
2012,02 7-10a,81,2.6989
2012,02 7-10a,84,2.7763
2012,02 7-10a,87,2.828
2012,02 7-10a,90,2.8538
2012,02 7-10a,93,2.8667
2012,02 7-10a,96,2.9184
2012,02 7-10a,99,2.9313
2012,02 7-10a,102,2.9313
2012,02 7-10a,105,2.983
2012,02 7-10a,108,3.0088
2012,02 7-10a,111,3.0604
2012,02 7-10a,114,3.0863
2012,02 7-10a,117,3.0863
2012,02 7-10a,120,3.0992
2012,03 10-20a,0,0.0
2012,03 10-20a,3,0.0
2012,03 10-20a,6,0.0
2012,03 10-20a,9,0.0
2012,03 10-20a,12,0.0
2012,03 10-20a,15,0.0
2012,03 10-20a,18,0.0
2012,03 10-20a,21,0.0
2012,03 10-20a,24,0.0285
2012,03 10-20a,27,0.0855
2012,03 10-20a,30,0.0855
2012,03 10-20a,33,0.0855
2012,03 10-20a,36,0.1425
2012,03 10-20a,39,0.1995
2012,03 10-20a,42,0.342
2012,03 10-20a,45,0.456
2012,03 10-20a,48,0.513
2012,03 10-20a,51,0.57
2012,03 10-20a,54,0.684
2012,03 10-20a,57,0.7694
2012,03 10-20a,60,0.7979
2012,03 10-20a,63,0.9404
2012,03 10-20a,66,1.1399
2012,03 10-20a,69,1.2254
2012,03 10-20a,72,1.2539
2012,03 10-20a,75,1.3394
2012,03 10-20a,78,1.4819
2012,03 10-20a,81,1.5104
2012,03 10-20a,84,1.7099
2012,03 10-20a,87,1.8239
2012,03 10-20a,90,1.8524
2012,03 10-20a,93,1.9379
2012,03 10-20a,96,2.1089
2012,03 10-20a,99,2.2229
2012,03 10-20a,102,2.2514
2012,03 10-20a,105,2.3083
2012,03 10-20a,108,2.3938
2012,03 10-20a,111,2.3938
2012,03 10-20a,114,2.5363
2012,03 10-20a,117,2.6218
2012,03 10-20a,120,2.7073
2012,04 > 20a,0,0.0
2012,04 > 20a,3,0.0
2012,04 > 20a,6,0.0
2012,04 > 20a,9,0.0
2012,04 > 20a,12,0.0
2012,04 > 20a,15,0.0
2012,04 > 20a,18,0.0
2012,04 > 20a,21,0.0
2012,04 > 20a,24,0.0
2012,04 > 20a,27,0.0
2012,04 > 20a,30,0.0207
2012,04 > 20a,33,0.0207
2012,04 > 20a,36,0.0622
2012,04 > 20a,39,0.1037
2012,04 > 20a,42,0.1244
2012,04 > 20a,45,0.2074
2012,04 > 20a,48,0.2903
2012,04 > 20a,51,0.3733
2012,04 > 20a,54,0.4562
2012,04 > 20a,57,0.5807
2012,04 > 20a,60,0.6636
2012,04 > 20a,63,0.7881
2012,04 > 20a,66,0.8088
2012,04 > 20a,69,0.871
2012,04 > 20a,72,0.9332
2012,04 > 20a,75,0.9747
2012,04 > 20a,78,1.0577
2012,04 > 20a,81,1.0991
2012,04 > 20a,84,1.1199
2012,04 > 20a,87,1.1613
2012,04 > 20a,90,1.1821
2012,04 > 20a,93,1.1821
2012,04 > 20a,96,1.1821
2012,04 > 20a,99,1.2028
2012,04 > 20a,102,1.2028
2012,04 > 20a,105,1.2028
2012,04 > 20a,108,1.2236
2012,04 > 20a,111,1.2236
2012,04 > 20a,114,1.2236
2012,04 > 20a,117,1.2236
2012,04 > 20a,120,1.2236
2012,unknown,0,0.0
2012,unknown,3,0.0
2012,unknown,6,0.0
2012,unknown,9,0.0
2012,unknown,12,0.0
2012,unknown,15,0.0
2012,unknown,18,0.0
2012,unknown,21,0.0
2012,unknown,24,0.0
2012,unknown,27,0.0
2012,unknown,30,0.0
2012,unknown,33,3.4483
2012,unknown,36,3.4483
2012,unknown,39,6.8966
2012,unknown,42,10.3448
2012,unknown,45,10.3448
2012,unknown,48,13.7931
2012,unknown,51,13.7931
2012,unknown,54,13.7931
2012,unknown,57,13.7931
2012,unknown,60,13.7931
2012,unknown,63,20.6897
2012,unknown,66,20.6897
2012,unknown,69,27.5862
2012,unknown,72,31.0345
2012,unknown,75,31.0345
2012,unknown,78,31.0345
2012,unknown,81,31.0345
2012,unknown,84,34.4828
2012,unknown,87,44.8276
2012,unknown,90,48.2759
2012,unknown,93,48.2759
2012,unknown,96,48.2759
2012,unknown,99,48.2759
2012,unknown,102,48.2759
2012,unknown,105,51.7241
2012,unknown,108,51.7241
2012,unknown,111,58.6207
2012,unknown,114,58.6207
2012,unknown,117,58.6207
2012,unknown,120,62.069
2013,01 <= 7a,0,0.0
2013,01 <= 7a,3,0.0
2013,01 <= 7a,6,0.0045
2013,01 <= 7a,9,0.027
2013,01 <= 7a,12,0.1033
2013,01 <= 7a,15,0.1932
2013,01 <= 7a,18,0.3594
2013,01 <= 7a,21,0.5751
2013,01 <= 7a,24,0.7818
2013,01 <= 7a,27,1.0109
2013,01 <= 7a,30,1.2715
2013,01 <= 7a,33,1.5231
2013,01 <= 7a,36,1.8466
2013,01 <= 7a,39,2.1431
2013,01 <= 7a,42,2.4801
2013,01 <= 7a,45,2.8575
2013,01 <= 7a,48,3.2933
2013,01 <= 7a,51,3.5854
2013,01 <= 7a,54,3.9358
2013,01 <= 7a,57,4.2369
2013,01 <= 7a,60,4.5154
2013,01 <= 7a,63,4.9288
2013,01 <= 7a,66,5.2927
2013,01 <= 7a,69,5.6342
2013,01 <= 7a,72,5.8858
2013,01 <= 7a,75,6.1509
2013,01 <= 7a,78,6.3531
2013,01 <= 7a,81,6.5283
2013,01 <= 7a,84,6.681
2013,01 <= 7a,87,6.8068
2013,01 <= 7a,90,6.9237
2013,01 <= 7a,93,7.0629
2013,01 <= 7a,96,7.1977
2013,01 <= 7a,99,7.319
2013,01 <= 7a,102,7.4314
2013,01 <= 7a,105,7.5751
2013,01 <= 7a,108,7.7144
2013,01 <= 7a,111,7.8043
2013,01 <= 7a,114,7.8941
2013,01 <= 7a,117,7.9615
2013,01 <= 7a,120,8.0469
2013,02 7-10a,0,0.0
2013,02 7-10a,3,0.0
2013,02 7-10a,6,0.0
2013,02 7-10a,9,0.0
2013,02 7-10a,12,0.0
2013,02 7-10a,15,0.0476
2013,02 7-10a,18,0.1546
2013,02 7-10a,21,0.2378
2013,02 7-10a,24,0.44
2013,02 7-10a,27,0.547
2013,02 7-10a,30,0.7253
2013,02 7-10a,33,0.9988
2013,02 7-10a,36,1.2366
2013,02 7-10a,39,1.4388
2013,02 7-10a,42,1.6052
2013,02 7-10a,45,1.8074
2013,02 7-10a,48,2.0214
2013,02 7-10a,51,2.176
2013,02 7-10a,54,2.283
2013,02 7-10a,57,2.3424
2013,02 7-10a,60,2.4138
2013,02 7-10a,63,2.5327
2013,02 7-10a,66,2.604
2013,02 7-10a,69,2.7705
2013,02 7-10a,72,2.7943
2013,02 7-10a,75,2.8419
2013,02 7-10a,78,2.9013
2013,02 7-10a,81,2.9489
2013,02 7-10a,84,2.9964
2013,02 7-10a,87,3.044
2013,02 7-10a,90,3.1153
2013,02 7-10a,93,3.1272
2013,02 7-10a,96,3.151
2013,02 7-10a,99,3.1629
2013,02 7-10a,102,3.2342
2013,02 7-10a,105,3.2342
2013,02 7-10a,108,3.2699
2013,02 7-10a,111,3.2699
2013,02 7-10a,114,3.2699
2013,02 7-10a,117,3.3056
2013,02 7-10a,120,3.3413
2013,03 10-20a,0,0.0
2013,03 10-20a,3,0.0
2013,03 10-20a,6,0.0
2013,03 10-20a,9,0.0
2013,03 10-20a,12,0.0
2013,03 10-20a,15,0.0
2013,03 10-20a,18,0.0
2013,03 10-20a,21,0.0
2013,03 10-20a,24,0.0
2013,03 10-20a,27,0.0
2013,03 10-20a,30,0.0255
2013,03 10-20a,33,0.0255
2013,03 10-20a,36,0.1277
2013,03 10-20a,39,0.1277
2013,03 10-20a,42,0.2043
2013,03 10-20a,45,0.3321
2013,03 10-20a,48,0.3321
2013,03 10-20a,51,0.4087
2013,03 10-20a,54,0.5109
2013,03 10-20a,57,0.6386
2013,03 10-20a,60,0.6897
2013,03 10-20a,63,0.8429
2013,03 10-20a,66,0.9451
2013,03 10-20a,69,1.0217
2013,03 10-20a,72,1.1239
2013,03 10-20a,75,1.3027
2013,03 10-20a,78,1.3793
2013,03 10-20a,81,1.5581
2013,03 10-20a,84,1.6603
2013,03 10-20a,87,1.7369
2013,03 10-20a,90,1.8391
2013,03 10-20a,93,1.9157
2013,03 10-20a,96,2.1456
2013,03 10-20a,99,2.2733
2013,03 10-20a,102,2.4266
2013,03 10-20a,105,2.4521
2013,03 10-20a,108,2.5543
2013,03 10-20a,111,2.6564
2013,03 10-20a,114,2.7842
2013,03 10-20a,117,2.9374
2013,03 10-20a,120,3.014
2013,04 > 20a,0,0.0
2013,04 > 20a,3,0.0
2013,04 > 20a,6,0.0
2013,04 > 20a,9,0.0
2013,04 > 20a,12,0.0
2013,04 > 20a,15,0.0
2013,04 > 20a,18,0.0
2013,04 > 20a,21,0.0
2013,04 > 20a,24,0.0
2013,04 > 20a,27,0.0
2013,04 > 20a,30,0.0
2013,04 > 20a,33,0.0344
2013,04 > 20a,36,0.0516
2013,04 > 20a,39,0.1031
2013,04 > 20a,42,0.1547
2013,04 > 20a,45,0.1719
2013,04 > 20a,48,0.1719
2013,04 > 20a,51,0.1891
2013,04 > 20a,54,0.275
2013,04 > 20a,57,0.3094
2013,04 > 20a,60,0.3438
2013,04 > 20a,63,0.3953
2013,04 > 20a,66,0.4985
2013,04 > 20a,69,0.6016
2013,04 > 20a,72,0.7047
2013,04 > 20a,75,0.7906
2013,04 > 20a,78,0.8766
2013,04 > 20a,81,0.9453
2013,04 > 20a,84,0.9625
2013,04 > 20a,87,0.9797
2013,04 > 20a,90,0.9969
2013,04 > 20a,93,1.0313
2013,04 > 20a,96,1.0313
2013,04 > 20a,99,1.0313
2013,04 > 20a,102,1.0313
2013,04 > 20a,105,1.0313
2013,04 > 20a,108,1.0313
2013,04 > 20a,111,1.0485
2013,04 > 20a,114,1.0485
2013,04 > 20a,117,1.0657
2013,04 > 20a,120,1.1516
2013,unknown,0,0.0
2013,unknown,3,0.0
2013,unknown,6,0.0
2013,unknown,9,0.0
2013,unknown,12,0.0
2013,unknown,15,0.0
2013,unknown,18,0.0
2013,unknown,21,0.0
2013,unknown,24,0.0
2013,unknown,27,0.0
2013,unknown,30,0.0
2013,unknown,33,0.0
2013,unknown,36,0.0
2013,unknown,39,0.0
2013,unknown,42,0.0
2013,unknown,45,0.0
2013,unknown,48,0.0
2013,unknown,51,0.0
2013,unknown,54,12.5
2013,unknown,57,12.5
2013,unknown,60,12.5
2013,unknown,63,12.5
2013,unknown,66,18.75
2013,unknown,69,18.75
2013,unknown,72,18.75
2013,unknown,75,25.0
2013,unknown,78,25.0
2013,unknown,81,25.0
2013,unknown,84,31.25
2013,unknown,87,50.0
2013,unknown,90,50.0
2013,unknown,93,50.0
2013,unknown,96,50.0
2013,unknown,99,50.0
2013,unknown,102,50.0
2013,unknown,105,50.0
2013,unknown,108,50.0
2013,unknown,111,50.0
2013,unknown,114,50.0
2013,unknown,117,50.0
2013,unknown,120,56.25
2014,01 <= 7a,0,0.0
2014,01 <= 7a,3,0.0
2014,01 <= 7a,6,0.0038
2014,01 <= 7a,9,0.0377
2014,01 <= 7a,12,0.1282
2014,01 <= 7a,15,0.2451
2014,01 <= 7a,18,0.4525
2014,01 <= 7a,21,0.6259
2014,01 <= 7a,24,0.8484
2014,01 <= 7a,27,1.0595
2014,01 <= 7a,30,1.3347
2014,01 <= 7a,33,1.61
2014,01 <= 7a,36,1.889
2014,01 <= 7a,39,2.1869
2014,01 <= 7a,42,2.6582
2014,01 <= 7a,45,3.0616
2014,01 <= 7a,48,3.4311
2014,01 <= 7a,51,3.8383
2014,01 <= 7a,54,4.1777
2014,01 <= 7a,57,4.5547
2014,01 <= 7a,60,4.9129
2014,01 <= 7a,63,5.2899
2014,01 <= 7a,66,5.6029
2014,01 <= 7a,69,5.8744
2014,01 <= 7a,72,6.1194
2014,01 <= 7a,75,6.308
2014,01 <= 7a,78,6.504
2014,01 <= 7a,81,6.6511
2014,01 <= 7a,84,6.8585
2014,01 <= 7a,87,7.0771
2014,01 <= 7a,90,7.2845
2014,01 <= 7a,93,7.5371
2014,01 <= 7a,96,7.7294
2014,01 <= 7a,99,7.8916
2014,01 <= 7a,102,7.9934
2014,01 <= 7a,105,8.0952
2014,01 <= 7a,108,8.1743
2014,01 <= 7a,111,8.3063
2014,01 <= 7a,114,8.3893
2014,01 <= 7a,117,8.4684
2014,01 <= 7a,120,8.5288
2014,02 7-10a,0,0.0
2014,02 7-10a,3,0.0
2014,02 7-10a,6,0.0
2014,02 7-10a,9,0.0
2014,02 7-10a,12,0.0326
2014,02 7-10a,15,0.0979
2014,02 7-10a,18,0.1958
2014,02 7-10a,21,0.3372
2014,02 7-10a,24,0.4894
2014,02 7-10a,27,0.7179
2014,02 7-10a,30,1.0007
2014,02 7-10a,33,1.2726
2014,02 7-10a,36,1.6641
2014,02 7-10a,39,1.9687
2014,02 7-10a,42,2.1427
2014,02 7-10a,45,2.3711
2014,02 7-10a,48,2.5234
2014,02 7-10a,51,2.73
2014,02 7-10a,54,2.8279
2014,02 7-10a,57,3.002
2014,02 7-10a,60,3.0563
2014,02 7-10a,63,3.1107
2014,02 7-10a,66,3.1977
2014,02 7-10a,69,3.2739
2014,02 7-10a,72,3.2956
2014,02 7-10a,75,3.3391
2014,02 7-10a,78,3.3826
2014,02 7-10a,81,3.4044
2014,02 7-10a,84,3.4914
2014,02 7-10a,87,3.524
2014,02 7-10a,90,3.524
2014,02 7-10a,93,3.5567
2014,02 7-10a,96,3.5567
2014,02 7-10a,99,3.6328
2014,02 7-10a,102,3.6328
2014,02 7-10a,105,3.6546
2014,02 7-10a,108,3.6763
2014,02 7-10a,111,3.7198
2014,02 7-10a,114,3.7307
2014,02 7-10a,117,3.7524
2014,02 7-10a,120,3.7851
2014,03 10-20a,0,0.0
2014,03 10-20a,3,0.0
2014,03 10-20a,6,0.0
2014,03 10-20a,9,0.0
2014,03 10-20a,12,0.0
2014,03 10-20a,15,0.0
2014,03 10-20a,18,0.0
2014,03 10-20a,21,0.0
2014,03 10-20a,24,0.0
2014,03 10-20a,27,0.0511
2014,03 10-20a,30,0.0766
2014,03 10-20a,33,0.1021
2014,03 10-20a,36,0.1021
2014,03 10-20a,39,0.2042
2014,03 10-20a,42,0.3064
2014,03 10-20a,45,0.3829
2014,03 10-20a,48,0.4851
2014,03 10-20a,51,0.5106
2014,03 10-20a,54,0.5617
2014,03 10-20a,57,0.6638
2014,03 10-20a,60,0.7148
2014,03 10-20a,63,0.868
2014,03 10-20a,66,0.868
2014,03 10-20a,69,0.9191
2014,03 10-20a,72,1.0722
2014,03 10-20a,75,1.1999
2014,03 10-20a,78,1.3275
2014,03 10-20a,81,1.4041
2014,03 10-20a,84,1.4807
2014,03 10-20a,87,1.7616
2014,03 10-20a,90,1.8892
2014,03 10-20a,93,2.0168
2014,03 10-20a,96,2.0424
2014,03 10-20a,99,2.119
2014,03 10-20a,102,2.1956
2014,03 10-20a,105,2.3487
2014,03 10-20a,108,2.4764
2014,03 10-20a,111,2.5274
2014,03 10-20a,114,2.6296
2014,03 10-20a,117,2.7317
2014,03 10-20a,120,2.7572
2014,04 > 20a,0,0.0
2014,04 > 20a,3,0.0
2014,04 > 20a,6,0.0
2014,04 > 20a,9,0.0
2014,04 > 20a,12,0.0
2014,04 > 20a,15,0.0
2014,04 > 20a,18,0.0
2014,04 > 20a,21,0.0
2014,04 > 20a,24,0.0
2014,04 > 20a,27,0.0158
2014,04 > 20a,30,0.0158
2014,04 > 20a,33,0.0317
2014,04 > 20a,36,0.0317
2014,04 > 20a,39,0.0475
2014,04 > 20a,42,0.0634
2014,04 > 20a,45,0.0951
2014,04 > 20a,48,0.1426
2014,04 > 20a,51,0.1743
2014,04 > 20a,54,0.206
2014,04 > 20a,57,0.2694
2014,04 > 20a,60,0.3487
2014,04 > 20a,63,0.4279
2014,04 > 20a,66,0.6022
2014,04 > 20a,69,0.6181
2014,04 > 20a,72,0.6339
2014,04 > 20a,75,0.6815
2014,04 > 20a,78,0.7132
2014,04 > 20a,81,0.7448
2014,04 > 20a,84,0.7765
2014,04 > 20a,87,0.7924
2014,04 > 20a,90,0.8241
2014,04 > 20a,93,0.8558
2014,04 > 20a,96,0.8875
2014,04 > 20a,99,0.9033
2014,04 > 20a,102,0.9192
2014,04 > 20a,105,0.9509
2014,04 > 20a,108,1.0143
2014,04 > 20a,111,1.0618
2014,04 > 20a,114,1.0935
2014,04 > 20a,117,1.1094
2014,04 > 20a,120,1.1252
2014,unknown,0,0.0
2014,unknown,3,0.0
2014,unknown,6,0.0
2014,unknown,9,0.0
2014,unknown,12,0.0
2014,unknown,15,0.0
2014,unknown,18,0.0
2014,unknown,21,0.0
2014,unknown,24,0.0
2014,unknown,27,0.0
2014,unknown,30,0.0
2014,unknown,33,0.0
2014,unknown,36,0.0
2014,unknown,39,0.0
2014,unknown,42,0.0
2014,unknown,45,0.0
2014,unknown,48,0.0
2014,unknown,51,5.2632
2014,unknown,54,5.2632
2014,unknown,57,5.2632
2014,unknown,60,5.2632
2014,unknown,63,5.2632
2014,unknown,66,5.2632
2014,unknown,69,10.5263
2014,unknown,72,10.5263
2014,unknown,75,10.5263
2014,unknown,78,10.5263
2014,unknown,81,10.5263
2014,unknown,84,10.5263
2014,unknown,87,21.0526
2014,unknown,90,26.3158
2014,unknown,93,31.5789
2014,unknown,96,31.5789
2014,unknown,99,36.8421
2014,unknown,102,42.1053
2014,unknown,105,42.1053
2014,unknown,108,42.1053
2014,unknown,111,42.1053
2014,unknown,114,42.1053
2014,unknown,117,42.1053
2014,unknown,120,42.1053
2015,01 <= 7a,0,0.0
2015,01 <= 7a,3,0.0
2015,01 <= 7a,6,0.0
2015,01 <= 7a,9,0.0189
2015,01 <= 7a,12,0.1102
2015,01 <= 7a,15,0.2329
2015,01 <= 7a,18,0.3966
2015,01 <= 7a,21,0.5855
2015,01 <= 7a,24,0.7932
2015,01 <= 7a,27,1.1206
2015,01 <= 7a,30,1.4668
2015,01 <= 7a,33,1.7973
2015,01 <= 7a,36,2.153
2015,01 <= 7a,39,2.5402
2015,01 <= 7a,42,3.0061
2015,01 <= 7a,45,3.5003
2015,01 <= 7a,48,3.9535
2015,01 <= 7a,51,4.3376
2015,01 <= 7a,54,4.6681
2015,01 <= 7a,57,4.9797
2015,01 <= 7a,60,5.285
2015,01 <= 7a,63,5.5305
2015,01 <= 7a,66,5.7446
2015,01 <= 7a,69,5.9901
2015,01 <= 7a,72,6.179
2015,01 <= 7a,75,6.5063
2015,01 <= 7a,78,6.8683
2015,01 <= 7a,81,7.2209
2015,01 <= 7a,84,7.5231
2015,01 <= 7a,87,7.7497
2015,01 <= 7a,90,7.97
2015,01 <= 7a,93,8.1683
2015,01 <= 7a,96,8.3446
2015,01 <= 7a,99,8.4894
2015,01 <= 7a,102,8.5964
2015,01 <= 7a,105,8.6909
2015,01 <= 7a,108,8.7821
2015,01 <= 7a,111,8.8703
2015,01 <= 7a,114,8.9521
2015,01 <= 7a,117,9.0245
2015,01 <= 7a,120,9.1032
2015,02 7-10a,0,0.0
2015,02 7-10a,3,0.0
2015,02 7-10a,6,0.0
2015,02 7-10a,9,0.0176
2015,02 7-10a,12,0.0264
2015,02 7-10a,15,0.0527
2015,02 7-10a,18,0.1494
2015,02 7-10a,21,0.334
2015,02 7-10a,24,0.6065
2015,02 7-10a,27,0.9229
2015,02 7-10a,30,1.4239
2015,02 7-10a,33,1.8195
2015,02 7-10a,36,2.2765
2015,02 7-10a,39,2.6281
2015,02 7-10a,42,2.8303
2015,02 7-10a,45,3.0236
2015,02 7-10a,48,3.1994
2015,02 7-10a,51,3.4104
2015,02 7-10a,54,3.5774
2015,02 7-10a,57,3.6565
2015,02 7-10a,60,3.7268
2015,02 7-10a,63,3.8323
2015,02 7-10a,66,3.9202
2015,02 7-10a,69,3.9729
2015,02 7-10a,72,4.0608
2015,02 7-10a,75,4.1399
2015,02 7-10a,78,4.2454
2015,02 7-10a,81,4.3069
2015,02 7-10a,84,4.4036
2015,02 7-10a,87,4.5355
2015,02 7-10a,90,4.5706
2015,02 7-10a,93,4.6409
2015,02 7-10a,96,4.7025
2015,02 7-10a,99,4.7288
2015,02 7-10a,102,4.7816
2015,02 7-10a,105,4.7816
2015,02 7-10a,108,4.7992
2015,02 7-10a,111,4.8343
2015,02 7-10a,114,4.8607
2015,02 7-10a,117,4.8958
2015,02 7-10a,120,4.9222
2015,03 10-20a,0,0.0
2015,03 10-20a,3,0.0
2015,03 10-20a,6,0.0
2015,03 10-20a,9,0.0
2015,03 10-20a,12,0.0
2015,03 10-20a,15,0.0
2015,03 10-20a,18,0.0
2015,03 10-20a,21,0.0218
2015,03 10-20a,24,0.0218
2015,03 10-20a,27,0.0654
2015,03 10-20a,30,0.0654
2015,03 10-20a,33,0.1091
2015,03 10-20a,36,0.1309
2015,03 10-20a,39,0.1527
2015,03 10-20a,42,0.1745
2015,03 10-20a,45,0.2618
2015,03 10-20a,48,0.3709
2015,03 10-20a,51,0.3927
2015,03 10-20a,54,0.3927
2015,03 10-20a,57,0.5017
2015,03 10-20a,60,0.5672
2015,03 10-20a,63,0.6326
2015,03 10-20a,66,0.6763
2015,03 10-20a,69,0.7853
2015,03 10-20a,72,0.8072
2015,03 10-20a,75,0.9817
2015,03 10-20a,78,1.1126
2015,03 10-20a,81,1.2435
2015,03 10-20a,84,1.3307
2015,03 10-20a,87,1.4616
2015,03 10-20a,90,1.5707
2015,03 10-20a,93,1.7452
2015,03 10-20a,96,1.8979
2015,03 10-20a,99,2.007
2015,03 10-20a,102,2.1379
2015,03 10-20a,105,2.1815
2015,03 10-20a,108,2.2251
2015,03 10-20a,111,2.3342
2015,03 10-20a,114,2.4651
2015,03 10-20a,117,2.596
2015,03 10-20a,120,2.6396
2015,04 > 20a,0,0.0
2015,04 > 20a,3,0.0
2015,04 > 20a,6,0.0
2015,04 > 20a,9,0.0
2015,04 > 20a,12,0.0
2015,04 > 20a,15,0.0
2015,04 > 20a,18,0.0
2015,04 > 20a,21,0.0
2015,04 > 20a,24,0.0
2015,04 > 20a,27,0.0131
2015,04 > 20a,30,0.0131
2015,04 > 20a,33,0.0392
2015,04 > 20a,36,0.0392
2015,04 > 20a,39,0.0522
2015,04 > 20a,42,0.0784
2015,04 > 20a,45,0.1045
2015,04 > 20a,48,0.1567
2015,04 > 20a,51,0.1698
2015,04 > 20a,54,0.2612
2015,04 > 20a,57,0.3526
2015,04 > 20a,60,0.3918
2015,04 > 20a,63,0.431
2015,04 > 20a,66,0.444
2015,04 > 20a,69,0.4702
2015,04 > 20a,72,0.4702
2015,04 > 20a,75,0.4963
2015,04 > 20a,78,0.5355
2015,04 > 20a,81,0.5616
2015,04 > 20a,84,0.6138
2015,04 > 20a,87,0.6399
2015,04 > 20a,90,0.6661
2015,04 > 20a,93,0.7052
2015,04 > 20a,96,0.7444
2015,04 > 20a,99,0.8228
2015,04 > 20a,102,0.8489
2015,04 > 20a,105,0.875
2015,04 > 20a,108,0.8881
2015,04 > 20a,111,0.9273
2015,04 > 20a,114,0.9403
2015,04 > 20a,117,0.9664
2015,04 > 20a,120,0.9664
2015,unknown,0,0.0
2015,unknown,3,0.0
2015,unknown,6,0.0
2015,unknown,9,0.0
2015,unknown,12,0.0
2015,unknown,15,0.0
2015,unknown,18,0.0
2015,unknown,21,0.0
2015,unknown,24,0.0
2015,unknown,27,0.0
2015,unknown,30,0.0
2015,unknown,33,0.0
2015,unknown,36,0.0
2015,unknown,39,2.9412
2015,unknown,42,5.8824
2015,unknown,45,8.8235
2015,unknown,48,8.8235
2015,unknown,51,8.8235
2015,unknown,54,8.8235
2015,unknown,57,8.8235
2015,unknown,60,8.8235
2015,unknown,63,17.6471
2015,unknown,66,17.6471
2015,unknown,69,17.6471
2015,unknown,72,17.6471
2015,unknown,75,20.5882
2015,unknown,78,20.5882
2015,unknown,81,20.5882
2015,unknown,84,35.2941
2015,unknown,87,50.0
2015,unknown,90,50.0
2015,unknown,93,50.0
2015,unknown,96,52.9412
2015,unknown,99,52.9412
2015,unknown,102,52.9412
2015,unknown,105,52.9412
2015,unknown,108,52.9412
2015,unknown,111,52.9412
2015,unknown,114,52.9412
2015,unknown,117,52.9412
2015,unknown,120,52.9412
2016,01 <= 7a,0,0.0
2016,01 <= 7a,3,0.0
2016,01 <= 7a,6,0.0
2016,01 <= 7a,9,0.0128
2016,01 <= 7a,12,0.0797
2016,01 <= 7a,15,0.2169
2016,01 <= 7a,18,0.3891
2016,01 <= 7a,21,0.6379
2016,01 <= 7a,24,0.9537
2016,01 <= 7a,27,1.3651
2016,01 <= 7a,30,1.7192
2016,01 <= 7a,33,2.086
2016,01 <= 7a,36,2.4464
2016,01 <= 7a,39,2.8164
2016,01 <= 7a,42,3.196
2016,01 <= 7a,45,3.5755
2016,01 <= 7a,48,3.9328
2016,01 <= 7a,51,4.2262
2016,01 <= 7a,54,4.4878
2016,01 <= 7a,57,4.7238
2016,01 <= 7a,60,5.0459
2016,01 <= 7a,63,5.4095
2016,01 <= 7a,66,5.8561
2016,01 <= 7a,69,6.2899
2016,01 <= 7a,72,6.7364
2016,01 <= 7a,75,7.0745
2016,01 <= 7a,78,7.4541
2016,01 <= 7a,81,7.7156
2016,01 <= 7a,84,7.9421
2016,01 <= 7a,87,8.1526
2016,01 <= 7a,90,8.3535
2016,01 <= 7a,93,8.5928
2016,01 <= 7a,96,8.7714
2016,01 <= 7a,99,8.8607
2016,01 <= 7a,102,9.001
2016,01 <= 7a,105,9.1318
2016,01 <= 7a,108,9.2977
2016,01 <= 7a,111,9.3902
2016,01 <= 7a,114,9.4826
2016,01 <= 7a,117,9.5815
2016,02 7-10a,0,0.0
2016,02 7-10a,3,0.0
2016,02 7-10a,6,0.0
2016,02 7-10a,9,0.016
2016,02 7-10a,12,0.1041
2016,02 7-10a,15,0.2641
2016,02 7-10a,18,0.5043
2016,02 7-10a,21,0.8725
2016,02 7-10a,24,1.3367
2016,02 7-10a,27,1.713
2016,02 7-10a,30,2.1692
2016,02 7-10a,33,2.6415
2016,02 7-10a,36,3.1618
2016,02 7-10a,39,3.506
2016,02 7-10a,42,3.626
2016,02 7-10a,45,3.7941
2016,02 7-10a,48,3.9702
2016,02 7-10a,51,4.1623
2016,02 7-10a,54,4.3304
2016,02 7-10a,57,4.5225
2016,02 7-10a,60,4.7066
2016,02 7-10a,63,4.8427
2016,02 7-10a,66,4.9548
2016,02 7-10a,69,5.0588
2016,02 7-10a,72,5.2109
2016,02 7-10a,75,5.291
2016,02 7-10a,78,5.387
2016,02 7-10a,81,5.4511
2016,02 7-10a,84,5.5631
2016,02 7-10a,87,5.6832
2016,02 7-10a,90,5.8193
2016,02 7-10a,93,5.9153
2016,02 7-10a,96,5.9633
2016,02 7-10a,99,6.0514
2016,02 7-10a,102,6.0914
2016,02 7-10a,105,6.1554
2016,02 7-10a,108,6.1795
2016,02 7-10a,111,6.2115
2016,02 7-10a,114,6.2515
2016,02 7-10a,117,6.3476
2016,03 10-20a,0,0.0
2016,03 10-20a,3,0.0
2016,03 10-20a,6,0.0
2016,03 10-20a,9,0.0
2016,03 10-20a,12,0.0
2016,03 10-20a,15,0.0
2016,03 10-20a,18,0.0203
2016,03 10-20a,21,0.0203
2016,03 10-20a,24,0.0405
2016,03 10-20a,27,0.0811
2016,03 10-20a,30,0.0811
2016,03 10-20a,33,0.1418
2016,03 10-20a,36,0.2229
2016,03 10-20a,39,0.2432
2016,03 10-20a,42,0.2634
2016,03 10-20a,45,0.2837
2016,03 10-20a,48,0.304
2016,03 10-20a,51,0.304
2016,03 10-20a,54,0.3647
2016,03 10-20a,57,0.385
2016,03 10-20a,60,0.385
2016,03 10-20a,63,0.4255
2016,03 10-20a,66,0.4863
2016,03 10-20a,69,0.5268
2016,03 10-20a,72,0.6484
2016,03 10-20a,75,0.77
2016,03 10-20a,78,0.8713
2016,03 10-20a,81,0.9321
2016,03 10-20a,84,0.9726
2016,03 10-20a,87,1.0334
2016,03 10-20a,90,1.1348
2016,03 10-20a,93,1.3576
2016,03 10-20a,96,1.459
2016,03 10-20a,99,1.5603
2016,03 10-20a,102,1.6413
2016,03 10-20a,105,1.6819
2016,03 10-20a,108,1.8034
2016,03 10-20a,111,1.8237
2016,03 10-20a,114,1.844
2016,03 10-20a,117,1.8845
2016,04 > 20a,0,0.0
2016,04 > 20a,3,0.0
2016,04 > 20a,6,0.0
2016,04 > 20a,9,0.0
2016,04 > 20a,12,0.0
2016,04 > 20a,15,0.0
2016,04 > 20a,18,0.0
2016,04 > 20a,21,0.0
2016,04 > 20a,24,0.0
2016,04 > 20a,27,0.0
2016,04 > 20a,30,0.0
2016,04 > 20a,33,0.0
2016,04 > 20a,36,0.0125
2016,04 > 20a,39,0.0376
2016,04 > 20a,42,0.0627
2016,04 > 20a,45,0.0627
2016,04 > 20a,48,0.0752
2016,04 > 20a,51,0.1378
2016,04 > 20a,54,0.1504
2016,04 > 20a,57,0.2005
2016,04 > 20a,60,0.2256
2016,04 > 20a,63,0.2506
2016,04 > 20a,66,0.2882
2016,04 > 20a,69,0.3258
2016,04 > 20a,72,0.3634
2016,04 > 20a,75,0.4261
2016,04 > 20a,78,0.4386
2016,04 > 20a,81,0.4637
2016,04 > 20a,84,0.5138
2016,04 > 20a,87,0.589
2016,04 > 20a,90,0.6516
2016,04 > 20a,93,0.7268
2016,04 > 20a,96,0.7644
2016,04 > 20a,99,0.802
2016,04 > 20a,102,0.8396
2016,04 > 20a,105,0.8396
2016,04 > 20a,108,0.8647
2016,04 > 20a,111,0.8772
2016,04 > 20a,114,0.9023
2016,04 > 20a,117,0.9148
2016,unknown,0,0.0
2016,unknown,3,0.0
2016,unknown,6,0.0
2016,unknown,9,0.0
2016,unknown,12,0.0
2016,unknown,15,0.0
2016,unknown,18,3.4483
2016,unknown,21,3.4483
2016,unknown,24,3.4483
2016,unknown,27,3.4483
2016,unknown,30,6.8966
2016,unknown,33,6.8966
2016,unknown,36,6.8966
2016,unknown,39,10.3448
2016,unknown,42,10.3448
2016,unknown,45,10.3448
2016,unknown,48,10.3448
2016,unknown,51,13.7931
2016,unknown,54,13.7931
2016,unknown,57,13.7931
2016,unknown,60,13.7931
2016,unknown,63,17.2414
2016,unknown,66,20.6897
2016,unknown,69,20.6897
2016,unknown,72,20.6897
2016,unknown,75,24.1379
2016,unknown,78,24.1379
2016,unknown,81,24.1379
2016,unknown,84,31.0345
2016,unknown,87,51.7241
2016,unknown,90,55.1724
2016,unknown,93,58.6207
2016,unknown,96,62.069
2016,unknown,99,62.069
2016,unknown,102,62.069
2016,unknown,105,62.069
2016,unknown,108,62.069
2016,unknown,111,65.5172
2016,unknown,114,68.9655
2016,unknown,117,68.9655
2017,01 <= 7a,0,0.0
2017,01 <= 7a,3,0.0
2017,01 <= 7a,6,0.0
2017,01 <= 7a,9,0.0105
2017,01 <= 7a,12,0.077
2017,01 <= 7a,15,0.2065
2017,01 <= 7a,18,0.427
2017,01 <= 7a,21,0.693
2017,01 <= 7a,24,1.008
2017,01 <= 7a,27,1.3195
2017,01 <= 7a,30,1.638
2017,01 <= 7a,33,1.9145
2017,01 <= 7a,36,2.2435
2017,01 <= 7a,39,2.5654
2017,01 <= 7a,42,2.8454
2017,01 <= 7a,45,3.1114
2017,01 <= 7a,48,3.5104
2017,01 <= 7a,51,4.0284
2017,01 <= 7a,54,4.5079
2017,01 <= 7a,57,5.1414
2017,01 <= 7a,60,5.7049
2017,01 <= 7a,63,6.1669
2017,01 <= 7a,66,6.6324
2017,01 <= 7a,69,7.0034
2017,01 <= 7a,72,7.3709
2017,01 <= 7a,75,7.6368
2017,01 <= 7a,78,7.9168
2017,01 <= 7a,81,8.2353
2017,01 <= 7a,84,8.4768
2017,01 <= 7a,87,8.7428
2017,01 <= 7a,90,9.0158
2017,01 <= 7a,93,9.5093
2017,01 <= 7a,96,9.9398
2017,01 <= 7a,99,10.1813
2017,01 <= 7a,102,10.3948
2017,01 <= 7a,105,10.5348
2017,02 7-10a,0,0.0
2017,02 7-10a,3,0.0
2017,02 7-10a,6,0.0
2017,02 7-10a,9,0.0139
2017,02 7-10a,12,0.0901
2017,02 7-10a,15,0.2425
2017,02 7-10a,18,0.5058
2017,02 7-10a,21,0.9354
2017,02 7-10a,24,1.3373
2017,02 7-10a,27,1.857
2017,02 7-10a,30,2.2589
2017,02 7-10a,33,2.633
2017,02 7-10a,36,2.9795
2017,02 7-10a,39,3.416
2017,02 7-10a,42,3.804
2017,02 7-10a,45,4.1159
2017,02 7-10a,48,4.3861
2017,02 7-10a,51,4.5385
2017,02 7-10a,54,4.8434
2017,02 7-10a,57,5.1206
2017,02 7-10a,60,5.3215
2017,02 7-10a,63,5.5225
2017,02 7-10a,66,5.6887
2017,02 7-10a,69,5.8204
2017,02 7-10a,72,5.9728
2017,02 7-10a,75,6.1183
2017,02 7-10a,78,6.2708
2017,02 7-10a,81,6.3886
2017,02 7-10a,84,6.5064
2017,02 7-10a,87,6.5965
2017,02 7-10a,90,6.6796
2017,02 7-10a,93,6.7835
2017,02 7-10a,96,6.8598
2017,02 7-10a,99,6.929
2017,02 7-10a,102,6.9983
2017,02 7-10a,105,7.1092
2017,03 10-20a,0,0.0
2017,03 10-20a,3,0.0
2017,03 10-20a,6,0.0
2017,03 10-20a,9,0.0
2017,03 10-20a,12,0.0
2017,03 10-20a,15,0.0206
2017,03 10-20a,18,0.0206
2017,03 10-20a,21,0.0206
2017,03 10-20a,24,0.0206
2017,03 10-20a,27,0.0823
2017,03 10-20a,30,0.0823
2017,03 10-20a,33,0.0823
2017,03 10-20a,36,0.0823
2017,03 10-20a,39,0.1029
2017,03 10-20a,42,0.1853
2017,03 10-20a,45,0.1853
2017,03 10-20a,48,0.247
2017,03 10-20a,51,0.3294
2017,03 10-20a,54,0.3705
2017,03 10-20a,57,0.4323
2017,03 10-20a,60,0.494
2017,03 10-20a,63,0.5352
2017,03 10-20a,66,0.597
2017,03 10-20a,69,0.6793
2017,03 10-20a,72,0.7205
2017,03 10-20a,75,0.844
2017,03 10-20a,78,0.9263
2017,03 10-20a,81,1.0086
2017,03 10-20a,84,1.0704
2017,03 10-20a,87,1.1527
2017,03 10-20a,90,1.2762
2017,03 10-20a,93,1.4409
2017,03 10-20a,96,1.5644
2017,03 10-20a,99,1.6056
2017,03 10-20a,102,1.6468
2017,03 10-20a,105,1.832
2017,04 > 20a,0,0.0
2017,04 > 20a,3,0.0
2017,04 > 20a,6,0.0
2017,04 > 20a,9,0.0
2017,04 > 20a,12,0.0
2017,04 > 20a,15,0.0
2017,04 > 20a,18,0.0
2017,04 > 20a,21,0.0
2017,04 > 20a,24,0.0
2017,04 > 20a,27,0.0
2017,04 > 20a,30,0.0122
2017,04 > 20a,33,0.0244
2017,04 > 20a,36,0.0488
2017,04 > 20a,39,0.0854
2017,04 > 20a,42,0.122
2017,04 > 20a,45,0.1342
2017,04 > 20a,48,0.1464
2017,04 > 20a,51,0.1708
2017,04 > 20a,54,0.2074
2017,04 > 20a,57,0.2318
2017,04 > 20a,60,0.2807
2017,04 > 20a,63,0.2807
2017,04 > 20a,66,0.3417
2017,04 > 20a,69,0.4393
2017,04 > 20a,72,0.4881
2017,04 > 20a,75,0.6101
2017,04 > 20a,78,0.6711
2017,04 > 20a,81,0.72
2017,04 > 20a,84,0.7932
2017,04 > 20a,87,0.8176
2017,04 > 20a,90,0.8542
2017,04 > 20a,93,0.903
2017,04 > 20a,96,0.9152
2017,04 > 20a,99,0.9518
2017,04 > 20a,102,0.9762
2017,04 > 20a,105,0.9762
2017,unknown,0,0.0
2017,unknown,3,0.0
2017,unknown,6,0.0
2017,unknown,9,0.0
2017,unknown,12,0.0
2017,unknown,15,0.0
2017,unknown,18,0.0
2017,unknown,21,0.0
2017,unknown,24,0.0
2017,unknown,27,0.0
2017,unknown,30,0.0
2017,unknown,33,0.0
2017,unknown,36,0.0
2017,unknown,39,0.0
2017,unknown,42,0.0
2017,unknown,45,0.0
2017,unknown,48,0.0
2017,unknown,51,4.5455
2017,unknown,54,4.5455
2017,unknown,57,4.5455
2017,unknown,60,18.1818
2017,unknown,63,31.8182
2017,unknown,66,36.3636
2017,unknown,69,36.3636
2017,unknown,72,36.3636
2017,unknown,75,45.4545
2017,unknown,78,45.4545
2017,unknown,81,45.4545
2017,unknown,84,54.5455
2017,unknown,87,68.1818
2017,unknown,90,68.1818
2017,unknown,93,72.7273
2017,unknown,96,72.7273
2017,unknown,99,72.7273
2017,unknown,102,72.7273
2017,unknown,105,72.7273
2018,01 <= 7a,0,0.0
2018,01 <= 7a,3,0.0
2018,01 <= 7a,6,0.0
2018,01 <= 7a,9,0.0313
2018,01 <= 7a,12,0.1252
2018,01 <= 7a,15,0.2765
2018,01 <= 7a,18,0.4486
2018,01 <= 7a,21,0.6938
2018,01 <= 7a,24,0.9181
2018,01 <= 7a,27,1.1319
2018,01 <= 7a,30,1.2988
2018,01 <= 7a,33,1.5023
2018,01 <= 7a,36,1.7318
2018,01 <= 7a,39,2.0604
2018,01 <= 7a,42,2.8063
2018,01 <= 7a,45,3.6722
2018,01 <= 7a,48,4.7207
2018,01 <= 7a,51,5.5709
2018,01 <= 7a,54,6.3533
2018,01 <= 7a,57,7.0732
2018,01 <= 7a,60,7.7461
2018,01 <= 7a,63,8.2416
2018,01 <= 7a,66,8.9771
2018,01 <= 7a,69,9.7387
2018,01 <= 7a,72,10.3281
2018,01 <= 7a,75,10.9175
2018,01 <= 7a,78,11.4131
2018,01 <= 7a,81,12.086
2018,01 <= 7a,84,12.6806
2018,01 <= 7a,87,13.2387
2018,01 <= 7a,90,13.776
2018,01 <= 7a,93,14.1829
2018,02 7-10a,0,0.0
2018,02 7-10a,3,0.0
2018,02 7-10a,6,0.0
2018,02 7-10a,9,0.0431
2018,02 7-10a,12,0.1983
2018,02 7-10a,15,0.4268
2018,02 7-10a,18,0.6596
2018,02 7-10a,21,0.9743
2018,02 7-10a,24,1.3321
2018,02 7-10a,27,1.6555
2018,02 7-10a,30,1.9271
2018,02 7-10a,33,2.2375
2018,02 7-10a,36,2.5651
2018,02 7-10a,39,2.9186
2018,02 7-10a,42,3.16
2018,02 7-10a,45,3.4273
2018,02 7-10a,48,3.6601
2018,02 7-10a,51,3.9576
2018,02 7-10a,54,4.1214
2018,02 7-10a,57,4.3326
2018,02 7-10a,60,4.4447
2018,02 7-10a,63,4.5353
2018,02 7-10a,66,4.6517
2018,02 7-10a,69,4.7551
2018,02 7-10a,72,4.8069
2018,02 7-10a,75,4.8888
2018,02 7-10a,78,4.9233
2018,02 7-10a,81,4.9966
2018,02 7-10a,84,5.031
2018,02 7-10a,87,5.1086
2018,02 7-10a,90,5.1949
2018,02 7-10a,93,5.419
2018,03 10-20a,0,0.0
2018,03 10-20a,3,0.0
2018,03 10-20a,6,0.0
2018,03 10-20a,9,0.0
2018,03 10-20a,12,0.0
2018,03 10-20a,15,0.0
2018,03 10-20a,18,0.0
2018,03 10-20a,21,0.0
2018,03 10-20a,24,0.0227
2018,03 10-20a,27,0.0227
2018,03 10-20a,30,0.0227
2018,03 10-20a,33,0.068
2018,03 10-20a,36,0.068
2018,03 10-20a,39,0.0906
2018,03 10-20a,42,0.0906
2018,03 10-20a,45,0.1133
2018,03 10-20a,48,0.1586
2018,03 10-20a,51,0.2039
2018,03 10-20a,54,0.2719
2018,03 10-20a,57,0.3172
2018,03 10-20a,60,0.3626
2018,03 10-20a,63,0.4532
2018,03 10-20a,66,0.4532
2018,03 10-20a,69,0.5212
2018,03 10-20a,72,0.6345
2018,03 10-20a,75,0.6571
2018,03 10-20a,78,0.8611
2018,03 10-20a,81,0.9291
2018,03 10-20a,84,0.9971
2018,03 10-20a,87,1.1104
2018,03 10-20a,90,1.133
2018,03 10-20a,93,1.201
2018,04 > 20a,0,0.0
2018,04 > 20a,3,0.0
2018,04 > 20a,6,0.0
2018,04 > 20a,9,0.0
2018,04 > 20a,12,0.0
2018,04 > 20a,15,0.0
2018,04 > 20a,18,0.0
2018,04 > 20a,21,0.0
2018,04 > 20a,24,0.0
2018,04 > 20a,27,0.0
2018,04 > 20a,30,0.0
2018,04 > 20a,33,0.0
2018,04 > 20a,36,0.0135
2018,04 > 20a,39,0.0135
2018,04 > 20a,42,0.0271
2018,04 > 20a,45,0.0271
2018,04 > 20a,48,0.0541
2018,04 > 20a,51,0.1082
2018,04 > 20a,54,0.1488
2018,04 > 20a,57,0.1488
2018,04 > 20a,60,0.1894
2018,04 > 20a,63,0.2706
2018,04 > 20a,66,0.3247
2018,04 > 20a,69,0.3924
2018,04 > 20a,72,0.4735
2018,04 > 20a,75,0.5006
2018,04 > 20a,78,0.5006
2018,04 > 20a,81,0.5412
2018,04 > 20a,84,0.5818
2018,04 > 20a,87,0.6088
2018,04 > 20a,90,0.6224
2018,04 > 20a,93,0.663
2018,unknown,0,0.0
2018,unknown,3,0.0
2018,unknown,6,0.0
2018,unknown,9,0.0
2018,unknown,12,0.0
2018,unknown,15,0.0
2018,unknown,18,0.0
2018,unknown,21,0.0
2018,unknown,24,4.1667
2018,unknown,27,8.3333
2018,unknown,30,8.3333
2018,unknown,33,8.3333
2018,unknown,36,12.5
2018,unknown,39,12.5
2018,unknown,42,12.5
2018,unknown,45,12.5
2018,unknown,48,12.5
2018,unknown,51,12.5
2018,unknown,54,12.5
2018,unknown,57,12.5
2018,unknown,60,12.5
2018,unknown,63,25.0
2018,unknown,66,25.0
2018,unknown,69,25.0
2018,unknown,72,25.0
2018,unknown,75,29.1667
2018,unknown,78,29.1667
2018,unknown,81,29.1667
2018,unknown,84,33.3333
2018,unknown,87,50.0
2018,unknown,90,62.5
2018,unknown,93,66.6667
2019,01 <= 7a,0,0.0
2019,01 <= 7a,3,0.0
2019,01 <= 7a,6,0.0
2019,01 <= 7a,9,0.0168
2019,01 <= 7a,12,0.042
2019,01 <= 7a,15,0.1009
2019,01 <= 7a,18,0.1514
2019,01 <= 7a,21,0.2102
2019,01 <= 7a,24,0.3196
2019,01 <= 7a,27,0.5214
2019,01 <= 7a,30,0.7316
2019,01 <= 7a,33,1.0596
2019,01 <= 7a,36,1.3371
2019,01 <= 7a,39,1.9595
2019,01 <= 7a,42,2.792
2019,01 <= 7a,45,3.6835
2019,01 <= 7a,48,4.4487
2019,01 <= 7a,51,5.3486
2019,01 <= 7a,54,6.3493
2019,01 <= 7a,57,7.2912
2019,01 <= 7a,60,8.0817
2019,01 <= 7a,63,9.0152
2019,01 <= 7a,66,10.0748
2019,01 <= 7a,69,11.1261
2019,01 <= 7a,72,12.152
2019,01 <= 7a,75,13.2033
2019,01 <= 7a,78,14.0611
2019,01 <= 7a,81,14.86
2019,02 7-10a,0,0.0
2019,02 7-10a,3,0.0
2019,02 7-10a,6,0.0084
2019,02 7-10a,9,0.0544
2019,02 7-10a,12,0.1005
2019,02 7-10a,15,0.2052
2019,02 7-10a,18,0.3267
2019,02 7-10a,21,0.49
2019,02 7-10a,24,0.6701
2019,02 7-10a,27,0.9591
2019,02 7-10a,30,1.378
2019,02 7-10a,33,1.8512
2019,02 7-10a,36,2.358
2019,02 7-10a,39,2.6303
2019,02 7-10a,42,2.802
2019,02 7-10a,45,2.9234
2019,02 7-10a,48,3.0658
2019,02 7-10a,51,3.1538
2019,02 7-10a,54,3.2459
2019,02 7-10a,57,3.3632
2019,02 7-10a,60,3.4344
2019,02 7-10a,63,3.514
2019,02 7-10a,66,3.5768
2019,02 7-10a,69,3.6396
2019,02 7-10a,72,3.6648
2019,02 7-10a,75,3.7402
2019,02 7-10a,78,3.87
2019,02 7-10a,81,4.0668
2019,03 10-20a,0,0.0
2019,03 10-20a,3,0.0
2019,03 10-20a,6,0.0
2019,03 10-20a,9,0.0
2019,03 10-20a,12,0.0
2019,03 10-20a,15,0.0
2019,03 10-20a,18,0.0
2019,03 10-20a,21,0.0
2019,03 10-20a,24,0.0
2019,03 10-20a,27,0.0
2019,03 10-20a,30,0.0
2019,03 10-20a,33,0.0
2019,03 10-20a,36,0.0267
2019,03 10-20a,39,0.0534
2019,03 10-20a,42,0.0534
2019,03 10-20a,45,0.08
2019,03 10-20a,48,0.1067
2019,03 10-20a,51,0.1601
2019,03 10-20a,54,0.2134
2019,03 10-20a,57,0.2935
2019,03 10-20a,60,0.4002
2019,03 10-20a,63,0.5603
2019,03 10-20a,66,0.5603
2019,03 10-20a,69,0.6937
2019,03 10-20a,72,0.7737
2019,03 10-20a,75,0.8271
2019,03 10-20a,78,0.9338
2019,03 10-20a,81,1.0139
2019,04 > 20a,0,0.0
2019,04 > 20a,3,0.0
2019,04 > 20a,6,0.0
2019,04 > 20a,9,0.0
2019,04 > 20a,12,0.0
2019,04 > 20a,15,0.0
2019,04 > 20a,18,0.0
2019,04 > 20a,21,0.0
2019,04 > 20a,24,0.0
2019,04 > 20a,27,0.0
2019,04 > 20a,30,0.0
2019,04 > 20a,33,0.0
2019,04 > 20a,36,0.0
2019,04 > 20a,39,0.0325
2019,04 > 20a,42,0.0325
2019,04 > 20a,45,0.0325
2019,04 > 20a,48,0.0651
2019,04 > 20a,51,0.0976
2019,04 > 20a,54,0.0976
2019,04 > 20a,57,0.1301
2019,04 > 20a,60,0.1626
2019,04 > 20a,63,0.2277
2019,04 > 20a,66,0.2439
2019,04 > 20a,69,0.2439
2019,04 > 20a,72,0.2765
2019,04 > 20a,75,0.2927
2019,04 > 20a,78,0.309
2019,04 > 20a,81,0.3253
2019,unknown,0,0.0
2019,unknown,3,0.0
2019,unknown,6,0.0
2019,unknown,9,0.0
2019,unknown,12,0.0
2019,unknown,15,0.0
2019,unknown,18,0.0
2019,unknown,21,0.0
2019,unknown,24,0.0
2019,unknown,27,0.0
2019,unknown,30,0.0
2019,unknown,33,0.0
2019,unknown,36,0.0
2019,unknown,39,0.0
2019,unknown,42,0.0
2019,unknown,45,0.0
2019,unknown,48,0.0
2019,unknown,51,0.0
2019,unknown,54,0.0
2019,unknown,57,0.0
2019,unknown,60,28.5714
2019,unknown,63,42.8571
2019,unknown,66,42.8571
2019,unknown,69,42.8571
2019,unknown,72,42.8571
2019,unknown,75,42.8571
2019,unknown,78,57.1429
2019,unknown,81,57.1429
2020,01 <= 7a,0,0.0
2020,01 <= 7a,3,0.0
2020,01 <= 7a,6,0.0
2020,01 <= 7a,9,0.0103
2020,01 <= 7a,12,0.0103
2020,01 <= 7a,15,0.0206
2020,01 <= 7a,18,0.072
2020,01 <= 7a,21,0.1542
2020,01 <= 7a,24,0.3188
2020,01 <= 7a,27,0.4627
2020,01 <= 7a,30,0.617
2020,01 <= 7a,33,0.7815
2020,01 <= 7a,36,0.9871
2020,01 <= 7a,39,1.4293
2020,01 <= 7a,42,1.9332
2020,01 <= 7a,45,2.6632
2020,01 <= 7a,48,3.2596
2020,01 <= 7a,51,3.9486
2020,01 <= 7a,54,4.6787
2020,01 <= 7a,57,5.2134
2020,01 <= 7a,60,5.9743
2020,01 <= 7a,63,6.7763
2020,01 <= 7a,66,7.5578
2020,01 <= 7a,69,8.3188
2020,02 7-10a,0,0.0
2020,02 7-10a,3,0.0
2020,02 7-10a,6,0.0
2020,02 7-10a,9,0.0
2020,02 7-10a,12,0.0056
2020,02 7-10a,15,0.0112
2020,02 7-10a,18,0.0393
2020,02 7-10a,21,0.1908
2020,02 7-10a,24,0.3367
2020,02 7-10a,27,0.5724
2020,02 7-10a,30,0.7632
2020,02 7-10a,33,0.9596
2020,02 7-10a,36,1.1953
2020,02 7-10a,39,1.4029
2020,02 7-10a,42,1.5544
2020,02 7-10a,45,1.6442
2020,02 7-10a,48,1.7677
2020,02 7-10a,51,1.8519
2020,02 7-10a,54,1.8911
2020,02 7-10a,57,1.9529
2020,02 7-10a,60,2.0258
2020,02 7-10a,63,2.1044
2020,02 7-10a,66,2.1661
2020,02 7-10a,69,2.3176
2020,03 10-20a,0,0.0
2020,03 10-20a,3,0.0
2020,03 10-20a,6,0.0
2020,03 10-20a,9,0.0
2020,03 10-20a,12,0.0
2020,03 10-20a,15,0.0
2020,03 10-20a,18,0.0
2020,03 10-20a,21,0.0
2020,03 10-20a,24,0.0
2020,03 10-20a,27,0.0
2020,03 10-20a,30,0.0
2020,03 10-20a,33,0.0
2020,03 10-20a,36,0.0
2020,03 10-20a,39,0.0
2020,03 10-20a,42,0.0
2020,03 10-20a,45,0.0
2020,03 10-20a,48,0.0
2020,03 10-20a,51,0.0
2020,03 10-20a,54,0.0673
2020,03 10-20a,57,0.1683
2020,03 10-20a,60,0.2356
2020,03 10-20a,63,0.2693
2020,03 10-20a,66,0.3029
2020,03 10-20a,69,0.3702
2020,04 > 20a,0,0.0
2020,04 > 20a,3,0.0
2020,04 > 20a,6,0.0
2020,04 > 20a,9,0.0
2020,04 > 20a,12,0.0
2020,04 > 20a,15,0.0
2020,04 > 20a,18,0.0
2020,04 > 20a,21,0.0
2020,04 > 20a,24,0.0
2020,04 > 20a,27,0.0
2020,04 > 20a,30,0.0
2020,04 > 20a,33,0.0
2020,04 > 20a,36,0.0
2020,04 > 20a,39,0.0168
2020,04 > 20a,42,0.0168
2020,04 > 20a,45,0.0505
2020,04 > 20a,48,0.0505
2020,04 > 20a,51,0.0505
2020,04 > 20a,54,0.0673
2020,04 > 20a,57,0.0842
2020,04 > 20a,60,0.1347
2020,04 > 20a,63,0.1347
2020,04 > 20a,66,0.1347
2020,04 > 20a,69,0.1347
2020,unknown,0,0.0
2020,unknown,3,0.0
2020,unknown,6,0.0
2020,unknown,9,0.0
2020,unknown,12,0.0
2020,unknown,15,0.0
2020,unknown,18,0.0
2020,unknown,21,0.0
2020,unknown,24,12.5
2020,unknown,27,12.5
2020,unknown,30,12.5
2020,unknown,33,12.5
2020,unknown,36,12.5
2020,unknown,39,12.5
2020,unknown,42,12.5
2020,unknown,45,12.5
2020,unknown,48,25.0
2020,unknown,51,25.0
2020,unknown,54,25.0
2020,unknown,57,25.0
2020,unknown,60,25.0
2020,unknown,63,37.5
2020,unknown,66,62.5
2020,unknown,69,62.5
2021,01 <= 7a,0,0.0
2021,01 <= 7a,3,0.0
2021,01 <= 7a,6,0.0
2021,01 <= 7a,9,0.0
2021,01 <= 7a,12,0.0
2021,01 <= 7a,15,0.0119
2021,01 <= 7a,18,0.0597
2021,01 <= 7a,21,0.1791
2021,01 <= 7a,24,0.2866
2021,01 <= 7a,27,0.3821
2021,01 <= 7a,30,0.5134
2021,01 <= 7a,33,0.7045
2021,01 <= 7a,36,0.9313
2021,01 <= 7a,39,1.3731
2021,01 <= 7a,42,1.8149
2021,01 <= 7a,45,2.6866
2021,01 <= 7a,48,3.6299
2021,01 <= 7a,51,4.5373
2021,01 <= 7a,54,5.4806
2021,01 <= 7a,57,6.2209
2021,02 7-10a,0,0.0
2021,02 7-10a,3,0.0
2021,02 7-10a,6,0.0
2021,02 7-10a,9,0.0
2021,02 7-10a,12,0.0188
2021,02 7-10a,15,0.0611
2021,02 7-10a,18,0.1411
2021,02 7-10a,21,0.2445
2021,02 7-10a,24,0.3715
2021,02 7-10a,27,0.5737
2021,02 7-10a,30,0.7853
2021,02 7-10a,33,0.9686
2021,02 7-10a,36,1.2461
2021,02 7-10a,39,1.5188
2021,02 7-10a,42,1.7069
2021,02 7-10a,45,1.7868
2021,02 7-10a,48,1.9044
2021,02 7-10a,51,1.9937
2021,02 7-10a,54,2.1254
2021,02 7-10a,57,2.384
2021,03 10-20a,0,0.0
2021,03 10-20a,3,0.0
2021,03 10-20a,6,0.0
2021,03 10-20a,9,0.0
2021,03 10-20a,12,0.0
2021,03 10-20a,15,0.0
2021,03 10-20a,18,0.0
2021,03 10-20a,21,0.0
2021,03 10-20a,24,0.0
2021,03 10-20a,27,0.0
2021,03 10-20a,30,0.023
2021,03 10-20a,33,0.023
2021,03 10-20a,36,0.023
2021,03 10-20a,39,0.1152
2021,03 10-20a,42,0.1152
2021,03 10-20a,45,0.1152
2021,03 10-20a,48,0.1613
2021,03 10-20a,51,0.1613
2021,03 10-20a,54,0.1844
2021,03 10-20a,57,0.2305
2021,04 > 20a,0,0.0
2021,04 > 20a,3,0.0
2021,04 > 20a,6,0.0
2021,04 > 20a,9,0.0
2021,04 > 20a,12,0.0
2021,04 > 20a,15,0.0
2021,04 > 20a,18,0.0
2021,04 > 20a,21,0.0089
2021,04 > 20a,24,0.0089
2021,04 > 20a,27,0.0089
2021,04 > 20a,30,0.0179
2021,04 > 20a,33,0.0268
2021,04 > 20a,36,0.0268
2021,04 > 20a,39,0.0358
2021,04 > 20a,42,0.0626
2021,04 > 20a,45,0.0805
2021,04 > 20a,48,0.0894
2021,04 > 20a,51,0.0984
2021,04 > 20a,54,0.1073
2021,04 > 20a,57,0.1073
2021,unknown,0,0.0
2021,unknown,3,0.0
2021,unknown,6,0.0
2021,unknown,9,0.0
2021,unknown,12,0.0
2021,unknown,15,0.0
2021,unknown,18,0.0
2021,unknown,21,0.0
2021,unknown,24,0.0
2021,unknown,27,0.0
2021,unknown,30,0.0
2021,unknown,33,0.0
2021,unknown,36,0.0
2021,unknown,39,50.0
2021,unknown,42,50.0
2021,unknown,45,50.0
2021,unknown,48,50.0
2021,unknown,51,50.0
2021,unknown,54,50.0
2021,unknown,57,50.0
2022,01 <= 7a,0,0.0
2022,01 <= 7a,3,0.0
2022,01 <= 7a,6,0.0
2022,01 <= 7a,9,0.065
2022,01 <= 7a,12,0.1429
2022,01 <= 7a,15,0.2989
2022,01 <= 7a,18,0.5717
2022,01 <= 7a,21,0.8706
2022,01 <= 7a,24,1.1824
2022,01 <= 7a,27,1.5203
2022,01 <= 7a,30,1.8191
2022,01 <= 7a,33,2.2869
2022,01 <= 7a,36,2.9886
2022,01 <= 7a,39,4.106
2022,01 <= 7a,42,5.4834
2022,01 <= 7a,45,6.7698
2022,02 7-10a,0,0.0
2022,02 7-10a,3,0.0
2022,02 7-10a,6,0.0
2022,02 7-10a,9,0.0255
2022,02 7-10a,12,0.085
2022,02 7-10a,15,0.204
2022,02 7-10a,18,0.4037
2022,02 7-10a,21,0.6246
2022,02 7-10a,24,0.8668
2022,02 7-10a,27,1.2195
2022,02 7-10a,30,1.5509
2022,02 7-10a,33,1.9206
2022,02 7-10a,36,2.473
2022,02 7-10a,39,2.7407
2022,02 7-10a,42,3.0084
2022,02 7-10a,45,3.4376
2022,03 10-20a,0,0.0
2022,03 10-20a,3,0.0
2022,03 10-20a,6,0.0
2022,03 10-20a,9,0.0
2022,03 10-20a,12,0.0
2022,03 10-20a,15,0.0
2022,03 10-20a,18,0.0
2022,03 10-20a,21,0.0
2022,03 10-20a,24,0.0288
2022,03 10-20a,27,0.0576
2022,03 10-20a,30,0.1153
2022,03 10-20a,33,0.1153
2022,03 10-20a,36,0.2594
2022,03 10-20a,39,0.2594
2022,03 10-20a,42,0.2882
2022,03 10-20a,45,0.5187
2022,04 > 20a,0,0.0
2022,04 > 20a,3,0.0
2022,04 > 20a,6,0.0
2022,04 > 20a,9,0.0
2022,04 > 20a,12,0.0
2022,04 > 20a,15,0.0
2022,04 > 20a,18,0.0
2022,04 > 20a,21,0.0
2022,04 > 20a,24,0.0
2022,04 > 20a,27,0.0
2022,04 > 20a,30,0.0
2022,04 > 20a,33,0.0283
2022,04 > 20a,36,0.0283
2022,04 > 20a,39,0.0283
2022,04 > 20a,42,0.0283
2022,04 > 20a,45,0.0283
2022,unknown,0,0.0
2022,unknown,3,0.0
2022,unknown,6,0.0
2022,unknown,9,0.0
2022,unknown,12,0.0
2022,unknown,15,0.0
2022,unknown,18,0.0
2022,unknown,21,0.0
2022,unknown,24,50.0
2022,unknown,27,50.0
2022,unknown,30,50.0
2022,unknown,33,50.0
2022,unknown,36,100.0
2022,unknown,39,100.0
2022,unknown,42,100.0
2022,unknown,45,100.0
2023,01 <= 7a,0,0.0
2023,01 <= 7a,3,0.0
2023,01 <= 7a,6,0.0
2023,01 <= 7a,9,0.0142
2023,01 <= 7a,12,0.0992
2023,01 <= 7a,15,0.2552
2023,01 <= 7a,18,0.4536
2023,01 <= 7a,21,0.6946
2023,01 <= 7a,24,1.2192
2023,01 <= 7a,27,1.8996
2023,01 <= 7a,30,2.6935
2023,01 <= 7a,33,3.8701
2023,02 7-10a,0,0.0
2023,02 7-10a,3,0.0
2023,02 7-10a,6,0.003
2023,02 7-10a,9,0.009
2023,02 7-10a,12,0.069
2023,02 7-10a,15,0.2221
2023,02 7-10a,18,0.4172
2023,02 7-10a,21,0.7534
2023,02 7-10a,24,1.2727
2023,02 7-10a,27,1.723
2023,02 7-10a,30,2.1853
2023,02 7-10a,33,2.7526
2023,03 10-20a,0,0.0
2023,03 10-20a,3,0.0
2023,03 10-20a,6,0.0
2023,03 10-20a,9,0.0
2023,03 10-20a,12,0.0
2023,03 10-20a,15,0.0
2023,03 10-20a,18,0.0
2023,03 10-20a,21,0.0532
2023,03 10-20a,24,0.0532
2023,03 10-20a,27,0.1064
2023,03 10-20a,30,0.1595
2023,03 10-20a,33,0.2127
2023,04 > 20a,0,0.0
2023,04 > 20a,3,0.0
2023,04 > 20a,6,0.0
2023,04 > 20a,9,0.0
2023,04 > 20a,12,0.0
2023,04 > 20a,15,0.0
2023,04 > 20a,18,0.0
2023,04 > 20a,21,0.0
2023,04 > 20a,24,0.0
2023,04 > 20a,27,0.0165
2023,04 > 20a,30,0.0165
2023,04 > 20a,33,0.0165
2024,01 <= 7a,0,0.0
2024,01 <= 7a,3,0.0
2024,01 <= 7a,6,0.0
2024,01 <= 7a,9,0.0406
2024,01 <= 7a,12,0.0677
2024,01 <= 7a,15,0.1488
2024,01 <= 7a,18,0.4601
2024,01 <= 7a,21,0.8119
2024,02 7-10a,0,0.0
2024,02 7-10a,3,0.0
2024,02 7-10a,6,0.0023
2024,02 7-10a,9,0.0092
2024,02 7-10a,12,0.0807
2024,02 7-10a,15,0.1798
2024,02 7-10a,18,0.3205
2024,02 7-10a,21,0.5556
2024,03 10-20a,0,0.0
2024,03 10-20a,3,0.0
2024,03 10-20a,6,0.0
2024,03 10-20a,9,0.0
2024,03 10-20a,12,0.0
2024,03 10-20a,15,0.0
2024,03 10-20a,18,0.0
2024,03 10-20a,21,0.0309
2024,04 > 20a,0,0.0
2024,04 > 20a,3,0.0
2024,04 > 20a,6,0.0
2024,04 > 20a,9,0.0
2024,04 > 20a,12,0.0
2024,04 > 20a,15,0.0
2024,04 > 20a,18,0.0
2024,04 > 20a,21,0.0
2025,01 <= 7a,0,0.0
2025,01 <= 7a,3,0.0
2025,01 <= 7a,6,0.0
2025,01 <= 7a,9,0.0146
2025,02 7-10a,0,0.0
2025,02 7-10a,3,0.0
2025,02 7-10a,6,0.0
2025,02 7-10a,9,0.0046
2025,03 10-20a,0,0.0
2025,03 10-20a,3,0.0
2025,03 10-20a,6,0.0
2025,03 10-20a,9,0.0
2025,04 > 20a,0,0.0
2025,04 > 20a,3,0.0
2025,04 > 20a,6,0.0
2025,04 > 20a,9,0.0
