cohorte,tramo_importe,edad,tasa_acum_pct
1991,01 Q1 menor,0,0.0
1991,01 Q1 menor,3,0.0
1991,01 Q1 menor,6,0.0
1991,01 Q1 menor,9,0.0245
1991,01 Q1 menor,12,0.098
1991,01 Q1 menor,15,0.392
1991,01 Q1 menor,18,0.8574
1991,01 Q1 menor,21,1.2984
1991,01 Q1 menor,24,1.7883
1991,01 Q1 menor,27,2.4743
1991,01 Q1 menor,30,2.9397
1991,01 Q1 menor,33,3.4787
1991,01 Q1 menor,36,4.3361
1991,01 Q1 menor,39,4.8996
1991,01 Q1 menor,42,5.414
1991,01 Q1 menor,45,6.051
1991,01 Q1 menor,48,6.6144
1991,01 Q1 menor,51,7.0554
1991,01 Q1 menor,54,7.3493
1991,01 Q1 menor,57,7.6433
1991,01 Q1 menor,60,8.1333
1991,01 Q1 menor,63,8.4517
1991,01 Q1 menor,66,8.8927
1991,01 Q1 menor,69,9.1867
1991,01 Q1 menor,72,9.5296
1991,01 Q1 menor,75,9.8726
1991,01 Q1 menor,78,10.0441
1991,01 Q1 menor,81,10.2401
1991,01 Q1 menor,84,10.4116
1991,01 Q1 menor,87,10.5341
1991,01 Q1 menor,90,10.73
1991,01 Q1 menor,93,10.8035
1991,01 Q1 menor,96,10.975
1991,01 Q1 menor,99,11.0975
1991,01 Q1 menor,102,11.171
1991,01 Q1 menor,105,11.269
1991,01 Q1 menor,108,11.3425
1991,01 Q1 menor,111,11.367
1991,01 Q1 menor,114,11.4405
1991,01 Q1 menor,117,11.4405
1991,01 Q1 menor,120,11.465
1991,02 Q2,0,0.0
1991,02 Q2,3,0.0
1991,02 Q2,6,0.0
1991,02 Q2,9,0.0
1991,02 Q2,12,0.0
1991,02 Q2,15,0.2205
1991,02 Q2,18,0.4165
1991,02 Q2,21,0.6859
1991,02 Q2,24,1.2984
1991,02 Q2,27,1.7393
1991,02 Q2,30,2.3028
1991,02 Q2,33,2.8417
1991,02 Q2,36,3.4052
1991,02 Q2,39,3.9196
1991,02 Q2,42,4.4586
1991,02 Q2,45,5.071
1991,02 Q2,48,5.4875
1991,02 Q2,51,5.806
1991,02 Q2,54,6.5409
1991,02 Q2,57,7.1289
1991,02 Q2,60,7.4718
1991,02 Q2,63,7.9618
1991,02 Q2,66,8.4027
1991,02 Q2,69,8.7702
1991,02 Q2,72,9.1622
1991,02 Q2,75,9.5296
1991,02 Q2,78,9.7746
1991,02 Q2,81,9.9216
1991,02 Q2,84,10.1666
1991,02 Q2,87,10.4361
1991,02 Q2,90,10.4851
1991,02 Q2,93,10.73
1991,02 Q2,96,11.122
1991,02 Q2,99,11.3425
1991,02 Q2,102,11.514
1991,02 Q2,105,11.6854
1991,02 Q2,108,11.8079
1991,02 Q2,111,11.8569
1991,02 Q2,114,11.8814
1991,02 Q2,117,11.9549
1991,02 Q2,120,11.9794
1991,03 Q3,0,0.0
1991,03 Q3,3,0.0
1991,03 Q3,6,0.0
1991,03 Q3,9,0.0
1991,03 Q3,12,0.0
1991,03 Q3,15,0.0
1991,03 Q3,18,0.0735
1991,03 Q3,21,0.2695
1991,03 Q3,24,0.5391
1991,03 Q3,27,0.7841
1991,03 Q3,30,1.0537
1991,03 Q3,33,1.4947
1991,03 Q3,36,2.0093
1991,03 Q3,39,2.7444
1991,03 Q3,42,3.406
1991,03 Q3,45,3.7981
1991,03 Q3,48,4.2637
1991,03 Q3,51,4.8272
1991,03 Q3,54,5.3663
1991,03 Q3,57,5.9544
1991,03 Q3,60,6.4445
1991,03 Q3,63,6.8856
1991,03 Q3,66,7.5717
1991,03 Q3,69,8.0372
1991,03 Q3,72,8.6498
1991,03 Q3,75,9.0174
1991,03 Q3,78,9.4095
1991,03 Q3,81,9.7035
1991,03 Q3,84,10.0466
1991,03 Q3,87,10.3406
1991,03 Q3,90,10.7082
1991,03 Q3,93,10.8552
1991,03 Q3,96,11.1492
1991,03 Q3,99,11.4923
1991,03 Q3,102,11.8108
1991,03 Q3,105,12.0069
1991,03 Q3,108,12.1049
1991,03 Q3,111,12.3254
1991,03 Q3,114,12.3989
1991,03 Q3,117,12.4969
1991,03 Q3,120,12.595
1991,04 Q4 mayor,0,0.0
1991,04 Q4 mayor,3,0.0
1991,04 Q4 mayor,6,0.0
1991,04 Q4 mayor,9,0.0
1991,04 Q4 mayor,12,0.0245
1991,04 Q4 mayor,15,0.0245
1991,04 Q4 mayor,18,0.0245
1991,04 Q4 mayor,21,0.098
1991,04 Q4 mayor,24,0.2695
1991,04 Q4 mayor,27,0.3921
1991,04 Q4 mayor,30,0.6126
1991,04 Q4 mayor,33,0.8086
1991,04 Q4 mayor,36,1.0537
1991,04 Q4 mayor,39,1.4212
1991,04 Q4 mayor,42,2.0338
1991,04 Q4 mayor,45,2.4014
1991,04 Q4 mayor,48,2.9895
1991,04 Q4 mayor,51,3.5776
1991,04 Q4 mayor,54,4.0921
1991,04 Q4 mayor,57,4.6067
1991,04 Q4 mayor,60,5.0723
1991,04 Q4 mayor,63,5.6604
1991,04 Q4 mayor,66,6.224
1991,04 Q4 mayor,69,6.763
1991,04 Q4 mayor,72,7.4247
1991,04 Q4 mayor,75,7.9147
1991,04 Q4 mayor,78,8.4538
1991,04 Q4 mayor,81,8.9194
1991,04 Q4 mayor,84,9.3114
1991,04 Q4 mayor,87,9.4585
1991,04 Q4 mayor,90,9.7035
1991,04 Q4 mayor,93,10.0466
1991,04 Q4 mayor,96,10.3406
1991,04 Q4 mayor,99,10.6346
1991,04 Q4 mayor,102,10.8552
1991,04 Q4 mayor,105,11.2963
1991,04 Q4 mayor,108,11.5168
1991,04 Q4 mayor,111,11.7618
1991,04 Q4 mayor,114,11.8598
1991,04 Q4 mayor,117,11.9824
1991,04 Q4 mayor,120,12.0804
1992,01 Q1 menor,0,0.0
1992,01 Q1 menor,3,0.0
1992,01 Q1 menor,6,0.0
1992,01 Q1 menor,9,0.0378
1992,01 Q1 menor,12,0.189
1992,01 Q1 menor,15,0.4159
1992,01 Q1 menor,18,0.6994
1992,01 Q1 menor,21,1.3233
1992,01 Q1 menor,24,1.6446
1992,01 Q1 menor,27,2.0983
1992,01 Q1 menor,30,2.552
1992,01 Q1 menor,33,2.8544
1992,01 Q1 menor,36,3.4026
1992,01 Q1 menor,39,3.8563
1992,01 Q1 menor,42,4.2722
1992,01 Q1 menor,45,4.6503
1992,01 Q1 menor,48,4.9149
1992,01 Q1 menor,51,5.3497
1992,01 Q1 menor,54,5.9168
1992,01 Q1 menor,57,6.3894
1992,01 Q1 menor,60,6.8053
1992,01 Q1 menor,63,7.1834
1992,01 Q1 menor,66,7.4291
1992,01 Q1 menor,69,7.7694
1992,01 Q1 menor,72,7.9584
1992,01 Q1 menor,75,8.2042
1992,01 Q1 menor,78,8.3554
1992,01 Q1 menor,81,8.5822
1992,01 Q1 menor,84,8.7713
1992,01 Q1 menor,87,8.8469
1992,01 Q1 menor,90,8.9981
1992,01 Q1 menor,93,9.1304
1992,01 Q1 menor,96,9.1871
1992,01 Q1 menor,99,9.206
1992,01 Q1 menor,102,9.2817
1992,01 Q1 menor,105,9.3384
1992,01 Q1 menor,108,9.3384
1992,01 Q1 menor,111,9.3951
1992,01 Q1 menor,114,9.4329
1992,01 Q1 menor,117,9.4329
1992,01 Q1 menor,120,9.4329
1992,02 Q2,0,0.0
1992,02 Q2,3,0.0
1992,02 Q2,6,0.0
1992,02 Q2,9,0.0189
1992,02 Q2,12,0.0567
1992,02 Q2,15,0.2079
1992,02 Q2,18,0.3403
1992,02 Q2,21,0.4159
1992,02 Q2,24,0.6616
1992,02 Q2,27,0.8885
1992,02 Q2,30,1.2476
1992,02 Q2,33,1.6068
1992,02 Q2,36,1.9093
1992,02 Q2,39,2.1739
1992,02 Q2,42,2.5331
1992,02 Q2,45,3.0435
1992,02 Q2,48,3.6106
1992,02 Q2,51,3.9887
1992,02 Q2,54,4.4991
1992,02 Q2,57,4.8393
1992,02 Q2,60,5.1985
1992,02 Q2,63,5.4253
1992,02 Q2,66,5.8034
1992,02 Q2,69,6.1437
1992,02 Q2,72,6.4272
1992,02 Q2,75,6.7486
1992,02 Q2,78,6.9187
1992,02 Q2,81,7.1645
1992,02 Q2,84,7.3913
1992,02 Q2,87,7.4858
1992,02 Q2,90,7.656
1992,02 Q2,93,7.7505
1992,02 Q2,96,7.8639
1992,02 Q2,99,7.9584
1992,02 Q2,102,8.0151
1992,02 Q2,105,8.1096
1992,02 Q2,108,8.1664
1992,02 Q2,111,8.2609
1992,02 Q2,114,8.3554
1992,02 Q2,117,8.3554
1992,02 Q2,120,8.3932
1992,03 Q3,0,0.0
1992,03 Q3,3,0.0
1992,03 Q3,6,0.0
1992,03 Q3,9,0.0
1992,03 Q3,12,0.0189
1992,03 Q3,15,0.0756
1992,03 Q3,18,0.1323
1992,03 Q3,21,0.189
1992,03 Q3,24,0.3403
1992,03 Q3,27,0.4726
1992,03 Q3,30,0.6994
1992,03 Q3,33,0.9452
1992,03 Q3,36,1.1531
1992,03 Q3,39,1.6824
1992,03 Q3,42,1.966
1992,03 Q3,45,2.3629
1992,03 Q3,48,2.6654
1992,03 Q3,51,3.2136
1992,03 Q3,54,3.6295
1992,03 Q3,57,3.9319
1992,03 Q3,60,4.2155
1992,03 Q3,63,4.5747
1992,03 Q3,66,4.9905
1992,03 Q3,69,5.1796
1992,03 Q3,72,5.4631
1992,03 Q3,75,5.8601
1992,03 Q3,78,6.1059
1992,03 Q3,81,6.3516
1992,03 Q3,84,6.5217
1992,03 Q3,87,6.7675
1992,03 Q3,90,7.0132
1992,03 Q3,93,7.2212
1992,03 Q3,96,7.4102
1992,03 Q3,99,7.5992
1992,03 Q3,102,7.7505
1992,03 Q3,105,7.845
1992,03 Q3,108,8.034
1992,03 Q3,111,8.1285
1992,03 Q3,114,8.1853
1992,03 Q3,117,8.2798
1992,03 Q3,120,8.3365
1992,04 Q4 mayor,0,0.0
1992,04 Q4 mayor,3,0.0
1992,04 Q4 mayor,6,0.0
1992,04 Q4 mayor,9,0.0
1992,04 Q4 mayor,12,0.0
1992,04 Q4 mayor,15,0.0189
1992,04 Q4 mayor,18,0.0567
1992,04 Q4 mayor,21,0.1134
1992,04 Q4 mayor,24,0.1512
1992,04 Q4 mayor,27,0.3025
1992,04 Q4 mayor,30,0.4537
1992,04 Q4 mayor,33,0.586
1992,04 Q4 mayor,36,0.8507
1992,04 Q4 mayor,39,1.0208
1992,04 Q4 mayor,42,1.2476
1992,04 Q4 mayor,45,1.7013
1992,04 Q4 mayor,48,2.1928
1992,04 Q4 mayor,51,2.6087
1992,04 Q4 mayor,54,3.0813
1992,04 Q4 mayor,57,3.5917
1992,04 Q4 mayor,60,3.9887
1992,04 Q4 mayor,63,4.3478
1992,04 Q4 mayor,66,4.6314
1992,04 Q4 mayor,69,4.9716
1992,04 Q4 mayor,72,5.3308
1992,04 Q4 mayor,75,5.6144
1992,04 Q4 mayor,78,5.9168
1992,04 Q4 mayor,81,6.1437
1992,04 Q4 mayor,84,6.4272
1992,04 Q4 mayor,87,6.6352
1992,04 Q4 mayor,90,6.862
1992,04 Q4 mayor,93,7.1267
1992,04 Q4 mayor,96,7.2212
1992,04 Q4 mayor,99,7.3157
1992,04 Q4 mayor,102,7.4102
1992,04 Q4 mayor,105,7.5047
1992,04 Q4 mayor,108,7.6371
1992,04 Q4 mayor,111,7.7883
1992,04 Q4 mayor,114,7.8072
1992,04 Q4 mayor,117,7.9206
1992,04 Q4 mayor,120,7.9962
1993,01 Q1 menor,0,0.0
1993,01 Q1 menor,3,0.0
1993,01 Q1 menor,6,0.0
1993,01 Q1 menor,9,0.0
1993,01 Q1 menor,12,0.0514
1993,01 Q1 menor,15,0.2225
1993,01 Q1 menor,18,0.4108
1993,01 Q1 menor,21,0.6847
1993,01 Q1 menor,24,0.9757
1993,01 Q1 menor,27,1.5063
1993,01 Q1 menor,30,1.9
1993,01 Q1 menor,33,2.3964
1993,01 Q1 menor,36,2.8415
1993,01 Q1 menor,39,3.4748
1993,01 Q1 menor,42,3.937
1993,01 Q1 menor,45,4.6046
1993,01 Q1 menor,48,5.2208
1993,01 Q1 menor,51,5.5803
1993,01 Q1 menor,54,5.974
1993,01 Q1 menor,57,6.3848
1993,01 Q1 menor,60,6.8127
1993,01 Q1 menor,63,7.1893
1993,01 Q1 menor,66,7.4803
1993,01 Q1 menor,69,7.8398
1993,01 Q1 menor,72,8.2164
1993,01 Q1 menor,75,8.4218
1993,01 Q1 menor,78,8.6272
1993,01 Q1 menor,81,8.7641
1993,01 Q1 menor,84,8.8326
1993,01 Q1 menor,87,8.9011
1993,01 Q1 menor,90,8.9695
1993,01 Q1 menor,93,9.0038
1993,01 Q1 menor,96,9.0551
1993,01 Q1 menor,99,9.0722
1993,01 Q1 menor,102,9.0894
1993,01 Q1 menor,105,9.1578
1993,01 Q1 menor,108,9.1749
1993,01 Q1 menor,111,9.2092
1993,01 Q1 menor,114,9.2434
1993,01 Q1 menor,117,9.2776
1993,01 Q1 menor,120,9.329
1993,02 Q2,0,0.0
1993,02 Q2,3,0.0
1993,02 Q2,6,0.0
1993,02 Q2,9,0.0
1993,02 Q2,12,0.0342
1993,02 Q2,15,0.1198
1993,02 Q2,18,0.2054
1993,02 Q2,21,0.3937
1993,02 Q2,24,0.6333
1993,02 Q2,27,0.9072
1993,02 Q2,30,1.0955
1993,02 Q2,33,1.3694
1993,02 Q2,36,1.8658
1993,02 Q2,39,2.3622
1993,02 Q2,42,2.773
1993,02 Q2,45,3.3721
1993,02 Q2,48,3.783
1993,02 Q2,51,3.9712
1993,02 Q2,54,4.1767
1993,02 Q2,57,4.5361
1993,02 Q2,60,4.7415
1993,02 Q2,63,5.0325
1993,02 Q2,66,5.3235
1993,02 Q2,69,5.6659
1993,02 Q2,72,5.9911
1993,02 Q2,75,6.2821
1993,02 Q2,78,6.4875
1993,02 Q2,81,6.6758
1993,02 Q2,84,6.7956
1993,02 Q2,87,6.9497
1993,02 Q2,90,7.0695
1993,02 Q2,93,7.1722
1993,02 Q2,96,7.3263
1993,02 Q2,99,7.4803
1993,02 Q2,102,7.5145
1993,02 Q2,105,7.6344
1993,02 Q2,108,7.7028
1993,02 Q2,111,7.7713
1993,02 Q2,114,7.8398
1993,02 Q2,117,7.874
1993,02 Q2,120,7.9596
1993,03 Q3,0,0.0
1993,03 Q3,3,0.0
1993,03 Q3,6,0.0
1993,03 Q3,9,0.0
1993,03 Q3,12,0.0
1993,03 Q3,15,0.0171
1993,03 Q3,18,0.0514
1993,03 Q3,21,0.0856
1993,03 Q3,24,0.1712
1993,03 Q3,27,0.3252
1993,03 Q3,30,0.4279
1993,03 Q3,33,0.582
1993,03 Q3,36,0.8901
1993,03 Q3,39,1.0955
1993,03 Q3,42,1.4207
1993,03 Q3,45,1.8316
1993,03 Q3,48,2.1226
1993,03 Q3,51,2.3622
1993,03 Q3,54,2.619
1993,03 Q3,57,2.9271
1993,03 Q3,60,3.2865
1993,03 Q3,63,3.6289
1993,03 Q3,66,3.8685
1993,03 Q3,69,4.1424
1993,03 Q3,72,4.5532
1993,03 Q3,75,4.9127
1993,03 Q3,78,5.0496
1993,03 Q3,81,5.1866
1993,03 Q3,84,5.3749
1993,03 Q3,87,5.4605
1993,03 Q3,90,5.6488
1993,03 Q3,93,5.7172
1993,03 Q3,96,5.8028
1993,03 Q3,99,5.974
1993,03 Q3,102,6.0425
1993,03 Q3,105,6.1452
1993,03 Q3,108,6.1965
1993,03 Q3,111,6.2821
1993,03 Q3,114,6.3163
1993,03 Q3,117,6.3163
1993,03 Q3,120,6.4019
1993,04 Q4 mayor,0,0.0
1993,04 Q4 mayor,3,0.0
1993,04 Q4 mayor,6,0.0
1993,04 Q4 mayor,9,0.0
1993,04 Q4 mayor,12,0.0
1993,04 Q4 mayor,15,0.0
1993,04 Q4 mayor,18,0.0171
1993,04 Q4 mayor,21,0.1198
1993,04 Q4 mayor,24,0.2226
1993,04 Q4 mayor,27,0.291
1993,04 Q4 mayor,30,0.4965
1993,04 Q4 mayor,33,0.5821
1993,04 Q4 mayor,36,0.6848
1993,04 Q4 mayor,39,0.856
1993,04 Q4 mayor,42,1.1642
1993,04 Q4 mayor,45,1.4724
1993,04 Q4 mayor,48,1.7463
1993,04 Q4 mayor,51,1.986
1993,04 Q4 mayor,54,2.1572
1993,04 Q4 mayor,57,2.5509
1993,04 Q4 mayor,60,2.7906
1993,04 Q4 mayor,63,2.8933
1993,04 Q4 mayor,66,3.2357
1993,04 Q4 mayor,69,3.5782
1993,04 Q4 mayor,72,3.9719
1993,04 Q4 mayor,75,4.2801
1993,04 Q4 mayor,78,4.6054
1993,04 Q4 mayor,81,4.8622
1993,04 Q4 mayor,84,5.0847
1993,04 Q4 mayor,87,5.3416
1993,04 Q4 mayor,90,5.4614
1993,04 Q4 mayor,93,5.5641
1993,04 Q4 mayor,96,5.7353
1993,04 Q4 mayor,99,5.8723
1993,04 Q4 mayor,102,6.0264
1993,04 Q4 mayor,105,6.112
1993,04 Q4 mayor,108,6.1633
1993,04 Q4 mayor,111,6.2489
1993,04 Q4 mayor,114,6.3517
1993,04 Q4 mayor,117,6.4201
1993,04 Q4 mayor,120,6.4886
1994,01 Q1 menor,0,0.0
1994,01 Q1 menor,3,0.0
1994,01 Q1 menor,6,0.0
1994,01 Q1 menor,9,0.0498
1994,01 Q1 menor,12,0.0996
1994,01 Q1 menor,15,0.2863
1994,01 Q1 menor,18,0.5851
1994,01 Q1 menor,21,1.0457
1994,01 Q1 menor,24,1.8922
1994,01 Q1 menor,27,2.664
1994,01 Q1 menor,30,3.4483
1994,01 Q1 menor,33,4.2325
1994,01 Q1 menor,36,5.1413
1994,01 Q1 menor,39,5.8882
1994,01 Q1 menor,42,6.6102
1994,01 Q1 menor,45,7.1082
1994,01 Q1 menor,48,7.88
1994,01 Q1 menor,51,8.5149
1994,01 Q1 menor,54,9.1871
1994,01 Q1 menor,57,9.7348
1994,01 Q1 menor,60,10.3822
1994,01 Q1 menor,63,10.7681
1994,01 Q1 menor,66,11.1913
1994,01 Q1 menor,69,11.5772
1994,01 Q1 menor,72,11.7889
1994,01 Q1 menor,75,12.0005
1994,01 Q1 menor,78,12.125
1994,01 Q1 menor,81,12.1997
1994,01 Q1 menor,84,12.3615
1994,01 Q1 menor,87,12.486
1994,01 Q1 menor,90,12.5607
1994,01 Q1 menor,93,12.6603
1994,01 Q1 menor,96,12.7474
1994,01 Q1 menor,99,12.8221
1994,01 Q1 menor,102,12.8221
1994,01 Q1 menor,105,12.8595
1994,01 Q1 menor,108,12.9341
1994,01 Q1 menor,111,12.9715
1994,01 Q1 menor,114,13.0213
1994,01 Q1 menor,117,13.0337
1994,01 Q1 menor,120,13.0337
1994,02 Q2,0,0.0
1994,02 Q2,3,0.0
1994,02 Q2,6,0.0
1994,02 Q2,9,0.0
1994,02 Q2,12,0.0124
1994,02 Q2,15,0.0373
1994,02 Q2,18,0.2116
1994,02 Q2,21,0.473
1994,02 Q2,24,0.8216
1994,02 Q2,27,1.2449
1994,02 Q2,30,1.8797
1994,02 Q2,33,2.5271
1994,02 Q2,36,3.1869
1994,02 Q2,39,3.5728
1994,02 Q2,42,4.133
1994,02 Q2,45,4.6682
1994,02 Q2,48,5.2035
1994,02 Q2,51,5.6766
1994,02 Q2,54,6.1994
1994,02 Q2,57,6.7223
1994,02 Q2,60,7.0833
1994,02 Q2,63,7.6061
1994,02 Q2,66,8.0045
1994,02 Q2,69,8.4526
1994,02 Q2,72,8.7763
1994,02 Q2,75,9.0502
1994,02 Q2,78,9.3116
1994,02 Q2,81,9.5357
1994,02 Q2,84,9.7099
1994,02 Q2,87,9.8344
1994,02 Q2,90,10.0336
1994,02 Q2,93,10.1954
1994,02 Q2,96,10.3573
1994,02 Q2,99,10.4444
1994,02 Q2,102,10.544
1994,02 Q2,105,10.5689
1994,02 Q2,108,10.6685
1994,02 Q2,111,10.7307
1994,02 Q2,114,10.7681
1994,02 Q2,117,10.8179
1994,02 Q2,120,10.8179
1994,03 Q3,0,0.0
1994,03 Q3,3,0.0
1994,03 Q3,6,0.0
1994,03 Q3,9,0.0
1994,03 Q3,12,0.0124
1994,03 Q3,15,0.0249
1994,03 Q3,18,0.0871
1994,03 Q3,21,0.1992
1994,03 Q3,24,0.3984
1994,03 Q3,27,0.7469
1994,03 Q3,30,1.1079
1994,03 Q3,33,1.4067
1994,03 Q3,36,1.7926
1994,03 Q3,39,2.1163
1994,03 Q3,42,2.5395
1994,03 Q3,45,2.9379
1994,03 Q3,48,3.3113
1994,03 Q3,51,3.6599
1994,03 Q3,54,3.996
1994,03 Q3,57,4.4566
1994,03 Q3,60,4.8425
1994,03 Q3,63,5.1288
1994,03 Q3,66,5.5396
1994,03 Q3,69,5.8384
1994,03 Q3,72,6.1123
1994,03 Q3,75,6.3737
1994,03 Q3,78,6.5604
1994,03 Q3,81,6.6476
1994,03 Q3,84,6.8468
1994,03 Q3,87,6.9214
1994,03 Q3,90,7.0708
1994,03 Q3,93,7.2202
1994,03 Q3,96,7.3696
1994,03 Q3,99,7.4567
1994,03 Q3,102,7.6061
1994,03 Q3,105,7.7555
1994,03 Q3,108,7.9049
1994,03 Q3,111,7.9671
1994,03 Q3,114,7.9796
1994,03 Q3,117,8.0169
1994,03 Q3,120,8.0418
1994,04 Q4 mayor,0,0.0
1994,04 Q4 mayor,3,0.0
1994,04 Q4 mayor,6,0.0
1994,04 Q4 mayor,9,0.0
1994,04 Q4 mayor,12,0.0
1994,04 Q4 mayor,15,0.0
1994,04 Q4 mayor,18,0.0249
1994,04 Q4 mayor,21,0.0374
1994,04 Q4 mayor,24,0.1121
1994,04 Q4 mayor,27,0.2739
1994,04 Q4 mayor,30,0.4482
1994,04 Q4 mayor,33,0.635
1994,04 Q4 mayor,36,0.9089
1994,04 Q4 mayor,39,1.1703
1994,04 Q4 mayor,42,1.4816
1994,04 Q4 mayor,45,1.7181
1994,04 Q4 mayor,48,2.0169
1994,04 Q4 mayor,51,2.241
1994,04 Q4 mayor,54,2.5398
1994,04 Q4 mayor,57,2.9009
1994,04 Q4 mayor,60,3.125
1994,04 Q4 mayor,63,3.3616
1994,04 Q4 mayor,66,3.6479
1994,04 Q4 mayor,69,3.9467
1994,04 Q4 mayor,72,4.1335
1994,04 Q4 mayor,75,4.2829
1994,04 Q4 mayor,78,4.4074
1994,04 Q4 mayor,81,4.5692
1994,04 Q4 mayor,84,4.7933
1994,04 Q4 mayor,87,4.9303
1994,04 Q4 mayor,90,5.0423
1994,04 Q4 mayor,93,5.1544
1994,04 Q4 mayor,96,5.2789
1994,04 Q4 mayor,99,5.4034
1994,04 Q4 mayor,102,5.503
1994,04 Q4 mayor,105,5.6026
1994,04 Q4 mayor,108,5.6648
1994,04 Q4 mayor,111,5.7271
1994,04 Q4 mayor,114,5.8391
1994,04 Q4 mayor,117,5.8516
1994,04 Q4 mayor,120,5.9014
1995,01 Q1 menor,0,0.0
1995,01 Q1 menor,3,0.0
1995,01 Q1 menor,6,0.0
1995,01 Q1 menor,9,0.0246
1995,01 Q1 menor,12,0.1561
1995,01 Q1 menor,15,0.5175
1995,01 Q1 menor,18,0.9774
1995,01 Q1 menor,21,1.7823
1995,01 Q1 menor,24,2.6776
1995,01 Q1 menor,27,3.6057
1995,01 Q1 menor,30,4.7474
1995,01 Q1 menor,33,5.6345
1995,01 Q1 menor,36,6.5051
1995,01 Q1 menor,39,7.3018
1995,01 Q1 menor,42,8.115
1995,01 Q1 menor,45,8.7639
1995,01 Q1 menor,48,9.5277
1995,01 Q1 menor,51,10.1437
1995,01 Q1 menor,54,10.809
1995,01 Q1 menor,57,11.2772
1995,01 Q1 menor,60,11.6797
1995,01 Q1 menor,63,11.9261
1995,01 Q1 menor,66,12.1889
1995,01 Q1 menor,69,12.4517
1995,01 Q1 menor,72,12.7474
1995,01 Q1 menor,75,12.8871
1995,01 Q1 menor,78,13.0349
1995,01 Q1 menor,81,13.2074
1995,01 Q1 menor,84,13.347
1995,01 Q1 menor,87,13.5113
1995,01 Q1 menor,90,13.5852
1995,01 Q1 menor,93,13.7166
1995,01 Q1 menor,96,13.7906
1995,01 Q1 menor,99,13.8316
1995,01 Q1 menor,102,13.9055
1995,01 Q1 menor,105,13.9384
1995,01 Q1 menor,108,13.9713
1995,01 Q1 menor,111,13.9877
1995,01 Q1 menor,114,14.0041
1995,01 Q1 menor,117,14.0041
1995,01 Q1 menor,120,14.0041
1995,02 Q2,0,0.0
1995,02 Q2,3,0.0
1995,02 Q2,6,0.0
1995,02 Q2,9,0.0329
1995,02 Q2,12,0.0657
1995,02 Q2,15,0.23
1995,02 Q2,18,0.5257
1995,02 Q2,21,1.0678
1995,02 Q2,24,1.7002
1995,02 Q2,27,2.3326
1995,02 Q2,30,3.2444
1995,02 Q2,33,4.1068
1995,02 Q2,36,4.961
1995,02 Q2,39,5.7331
1995,02 Q2,42,6.4066
1995,02 Q2,45,7.3265
1995,02 Q2,48,8.0411
1995,02 Q2,51,8.8378
1995,02 Q2,54,9.6345
1995,02 Q2,57,10.2587
1995,02 Q2,60,10.7105
1995,02 Q2,63,11.1376
1995,02 Q2,66,11.5565
1995,02 Q2,69,11.9097
1995,02 Q2,72,12.2136
1995,02 Q2,75,12.46
1995,02 Q2,78,12.6982
1995,02 Q2,81,12.8953
1995,02 Q2,84,13.1417
1995,02 Q2,87,13.3224
1995,02 Q2,90,13.4949
1995,02 Q2,93,13.6345
1995,02 Q2,96,13.7331
1995,02 Q2,99,13.8727
1995,02 Q2,102,13.9466
1995,02 Q2,105,13.9959
1995,02 Q2,108,14.037
1995,02 Q2,111,14.0945
1995,02 Q2,114,14.1273
1995,02 Q2,117,14.1355
1995,02 Q2,120,14.152
1995,03 Q3,0,0.0
1995,03 Q3,3,0.0
1995,03 Q3,6,0.0
1995,03 Q3,9,0.0
1995,03 Q3,12,0.0246
1995,03 Q3,15,0.1478
1995,03 Q3,18,0.3943
1995,03 Q3,21,0.6407
1995,03 Q3,24,0.9856
1995,03 Q3,27,1.4702
1995,03 Q3,30,1.9548
1995,03 Q3,33,2.4723
1995,03 Q3,36,3.1951
1995,03 Q3,39,3.8768
1995,03 Q3,42,4.5585
1995,03 Q3,45,5.2895
1995,03 Q3,48,5.9466
1995,03 Q3,51,6.5873
1995,03 Q3,54,7.2444
1995,03 Q3,57,7.7864
1995,03 Q3,60,8.2875
1995,03 Q3,63,8.7885
1995,03 Q3,66,9.1253
1995,03 Q3,69,9.4949
1995,03 Q3,72,9.8645
1995,03 Q3,75,10.2012
1995,03 Q3,78,10.4969
1995,03 Q3,81,10.7762
1995,03 Q3,84,10.9569
1995,03 Q3,87,11.1622
1995,03 Q3,90,11.3265
1995,03 Q3,93,11.4661
1995,03 Q3,96,11.655
1995,03 Q3,99,11.7864
1995,03 Q3,102,11.9097
1995,03 Q3,105,12.0246
1995,03 Q3,108,12.0739
1995,03 Q3,111,12.1314
1995,03 Q3,114,12.1643
1995,03 Q3,117,12.1643
1995,03 Q3,120,12.1807
1995,04 Q4 mayor,0,0.0
1995,04 Q4 mayor,3,0.0
1995,04 Q4 mayor,6,0.0
1995,04 Q4 mayor,9,0.0
1995,04 Q4 mayor,12,0.0329
1995,04 Q4 mayor,15,0.0821
1995,04 Q4 mayor,18,0.1396
1995,04 Q4 mayor,21,0.2054
1995,04 Q4 mayor,24,0.4025
1995,04 Q4 mayor,27,0.5832
1995,04 Q4 mayor,30,0.7968
1995,04 Q4 mayor,33,0.9857
1995,04 Q4 mayor,36,1.2486
1995,04 Q4 mayor,39,1.4293
1995,04 Q4 mayor,42,1.8564
1995,04 Q4 mayor,45,2.1768
1995,04 Q4 mayor,48,2.5464
1995,04 Q4 mayor,51,2.8832
1995,04 Q4 mayor,54,3.261
1995,04 Q4 mayor,57,3.6553
1995,04 Q4 mayor,60,3.9264
1995,04 Q4 mayor,63,4.2139
1995,04 Q4 mayor,66,4.5343
1995,04 Q4 mayor,69,4.8053
1995,04 Q4 mayor,72,5.0189
1995,04 Q4 mayor,75,5.2407
1995,04 Q4 mayor,78,5.5282
1995,04 Q4 mayor,81,5.6842
1995,04 Q4 mayor,84,5.8567
1995,04 Q4 mayor,87,6.0867
1995,04 Q4 mayor,90,6.3085
1995,04 Q4 mayor,93,6.5303
1995,04 Q4 mayor,96,6.6289
1995,04 Q4 mayor,99,6.7932
1995,04 Q4 mayor,102,6.9246
1995,04 Q4 mayor,105,7.0232
1995,04 Q4 mayor,108,7.0724
1995,04 Q4 mayor,111,7.1135
1995,04 Q4 mayor,114,7.1217
1995,04 Q4 mayor,117,7.1546
1995,04 Q4 mayor,120,7.171
1996,01 Q1 menor,0,0.0
1996,01 Q1 menor,3,0.0
1996,01 Q1 menor,6,0.0
1996,01 Q1 menor,9,0.0503
1996,01 Q1 menor,12,0.1308
1996,01 Q1 menor,15,0.4126
1996,01 Q1 menor,18,0.9461
1996,01 Q1 menor,21,1.6204
1996,01 Q1 menor,24,2.3853
1996,01 Q1 menor,27,3.13
1996,01 Q1 menor,30,3.9754
1996,01 Q1 menor,33,4.8712
1996,01 Q1 menor,36,5.8977
1996,01 Q1 menor,39,6.6526
1996,01 Q1 menor,42,7.2564
1996,01 Q1 menor,45,8.1421
1996,01 Q1 menor,48,8.8567
1996,01 Q1 menor,51,9.5713
1996,01 Q1 menor,54,10.0342
1996,01 Q1 menor,57,10.3865
1996,01 Q1 menor,60,10.8897
1996,01 Q1 menor,63,11.413
1996,01 Q1 menor,66,11.8357
1996,01 Q1 menor,69,12.0974
1996,01 Q1 menor,72,12.349
1996,01 Q1 menor,75,12.6208
1996,01 Q1 menor,78,12.8523
1996,01 Q1 menor,81,13.0535
1996,01 Q1 menor,84,13.2548
1996,01 Q1 menor,87,13.3857
1996,01 Q1 menor,90,13.4762
1996,01 Q1 menor,93,13.5467
1996,01 Q1 menor,96,13.6171
1996,01 Q1 menor,99,13.6272
1996,01 Q1 menor,102,13.6675
1996,01 Q1 menor,105,13.6675
1996,01 Q1 menor,108,13.6876
1996,01 Q1 menor,111,13.7178
1996,01 Q1 menor,114,13.748
1996,01 Q1 menor,117,13.8889
1996,01 Q1 menor,120,14.0801
1996,02 Q2,0,0.0101
1996,02 Q2,3,0.0101
1996,02 Q2,6,0.0101
1996,02 Q2,9,0.0302
1996,02 Q2,12,0.0906
1996,02 Q2,15,0.3019
1996,02 Q2,18,0.5938
1996,02 Q2,21,0.9863
1996,02 Q2,24,1.4895
1996,02 Q2,27,2.0934
1996,02 Q2,30,2.818
1996,02 Q2,33,3.8245
1996,02 Q2,36,4.5189
1996,02 Q2,39,5.465
1996,02 Q2,42,6.3205
1996,02 Q2,45,7.2464
1996,02 Q2,48,8.0415
1996,02 Q2,51,8.7057
1996,02 Q2,54,9.2895
1996,02 Q2,57,9.9537
1996,02 Q2,60,10.3563
1996,02 Q2,63,10.8897
1996,02 Q2,66,11.2218
1996,02 Q2,69,11.6043
1996,02 Q2,72,12.0572
1996,02 Q2,75,12.4195
1996,02 Q2,78,12.6912
1996,02 Q2,81,12.9932
1996,02 Q2,84,13.2548
1996,02 Q2,87,13.5165
1996,02 Q2,90,13.6876
1996,02 Q2,93,13.8184
1996,02 Q2,96,13.8788
1996,02 Q2,99,13.899
1996,02 Q2,102,13.909
1996,02 Q2,105,13.9191
1996,02 Q2,108,13.9191
1996,02 Q2,111,13.9493
1996,02 Q2,114,14.0097
1996,02 Q2,117,14.2009
1996,02 Q2,120,14.3015
1996,03 Q3,0,0.0
1996,03 Q3,3,0.0
1996,03 Q3,6,0.0
1996,03 Q3,9,0.0
1996,03 Q3,12,0.0403
1996,03 Q3,15,0.1006
1996,03 Q3,18,0.2114
1996,03 Q3,21,0.4932
1996,03 Q3,24,0.7448
1996,03 Q3,27,1.0568
1996,03 Q3,30,1.4493
1996,03 Q3,33,1.9022
1996,03 Q3,36,2.5664
1996,03 Q3,39,3.1703
1996,03 Q3,42,3.9352
1996,03 Q3,45,4.4787
1996,03 Q3,48,4.9618
1996,03 Q3,51,5.5958
1996,03 Q3,54,6.2299
1996,03 Q3,57,6.6828
1996,03 Q3,60,7.0048
1996,03 Q3,63,7.4376
1996,03 Q3,66,7.8905
1996,03 Q3,69,8.2931
1996,03 Q3,72,8.7057
1996,03 Q3,75,9.0076
1996,03 Q3,78,9.3297
1996,03 Q3,81,9.4706
1996,03 Q3,84,9.6417
1996,03 Q3,87,9.843
1996,03 Q3,90,10.0543
1996,03 Q3,93,10.155
1996,03 Q3,96,10.2758
1996,03 Q3,99,10.3261
1996,03 Q3,102,10.3865
1996,03 Q3,105,10.4368
1996,03 Q3,108,10.4368
1996,03 Q3,111,10.4972
1996,03 Q3,114,10.5777
1996,03 Q3,117,10.7085
1996,03 Q3,120,10.9098
1996,04 Q4 mayor,0,0.0
1996,04 Q4 mayor,3,0.0
1996,04 Q4 mayor,6,0.0
1996,04 Q4 mayor,9,0.0
1996,04 Q4 mayor,12,0.0
1996,04 Q4 mayor,15,0.0302
1996,04 Q4 mayor,18,0.0906
1996,04 Q4 mayor,21,0.1409
1996,04 Q4 mayor,24,0.312
1996,04 Q4 mayor,27,0.4328
1996,04 Q4 mayor,30,0.6844
1996,04 Q4 mayor,33,0.9762
1996,04 Q4 mayor,36,1.3184
1996,04 Q4 mayor,39,1.7311
1996,04 Q4 mayor,42,2.1437
1996,04 Q4 mayor,45,2.7073
1996,04 Q4 mayor,48,3.0395
1996,04 Q4 mayor,51,3.3112
1996,04 Q4 mayor,54,3.6433
1996,04 Q4 mayor,57,4.0157
1996,04 Q4 mayor,60,4.4183
1996,04 Q4 mayor,63,4.7303
1996,04 Q4 mayor,66,5.1429
1996,04 Q4 mayor,69,5.5556
1996,04 Q4 mayor,72,5.8172
1996,04 Q4 mayor,75,6.2802
1996,04 Q4 mayor,78,6.5821
1996,04 Q4 mayor,81,6.9948
1996,04 Q4 mayor,84,7.3269
1996,04 Q4 mayor,87,7.5483
1996,04 Q4 mayor,90,7.7999
1996,04 Q4 mayor,93,7.9308
1996,04 Q4 mayor,96,8.0213
1996,04 Q4 mayor,99,8.122
1996,04 Q4 mayor,102,8.1622
1996,04 Q4 mayor,105,8.2126
1996,04 Q4 mayor,108,8.2226
1996,04 Q4 mayor,111,8.2629
1996,04 Q4 mayor,114,8.3031
1996,04 Q4 mayor,117,8.444
1996,04 Q4 mayor,120,8.6353
1997,01 Q1 menor,0,0.0
1997,01 Q1 menor,3,0.0
1997,01 Q1 menor,6,0.0
1997,01 Q1 menor,9,0.0206
1997,01 Q1 menor,12,0.0824
1997,01 Q1 menor,15,0.4121
1997,01 Q1 menor,18,0.68
1997,01 Q1 menor,21,1.1848
1997,01 Q1 menor,24,1.7412
1997,01 Q1 menor,27,2.4006
1997,01 Q1 menor,30,3.2454
1997,01 Q1 menor,33,3.8327
1997,01 Q1 menor,36,4.6466
1997,01 Q1 menor,39,5.3781
1997,01 Q1 menor,42,6.0169
1997,01 Q1 menor,45,6.6557
1997,01 Q1 menor,48,7.2429
1997,01 Q1 menor,51,7.9641
1997,01 Q1 menor,54,8.5617
1997,01 Q1 menor,57,9.046
1997,01 Q1 menor,60,9.5714
1997,01 Q1 menor,63,10.1278
1997,01 Q1 menor,66,10.5914
1997,01 Q1 menor,69,10.8799
1997,01 Q1 menor,72,11.1683
1997,01 Q1 menor,75,11.4053
1997,01 Q1 menor,78,11.5908
1997,01 Q1 menor,81,11.735
1997,01 Q1 menor,84,11.9205
1997,01 Q1 menor,87,11.9617
1997,01 Q1 menor,90,12.0029
1997,01 Q1 menor,93,12.0338
1997,01 Q1 menor,96,12.0338
1997,01 Q1 menor,99,12.0853
1997,01 Q1 menor,102,12.1265
1997,01 Q1 menor,105,12.2605
1997,01 Q1 menor,108,12.4665
1997,01 Q1 menor,111,12.6314
1997,01 Q1 menor,114,12.7241
1997,01 Q1 menor,117,12.7962
1997,01 Q1 menor,120,12.8271
1997,02 Q2,0,0.0
1997,02 Q2,3,0.0
1997,02 Q2,6,0.0
1997,02 Q2,9,0.0103
1997,02 Q2,12,0.0927
1997,02 Q2,15,0.1545
1997,02 Q2,18,0.3297
1997,02 Q2,21,0.8242
1997,02 Q2,24,1.3291
1997,02 Q2,27,1.9369
1997,02 Q2,30,2.5448
1997,02 Q2,33,3.2763
1997,02 Q2,36,4.0181
1997,02 Q2,39,4.729
1997,02 Q2,42,5.5224
1997,02 Q2,45,6.1817
1997,02 Q2,48,6.7175
1997,02 Q2,51,7.3666
1997,02 Q2,54,7.9848
1997,02 Q2,57,8.3866
1997,02 Q2,60,9.0047
1997,02 Q2,63,9.4684
1997,02 Q2,66,9.9217
1997,02 Q2,69,10.2617
1997,02 Q2,72,10.6532
1997,02 Q2,75,10.9829
1997,02 Q2,78,11.3229
1997,02 Q2,81,11.498
1997,02 Q2,84,11.6423
1997,02 Q2,87,11.7041
1997,02 Q2,90,11.7762
1997,02 Q2,93,11.7865
1997,02 Q2,96,11.8174
1997,02 Q2,99,11.8792
1997,02 Q2,102,11.8896
1997,02 Q2,105,12.1162
1997,02 Q2,108,12.415
1997,02 Q2,111,12.7241
1997,02 Q2,114,12.9611
1997,02 Q2,117,13.0435
1997,02 Q2,120,13.095
1997,03 Q3,0,0.0
1997,03 Q3,3,0.0
1997,03 Q3,6,0.0
1997,03 Q3,9,0.0103
1997,03 Q3,12,0.0206
1997,03 Q3,15,0.0618
1997,03 Q3,18,0.2164
1997,03 Q3,21,0.4327
1997,03 Q3,24,0.7624
1997,03 Q3,27,1.0921
1997,03 Q3,30,1.6073
1997,03 Q3,33,2.1018
1997,03 Q3,36,2.5551
1997,03 Q3,39,3.0291
1997,03 Q3,42,3.4721
1997,03 Q3,45,4.0078
1997,03 Q3,48,4.4612
1997,03 Q3,51,4.9969
1997,03 Q3,54,5.5018
1997,03 Q3,57,5.986
1997,03 Q3,60,6.563
1997,03 Q3,63,7.006
1997,03 Q3,66,7.4284
1997,03 Q3,69,7.8096
1997,03 Q3,72,8.1393
1997,03 Q3,75,8.4896
1997,03 Q3,78,8.7884
1997,03 Q3,81,8.9635
1997,03 Q3,84,9.0666
1997,03 Q3,87,9.1902
1997,03 Q3,90,9.3138
1997,03 Q3,93,9.3756
1997,03 Q3,96,9.3962
1997,03 Q3,99,9.4375
1997,03 Q3,102,9.5199
1997,03 Q3,105,9.7878
1997,03 Q3,108,10.1278
1997,03 Q3,111,10.5193
1997,03 Q3,114,10.7047
1997,03 Q3,117,10.8696
1997,03 Q3,120,10.952
1997,04 Q4 mayor,0,0.0
1997,04 Q4 mayor,3,0.0
1997,04 Q4 mayor,6,0.0
1997,04 Q4 mayor,9,0.0
1997,04 Q4 mayor,12,0.0103
1997,04 Q4 mayor,15,0.0412
1997,04 Q4 mayor,18,0.0721
1997,04 Q4 mayor,21,0.134
1997,04 Q4 mayor,24,0.237
1997,04 Q4 mayor,27,0.4225
1997,04 Q4 mayor,30,0.5873
1997,04 Q4 mayor,33,0.8037
1997,04 Q4 mayor,36,1.1231
1997,04 Q4 mayor,39,1.4116
1997,04 Q4 mayor,42,1.7002
1997,04 Q4 mayor,45,1.999
1997,04 Q4 mayor,48,2.4008
1997,04 Q4 mayor,51,2.7615
1997,04 Q4 mayor,54,3.1633
1997,04 Q4 mayor,57,3.5652
1997,04 Q4 mayor,60,3.9979
1997,04 Q4 mayor,63,4.4513
1997,04 Q4 mayor,66,4.8841
1997,04 Q4 mayor,69,5.2344
1997,04 Q4 mayor,72,5.7187
1997,04 Q4 mayor,75,6.0587
1997,04 Q4 mayor,78,6.2648
1997,04 Q4 mayor,81,6.4812
1997,04 Q4 mayor,84,6.6048
1997,04 Q4 mayor,87,6.7182
1997,04 Q4 mayor,90,6.7594
1997,04 Q4 mayor,93,6.8315
1997,04 Q4 mayor,96,6.8727
1997,04 Q4 mayor,99,6.9346
1997,04 Q4 mayor,102,7.0685
1997,04 Q4 mayor,105,7.2231
1997,04 Q4 mayor,108,7.4807
1997,04 Q4 mayor,111,7.9341
1997,04 Q4 mayor,114,8.2432
1997,04 Q4 mayor,117,8.5214
1997,04 Q4 mayor,120,8.6038
1998,01 Q1 menor,0,0.0
1998,01 Q1 menor,3,0.0
1998,01 Q1 menor,6,0.0
1998,01 Q1 menor,9,0.0444
1998,01 Q1 menor,12,0.1333
1998,01 Q1 menor,15,0.2998
1998,01 Q1 menor,18,0.633
1998,01 Q1 menor,21,1.1549
1998,01 Q1 menor,24,2.0211
1998,01 Q1 menor,27,2.854
1998,01 Q1 menor,30,3.5758
1998,01 Q1 menor,33,4.442
1998,01 Q1 menor,36,5.2082
1998,01 Q1 menor,39,5.8634
1998,01 Q1 menor,42,6.452
1998,01 Q1 menor,45,7.2626
1998,01 Q1 menor,48,7.8845
1998,01 Q1 menor,51,8.6619
1998,01 Q1 menor,54,9.2948
1998,01 Q1 menor,57,9.8057
1998,01 Q1 menor,60,10.3276
1998,01 Q1 menor,63,10.794
1998,01 Q1 menor,66,11.1605
1998,01 Q1 menor,69,11.427
1998,01 Q1 menor,72,11.5491
1998,01 Q1 menor,75,11.6713
1998,01 Q1 menor,78,11.7601
1998,01 Q1 menor,81,11.7712
1998,01 Q1 menor,84,11.8268
1998,01 Q1 menor,87,11.8823
1998,01 Q1 menor,90,11.9933
1998,01 Q1 menor,93,12.1932
1998,01 Q1 menor,96,12.5597
1998,01 Q1 menor,99,12.8373
1998,01 Q1 menor,102,13.0927
1998,01 Q1 menor,105,13.226
1998,01 Q1 menor,108,13.2704
1998,01 Q1 menor,111,13.3037
1998,01 Q1 menor,114,13.337
1998,01 Q1 menor,117,13.3815
1998,01 Q1 menor,120,13.4037
1998,02 Q2,0,0.0
1998,02 Q2,3,0.0
1998,02 Q2,6,0.0111
1998,02 Q2,9,0.0222
1998,02 Q2,12,0.1222
1998,02 Q2,15,0.2887
1998,02 Q2,18,0.4331
1998,02 Q2,21,0.7551
1998,02 Q2,24,1.2104
1998,02 Q2,27,1.799
1998,02 Q2,30,2.5208
1998,02 Q2,33,3.1538
1998,02 Q2,36,3.8756
1998,02 Q2,39,4.4531
1998,02 Q2,42,5.1305
1998,02 Q2,45,5.8412
1998,02 Q2,48,6.6408
1998,02 Q2,51,7.3182
1998,02 Q2,54,7.9622
1998,02 Q2,57,8.5508
1998,02 Q2,60,9.0394
1998,02 Q2,63,9.4725
1998,02 Q2,66,9.7723
1998,02 Q2,69,10.0944
1998,02 Q2,72,10.3165
1998,02 Q2,75,10.4609
1998,02 Q2,78,10.5164
1998,02 Q2,81,10.5719
1998,02 Q2,84,10.6274
1998,02 Q2,87,10.6941
1998,02 Q2,90,10.8384
1998,02 Q2,93,11.216
1998,02 Q2,96,11.7379
1998,02 Q2,99,12.2599
1998,02 Q2,102,12.7818
1998,02 Q2,105,13.1483
1998,02 Q2,108,13.226
1998,02 Q2,111,13.2593
1998,02 Q2,114,13.3259
1998,02 Q2,117,13.3703
1998,02 Q2,120,13.5036
1998,03 Q3,0,0.0
1998,03 Q3,3,0.0
1998,03 Q3,6,0.0
1998,03 Q3,9,0.0111
1998,03 Q3,12,0.0333
1998,03 Q3,15,0.0888
1998,03 Q3,18,0.2665
1998,03 Q3,21,0.522
1998,03 Q3,24,0.733
1998,03 Q3,27,1.0884
1998,03 Q3,30,1.5327
1998,03 Q3,33,1.9214
1998,03 Q3,36,2.5211
1998,03 Q3,39,2.9876
1998,03 Q3,42,3.6428
1998,03 Q3,45,4.187
1998,03 Q3,48,4.6979
1998,03 Q3,51,5.331
1998,03 Q3,54,5.9196
1998,03 Q3,57,6.4194
1998,03 Q3,60,6.9636
1998,03 Q3,63,7.5633
1998,03 Q3,66,7.9076
1998,03 Q3,69,8.2075
1998,03 Q3,72,8.3296
1998,03 Q3,75,8.4518
1998,03 Q3,78,8.5295
1998,03 Q3,81,8.5851
1998,03 Q3,84,8.6406
1998,03 Q3,87,8.685
1998,03 Q3,90,8.7628
1998,03 Q3,93,9.0515
1998,03 Q3,96,9.5291
1998,03 Q3,99,10.0289
1998,03 Q3,102,10.4287
1998,03 Q3,105,10.6064
1998,03 Q3,108,10.8285
1998,03 Q3,111,10.9174
1998,03 Q3,114,11.0062
1998,03 Q3,117,11.0729
1998,03 Q3,120,11.2394
1998,04 Q4 mayor,0,0.0111
1998,04 Q4 mayor,3,0.0111
1998,04 Q4 mayor,6,0.0111
1998,04 Q4 mayor,9,0.0111
1998,04 Q4 mayor,12,0.0444
1998,04 Q4 mayor,15,0.0666
1998,04 Q4 mayor,18,0.1222
1998,04 Q4 mayor,21,0.2221
1998,04 Q4 mayor,24,0.311
1998,04 Q4 mayor,27,0.4887
1998,04 Q4 mayor,30,0.6442
1998,04 Q4 mayor,33,0.8774
1998,04 Q4 mayor,36,1.0662
1998,04 Q4 mayor,39,1.2994
1998,04 Q4 mayor,42,1.7659
1998,04 Q4 mayor,45,2.0991
1998,04 Q4 mayor,48,2.61
1998,04 Q4 mayor,51,3.1319
1998,04 Q4 mayor,54,3.6873
1998,04 Q4 mayor,57,4.1759
1998,04 Q4 mayor,60,4.809
1998,04 Q4 mayor,63,5.3199
1998,04 Q4 mayor,66,5.8196
1998,04 Q4 mayor,69,6.0529
1998,04 Q4 mayor,72,6.3194
1998,04 Q4 mayor,75,6.5082
1998,04 Q4 mayor,78,6.6415
1998,04 Q4 mayor,81,6.7414
1998,04 Q4 mayor,84,6.8747
1998,04 Q4 mayor,87,6.9636
1998,04 Q4 mayor,90,7.0968
1998,04 Q4 mayor,93,7.3745
1998,04 Q4 mayor,96,7.741
1998,04 Q4 mayor,99,8.2186
1998,04 Q4 mayor,102,8.685
1998,04 Q4 mayor,105,8.9849
1998,04 Q4 mayor,108,9.1959
1998,04 Q4 mayor,111,9.3514
1998,04 Q4 mayor,114,9.4736
1998,04 Q4 mayor,117,9.6513
1998,04 Q4 mayor,120,9.9622
1999,01 Q1 menor,0,0.0
1999,01 Q1 menor,3,0.0
1999,01 Q1 menor,6,0.0
1999,01 Q1 menor,9,0.0
1999,01 Q1 menor,12,0.1078
1999,01 Q1 menor,15,0.2911
1999,01 Q1 menor,18,0.7117
1999,01 Q1 menor,21,1.1106
1999,01 Q1 menor,24,1.7684
1999,01 Q1 menor,27,2.4046
1999,01 Q1 menor,30,3.0947
1999,01 Q1 menor,33,3.9034
1999,01 Q1 menor,36,4.7337
1999,01 Q1 menor,39,5.5639
1999,01 Q1 menor,42,6.3727
1999,01 Q1 menor,45,7.0843
1999,01 Q1 menor,48,7.9793
1999,01 Q1 menor,51,8.5724
1999,01 Q1 menor,54,9.1115
1999,01 Q1 menor,57,9.4565
1999,01 Q1 menor,60,9.7692
1999,01 Q1 menor,63,9.9526
1999,01 Q1 menor,66,10.0712
1999,01 Q1 menor,69,10.2006
1999,01 Q1 menor,72,10.33
1999,01 Q1 menor,75,10.427
1999,01 Q1 menor,78,10.5456
1999,01 Q1 menor,81,10.9338
1999,01 Q1 menor,84,11.4514
1999,01 Q1 menor,87,11.9689
1999,01 Q1 menor,90,12.4003
1999,01 Q1 menor,93,12.7022
1999,01 Q1 menor,96,12.7777
1999,01 Q1 menor,99,12.8531
1999,01 Q1 menor,102,12.8855
1999,01 Q1 menor,105,12.961
1999,01 Q1 menor,108,13.0688
1999,01 Q1 menor,111,13.209
1999,01 Q1 menor,114,13.3384
1999,01 Q1 menor,117,13.4031
1999,01 Q1 menor,120,13.4138
1999,02 Q2,0,0.0
1999,02 Q2,3,0.0
1999,02 Q2,6,0.0
1999,02 Q2,9,0.0108
1999,02 Q2,12,0.0431
1999,02 Q2,15,0.151
1999,02 Q2,18,0.4529
1999,02 Q2,21,0.7332
1999,02 Q2,24,1.24
1999,02 Q2,27,1.7253
1999,02 Q2,30,2.2428
1999,02 Q2,33,2.9221
1999,02 Q2,36,3.8063
1999,02 Q2,39,4.7229
1999,02 Q2,42,5.6394
1999,02 Q2,45,6.4374
1999,02 Q2,48,7.1382
1999,02 Q2,51,7.7852
1999,02 Q2,54,8.3243
1999,02 Q2,57,8.788
1999,02 Q2,60,9.0576
1999,02 Q2,63,9.2409
1999,02 Q2,66,9.4026
1999,02 Q2,69,9.4889
1999,02 Q2,72,9.5752
1999,02 Q2,75,9.6399
1999,02 Q2,78,9.9526
1999,02 Q2,81,10.4917
1999,02 Q2,84,11.2141
1999,02 Q2,87,11.8503
1999,02 Q2,90,12.411
1999,02 Q2,93,12.7453
1999,02 Q2,96,12.8316
1999,02 Q2,99,12.9071
1999,02 Q2,102,12.9825
1999,02 Q2,105,13.0904
1999,02 Q2,108,13.1982
1999,02 Q2,111,13.2952
1999,02 Q2,114,13.457
1999,02 Q2,117,13.5432
1999,02 Q2,120,13.6511
1999,03 Q3,0,0.0
1999,03 Q3,3,0.0
1999,03 Q3,6,0.0
1999,03 Q3,9,0.0
1999,03 Q3,12,0.0216
1999,03 Q3,15,0.0539
1999,03 Q3,18,0.1833
1999,03 Q3,21,0.3558
1999,03 Q3,24,0.6578
1999,03 Q3,27,0.9705
1999,03 Q3,30,1.4018
1999,03 Q3,33,1.8439
1999,03 Q3,36,2.5016
1999,03 Q3,39,3.0947
1999,03 Q3,42,3.7093
1999,03 Q3,45,4.4749
1999,03 Q3,48,5.0248
1999,03 Q3,51,5.7473
1999,03 Q3,54,6.1893
1999,03 Q3,57,6.5344
1999,03 Q3,60,6.7932
1999,03 Q3,63,6.901
1999,03 Q3,66,6.9981
1999,03 Q3,69,7.1059
1999,03 Q3,72,7.1706
1999,03 Q3,75,7.2568
1999,03 Q3,78,7.4186
1999,03 Q3,81,7.9793
1999,03 Q3,84,8.7233
1999,03 Q3,87,9.4458
1999,03 Q3,90,9.9526
1999,03 Q3,93,10.3515
1999,03 Q3,96,10.5025
1999,03 Q3,99,10.6534
1999,03 Q3,102,10.7613
1999,03 Q3,105,10.9985
1999,03 Q3,108,11.1495
1999,03 Q3,111,11.4298
1999,03 Q3,114,11.6347
1999,03 Q3,117,11.7749
1999,03 Q3,120,11.8503
1999,04 Q4 mayor,0,0.0
1999,04 Q4 mayor,3,0.0
1999,04 Q4 mayor,6,0.0
1999,04 Q4 mayor,9,0.0
1999,04 Q4 mayor,12,0.0
1999,04 Q4 mayor,15,0.0108
1999,04 Q4 mayor,18,0.0323
1999,04 Q4 mayor,21,0.097
1999,04 Q4 mayor,24,0.2372
1999,04 Q4 mayor,27,0.3666
1999,04 Q4 mayor,30,0.5931
1999,04 Q4 mayor,33,0.895
1999,04 Q4 mayor,36,1.2508
1999,04 Q4 mayor,39,1.7253
1999,04 Q4 mayor,42,2.3507
1999,04 Q4 mayor,45,2.9976
1999,04 Q4 mayor,48,3.5799
1999,04 Q4 mayor,51,4.1514
1999,04 Q4 mayor,54,4.6797
1999,04 Q4 mayor,57,5.0032
1999,04 Q4 mayor,60,5.2189
1999,04 Q4 mayor,63,5.3483
1999,04 Q4 mayor,66,5.5208
1999,04 Q4 mayor,69,5.5855
1999,04 Q4 mayor,72,5.6826
1999,04 Q4 mayor,75,5.8119
1999,04 Q4 mayor,78,6.0276
1999,04 Q4 mayor,81,6.254
1999,04 Q4 mayor,84,6.7824
1999,04 Q4 mayor,87,7.4509
1999,04 Q4 mayor,90,8.141
1999,04 Q4 mayor,93,8.7772
1999,04 Q4 mayor,96,9.0576
1999,04 Q4 mayor,99,9.2193
1999,04 Q4 mayor,102,9.4134
1999,04 Q4 mayor,105,9.6938
1999,04 Q4 mayor,108,10.0496
1999,04 Q4 mayor,111,10.5887
1999,04 Q4 mayor,114,10.923
1999,04 Q4 mayor,117,11.2141
1999,04 Q4 mayor,120,11.4082
2000,01 Q1 menor,0,0.0
2000,01 Q1 menor,3,0.0
2000,01 Q1 menor,6,0.0
2000,01 Q1 menor,9,0.0106
2000,01 Q1 menor,12,0.0745
2000,01 Q1 menor,15,0.3191
2000,01 Q1 menor,18,0.6489
2000,01 Q1 menor,21,1.117
2000,01 Q1 menor,24,1.6277
2000,01 Q1 menor,27,2.2979
2000,01 Q1 menor,30,3.1489
2000,01 Q1 menor,33,3.8617
2000,01 Q1 menor,36,4.8936
2000,01 Q1 menor,39,5.7021
2000,01 Q1 menor,42,6.2979
2000,01 Q1 menor,45,6.8298
2000,01 Q1 menor,48,7.5213
2000,01 Q1 menor,51,7.9468
2000,01 Q1 menor,54,8.234
2000,01 Q1 menor,57,8.4574
2000,01 Q1 menor,60,8.7234
2000,01 Q1 menor,63,8.8936
2000,01 Q1 menor,66,9.1702
2000,01 Q1 menor,69,9.6064
2000,01 Q1 menor,72,10.4681
2000,01 Q1 menor,75,11.2021
2000,01 Q1 menor,78,11.8298
2000,01 Q1 menor,81,12.1809
2000,01 Q1 menor,84,12.3298
2000,01 Q1 menor,87,12.4149
2000,01 Q1 menor,90,12.5
2000,01 Q1 menor,93,12.6064
2000,01 Q1 menor,96,12.734
2000,01 Q1 menor,99,12.9043
2000,01 Q1 menor,102,13.1277
2000,01 Q1 menor,105,13.234
2000,01 Q1 menor,108,13.2553
2000,01 Q1 menor,111,13.266
2000,01 Q1 menor,114,13.2979
2000,01 Q1 menor,117,13.3723
2000,01 Q1 menor,120,13.4362
2000,02 Q2,0,0.0
2000,02 Q2,3,0.0
2000,02 Q2,6,0.0
2000,02 Q2,9,0.0
2000,02 Q2,12,0.0213
2000,02 Q2,15,0.117
2000,02 Q2,18,0.3298
2000,02 Q2,21,0.617
2000,02 Q2,24,1.1702
2000,02 Q2,27,1.8191
2000,02 Q2,30,2.5
2000,02 Q2,33,3.1915
2000,02 Q2,36,3.883
2000,02 Q2,39,4.5851
2000,02 Q2,42,5.2872
2000,02 Q2,45,5.8617
2000,02 Q2,48,6.383
2000,02 Q2,51,6.7447
2000,02 Q2,54,6.9043
2000,02 Q2,57,7.1064
2000,02 Q2,60,7.266
2000,02 Q2,63,7.4787
2000,02 Q2,66,7.7447
2000,02 Q2,69,8.3617
2000,02 Q2,72,9.5106
2000,02 Q2,75,10.6489
2000,02 Q2,78,11.5957
2000,02 Q2,81,12.2872
2000,02 Q2,84,12.5638
2000,02 Q2,87,12.766
2000,02 Q2,90,12.9043
2000,02 Q2,93,13.0319
2000,02 Q2,96,13.2766
2000,02 Q2,99,13.5532
2000,02 Q2,102,13.8511
2000,02 Q2,105,13.9468
2000,02 Q2,108,14.0638
2000,02 Q2,111,14.1383
2000,02 Q2,114,14.2234
2000,02 Q2,117,14.2553
2000,02 Q2,120,14.3404
2000,03 Q3,0,0.0
2000,03 Q3,3,0.0
2000,03 Q3,6,0.0
2000,03 Q3,9,0.0
2000,03 Q3,12,0.0
2000,03 Q3,15,0.0319
2000,03 Q3,18,0.1809
2000,03 Q3,21,0.4255
2000,03 Q3,24,0.7553
2000,03 Q3,27,1.1809
2000,03 Q3,30,1.6809
2000,03 Q3,33,2.2979
2000,03 Q3,36,2.8404
2000,03 Q3,39,3.5426
2000,03 Q3,42,4.0
2000,03 Q3,45,4.4894
2000,03 Q3,48,4.7872
2000,03 Q3,51,4.9574
2000,03 Q3,54,5.1489
2000,03 Q3,57,5.2447
2000,03 Q3,60,5.3191
2000,03 Q3,63,5.4043
2000,03 Q3,66,5.6064
2000,03 Q3,69,6.2021
2000,03 Q3,72,7.2234
2000,03 Q3,75,8.2553
2000,03 Q3,78,9.117
2000,03 Q3,81,9.6702
2000,03 Q3,84,9.9894
2000,03 Q3,87,10.1809
2000,03 Q3,90,10.3723
2000,03 Q3,93,10.617
2000,03 Q3,96,10.9043
2000,03 Q3,99,11.3085
2000,03 Q3,102,11.6489
2000,03 Q3,105,11.8936
2000,03 Q3,108,12.0
2000,03 Q3,111,12.0638
2000,03 Q3,114,12.1702
2000,03 Q3,117,12.3723
2000,03 Q3,120,12.4894
2000,04 Q4 mayor,0,0.0
2000,04 Q4 mayor,3,0.0
2000,04 Q4 mayor,6,0.0
2000,04 Q4 mayor,9,0.0
2000,04 Q4 mayor,12,0.0
2000,04 Q4 mayor,15,0.0532
2000,04 Q4 mayor,18,0.1064
2000,04 Q4 mayor,21,0.2021
2000,04 Q4 mayor,24,0.3511
2000,04 Q4 mayor,27,0.6596
2000,04 Q4 mayor,30,1.0426
2000,04 Q4 mayor,33,1.3404
2000,04 Q4 mayor,36,1.8298
2000,04 Q4 mayor,39,2.3936
2000,04 Q4 mayor,42,2.8936
2000,04 Q4 mayor,45,3.2766
2000,04 Q4 mayor,48,3.5319
2000,04 Q4 mayor,51,3.7553
2000,04 Q4 mayor,54,3.8191
2000,04 Q4 mayor,57,3.9362
2000,04 Q4 mayor,60,4.0213
2000,04 Q4 mayor,63,4.1596
2000,04 Q4 mayor,66,4.4362
2000,04 Q4 mayor,69,4.8191
2000,04 Q4 mayor,72,5.5957
2000,04 Q4 mayor,75,6.2553
2000,04 Q4 mayor,78,6.9894
2000,04 Q4 mayor,81,7.5745
2000,04 Q4 mayor,84,8.0638
2000,04 Q4 mayor,87,8.2979
2000,04 Q4 mayor,90,8.4468
2000,04 Q4 mayor,93,8.734
2000,04 Q4 mayor,96,9.2766
2000,04 Q4 mayor,99,9.7021
2000,04 Q4 mayor,102,10.2021
2000,04 Q4 mayor,105,10.5532
2000,04 Q4 mayor,108,10.8191
2000,04 Q4 mayor,111,11.0319
2000,04 Q4 mayor,114,11.266
2000,04 Q4 mayor,117,11.5106
2000,04 Q4 mayor,120,11.734
2001,01 Q1 menor,0,0.0
2001,01 Q1 menor,3,0.0
2001,01 Q1 menor,6,0.0
2001,01 Q1 menor,9,0.0
2001,01 Q1 menor,12,0.075
2001,01 Q1 menor,15,0.2143
2001,01 Q1 menor,18,0.5251
2001,01 Q1 menor,21,1.061
2001,01 Q1 menor,24,1.704
2001,01 Q1 menor,27,2.3684
2001,01 Q1 menor,30,2.9793
2001,01 Q1 menor,33,3.6116
2001,01 Q1 menor,36,4.2868
2001,01 Q1 menor,39,4.8655
2001,01 Q1 menor,42,5.1334
2001,01 Q1 menor,45,5.5085
2001,01 Q1 menor,48,5.8943
2001,01 Q1 menor,51,6.3659
2001,01 Q1 menor,54,6.9017
2001,01 Q1 menor,57,7.609
2001,01 Q1 menor,60,8.6486
2001,01 Q1 menor,63,9.3452
2001,01 Q1 menor,66,10.1275
2001,01 Q1 menor,69,10.6419
2001,01 Q1 menor,72,10.8884
2001,01 Q1 menor,75,11.0813
2001,01 Q1 menor,78,11.2635
2001,01 Q1 menor,81,11.585
2001,01 Q1 menor,84,11.7779
2001,01 Q1 menor,87,12.153
2001,01 Q1 menor,90,12.3352
2001,01 Q1 menor,93,12.496
2001,01 Q1 menor,96,12.6246
2001,01 Q1 menor,99,12.646
2001,01 Q1 menor,102,12.721
2001,01 Q1 menor,105,12.7853
2001,01 Q1 menor,108,12.8925
2001,01 Q1 menor,111,13.0104
2001,01 Q1 menor,114,13.0533
2001,01 Q1 menor,117,13.139
2001,01 Q1 menor,120,13.1819
2001,02 Q2,0,0.0
2001,02 Q2,3,0.0
2001,02 Q2,6,0.0
2001,02 Q2,9,0.0
2001,02 Q2,12,0.0429
2001,02 Q2,15,0.0965
2001,02 Q2,18,0.3429
2001,02 Q2,21,0.7395
2001,02 Q2,24,1.2217
2001,02 Q2,27,1.779
2001,02 Q2,30,2.4756
2001,02 Q2,33,3.0222
2001,02 Q2,36,3.5366
2001,02 Q2,39,3.8903
2001,02 Q2,42,4.2011
2001,02 Q2,45,4.4583
2001,02 Q2,48,4.7476
2001,02 Q2,51,4.9834
2001,02 Q2,54,5.2513
2001,02 Q2,57,6.0872
2001,02 Q2,60,7.2554
2001,02 Q2,63,8.7236
2001,02 Q2,66,9.8703
2001,02 Q2,69,10.5669
2001,02 Q2,72,10.942
2001,02 Q2,75,11.1992
2001,02 Q2,78,11.3707
2001,02 Q2,81,11.6279
2001,02 Q2,84,11.9494
2001,02 Q2,87,12.2816
2001,02 Q2,90,12.6139
2001,02 Q2,93,12.8711
2001,02 Q2,96,13.064
2001,02 Q2,99,13.1604
2001,02 Q2,102,13.289
2001,02 Q2,105,13.4176
2001,02 Q2,108,13.5248
2001,02 Q2,111,13.6963
2001,02 Q2,114,13.8142
2001,02 Q2,117,13.8999
2001,02 Q2,120,13.9964
2001,03 Q3,0,0.0
2001,03 Q3,3,0.0
2001,03 Q3,6,0.0
2001,03 Q3,9,0.0
2001,03 Q3,12,0.0214
2001,03 Q3,15,0.075
2001,03 Q3,18,0.2358
2001,03 Q3,21,0.4715
2001,03 Q3,24,0.8038
2001,03 Q3,27,1.211
2001,03 Q3,30,1.7361
2001,03 Q3,33,2.1005
2001,03 Q3,36,2.422
2001,03 Q3,39,2.69
2001,03 Q3,42,2.84
2001,03 Q3,45,2.9364
2001,03 Q3,48,3.0543
2001,03 Q3,51,3.1937
2001,03 Q3,54,3.4401
2001,03 Q3,57,4.0081
2001,03 Q3,60,5.0263
2001,03 Q3,63,6.3552
2001,03 Q3,66,7.5983
2001,03 Q3,69,8.4878
2001,03 Q3,72,8.9165
2001,03 Q3,75,9.2809
2001,03 Q3,78,9.6131
2001,03 Q3,81,9.9025
2001,03 Q3,84,10.3097
2001,03 Q3,87,10.7062
2001,03 Q3,90,11.1028
2001,03 Q3,93,11.4457
2001,03 Q3,96,11.6386
2001,03 Q3,99,11.8422
2001,03 Q3,102,11.9923
2001,03 Q3,105,12.2173
2001,03 Q3,108,12.4102
2001,03 Q3,111,12.5817
2001,03 Q3,114,12.721
2001,03 Q3,117,12.8925
2001,03 Q3,120,12.989
2001,04 Q4 mayor,0,0.0
2001,04 Q4 mayor,3,0.0
2001,04 Q4 mayor,6,0.0
2001,04 Q4 mayor,9,0.0
2001,04 Q4 mayor,12,0.0107
2001,04 Q4 mayor,15,0.0322
2001,04 Q4 mayor,18,0.0965
2001,04 Q4 mayor,21,0.2251
2001,04 Q4 mayor,24,0.5038
2001,04 Q4 mayor,27,0.7717
2001,04 Q4 mayor,30,0.9968
2001,04 Q4 mayor,33,1.254
2001,04 Q4 mayor,36,1.522
2001,04 Q4 mayor,39,1.6399
2001,04 Q4 mayor,42,1.7256
2001,04 Q4 mayor,45,1.7792
2001,04 Q4 mayor,48,1.8328
2001,04 Q4 mayor,51,1.9507
2001,04 Q4 mayor,54,2.0472
2001,04 Q4 mayor,57,2.4437
2001,04 Q4 mayor,60,3.119
2001,04 Q4 mayor,63,3.955
2001,04 Q4 mayor,66,4.9518
2001,04 Q4 mayor,69,5.627
2001,04 Q4 mayor,72,5.9914
2001,04 Q4 mayor,75,6.313
2001,04 Q4 mayor,78,6.5488
2001,04 Q4 mayor,81,6.9025
2001,04 Q4 mayor,84,7.4384
2001,04 Q4 mayor,87,7.9528
2001,04 Q4 mayor,90,8.5531
2001,04 Q4 mayor,93,9.0247
2001,04 Q4 mayor,96,9.2605
2001,04 Q4 mayor,99,9.4641
2001,04 Q4 mayor,102,9.7106
2001,04 Q4 mayor,105,9.9786
2001,04 Q4 mayor,108,10.1179
2001,04 Q4 mayor,111,10.343
2001,04 Q4 mayor,114,10.5359
2001,04 Q4 mayor,117,10.6752
2001,04 Q4 mayor,120,10.8789
2002,01 Q1 menor,0,0.0
2002,01 Q1 menor,3,0.0
2002,01 Q1 menor,6,0.0089
2002,01 Q1 menor,9,0.0266
2002,01 Q1 menor,12,0.1328
2002,01 Q1 menor,15,0.3541
2002,01 Q1 menor,18,0.6551
2002,01 Q1 menor,21,1.0181
2002,01 Q1 menor,24,1.4518
2002,01 Q1 menor,27,1.8148
2002,01 Q1 menor,30,2.2132
2002,01 Q1 menor,33,2.4876
2002,01 Q1 menor,36,2.8683
2002,01 Q1 menor,39,3.3463
2002,01 Q1 menor,42,3.8332
2002,01 Q1 menor,45,4.6654
2002,01 Q1 menor,48,5.7277
2002,01 Q1 menor,51,6.6484
2002,01 Q1 menor,54,7.4894
2002,01 Q1 menor,57,8.0117
2002,01 Q1 menor,60,8.3658
2002,01 Q1 menor,63,8.6933
2002,01 Q1 menor,66,9.0209
2002,01 Q1 menor,69,9.4724
2002,01 Q1 menor,72,9.9239
2002,01 Q1 menor,75,10.2514
2002,01 Q1 menor,78,10.5524
2002,01 Q1 menor,81,10.8445
2002,01 Q1 menor,84,10.9508
2002,01 Q1 menor,87,11.2341
2002,01 Q1 menor,90,11.4288
2002,01 Q1 menor,93,11.7033
2002,01 Q1 menor,96,12.0662
2002,01 Q1 menor,99,12.3849
2002,01 Q1 menor,102,12.5266
2002,01 Q1 menor,105,12.6416
2002,01 Q1 menor,108,12.7036
2002,01 Q1 menor,111,12.7479
2002,01 Q1 menor,114,12.7921
2002,01 Q1 menor,117,12.8275
2002,01 Q1 menor,120,12.8895
2002,02 Q2,0,0.0
2002,02 Q2,3,0.0
2002,02 Q2,6,0.0089
2002,02 Q2,9,0.0177
2002,02 Q2,12,0.0974
2002,02 Q2,15,0.1771
2002,02 Q2,18,0.4515
2002,02 Q2,21,0.7171
2002,02 Q2,24,1.0181
2002,02 Q2,27,1.2482
2002,02 Q2,30,1.4518
2002,02 Q2,33,1.6997
2002,02 Q2,36,2.0627
2002,02 Q2,39,2.3991
2002,02 Q2,42,2.8948
2002,02 Q2,45,3.603
2002,02 Q2,48,4.6477
2002,02 Q2,51,5.8428
2002,02 Q2,54,6.9494
2002,02 Q2,57,7.7373
2002,02 Q2,60,8.3658
2002,02 Q2,63,8.7553
2002,02 Q2,66,9.1271
2002,02 Q2,69,9.437
2002,02 Q2,72,9.8088
2002,02 Q2,75,10.2072
2002,02 Q2,78,10.5081
2002,02 Q2,81,10.8888
2002,02 Q2,84,11.2429
2002,02 Q2,87,11.4819
2002,02 Q2,90,11.8272
2002,02 Q2,93,12.0397
2002,02 Q2,96,12.2875
2002,02 Q2,99,12.5885
2002,02 Q2,102,12.7656
2002,02 Q2,105,13.0046
2002,02 Q2,108,13.1551
2002,02 Q2,111,13.3144
2002,02 Q2,114,13.4118
2002,02 Q2,117,13.5004
2002,02 Q2,120,13.5889
2002,03 Q3,0,0.0
2002,03 Q3,3,0.0
2002,03 Q3,6,0.0
2002,03 Q3,9,0.0089
2002,03 Q3,12,0.0354
2002,03 Q3,15,0.1239
2002,03 Q3,18,0.2921
2002,03 Q3,21,0.3895
2002,03 Q3,24,0.5666
2002,03 Q3,27,0.664
2002,03 Q3,30,0.7436
2002,03 Q3,33,0.7967
2002,03 Q3,36,0.9207
2002,03 Q3,39,1.0535
2002,03 Q3,42,1.3279
2002,03 Q3,45,1.8502
2002,03 Q3,48,2.7975
2002,03 Q3,51,3.9394
2002,03 Q3,54,5.0106
2002,03 Q3,57,5.8959
2002,03 Q3,60,6.4271
2002,03 Q3,63,6.7812
2002,03 Q3,66,7.0467
2002,03 Q3,69,7.3389
2002,03 Q3,72,7.7904
2002,03 Q3,75,8.3835
2002,03 Q3,78,8.8261
2002,03 Q3,81,9.4016
2002,03 Q3,84,9.6937
2002,03 Q3,87,9.9681
2002,03 Q3,90,10.2426
2002,03 Q3,93,10.5347
2002,03 Q3,96,10.8003
2002,03 Q3,99,11.0127
2002,03 Q3,102,11.2518
2002,03 Q3,105,11.4288
2002,03 Q3,108,11.5793
2002,03 Q3,111,11.6678
2002,03 Q3,114,11.8006
2002,03 Q3,117,11.9334
2002,03 Q3,120,12.0397
2002,04 Q4 mayor,0,0.0
2002,04 Q4 mayor,3,0.0
2002,04 Q4 mayor,6,0.0
2002,04 Q4 mayor,9,0.0
2002,04 Q4 mayor,12,0.0
2002,04 Q4 mayor,15,0.0089
2002,04 Q4 mayor,18,0.0266
2002,04 Q4 mayor,21,0.0708
2002,04 Q4 mayor,24,0.1062
2002,04 Q4 mayor,27,0.1328
2002,04 Q4 mayor,30,0.1505
2002,04 Q4 mayor,33,0.1859
2002,04 Q4 mayor,36,0.2125
2002,04 Q4 mayor,39,0.2656
2002,04 Q4 mayor,42,0.3453
2002,04 Q4 mayor,45,0.4958
2002,04 Q4 mayor,48,0.8056
2002,04 Q4 mayor,51,1.2748
2002,04 Q4 mayor,54,1.9122
2002,04 Q4 mayor,57,2.4699
2002,04 Q4 mayor,60,2.7797
2002,04 Q4 mayor,63,2.9745
2002,04 Q4 mayor,66,3.1161
2002,04 Q4 mayor,69,3.364
2002,04 Q4 mayor,72,3.7447
2002,04 Q4 mayor,75,4.1076
2002,04 Q4 mayor,78,4.6034
2002,04 Q4 mayor,81,5.0549
2002,04 Q4 mayor,84,5.3028
2002,04 Q4 mayor,87,5.5241
2002,04 Q4 mayor,90,5.7542
2002,04 Q4 mayor,93,5.9844
2002,04 Q4 mayor,96,6.1349
2002,04 Q4 mayor,99,6.3562
2002,04 Q4 mayor,102,6.5687
2002,04 Q4 mayor,105,6.728
2002,04 Q4 mayor,108,6.8697
2002,04 Q4 mayor,111,7.0822
2002,04 Q4 mayor,114,7.2061
2002,04 Q4 mayor,117,7.3654
2002,04 Q4 mayor,120,7.4363
2003,01 Q1 menor,0,0.0
2003,01 Q1 menor,3,0.0
2003,01 Q1 menor,6,0.0338
2003,01 Q1 menor,9,0.1827
2003,01 Q1 menor,12,0.6834
2003,01 Q1 menor,15,1.1773
2003,01 Q1 menor,18,1.6171
2003,01 Q1 menor,21,2.0974
2003,01 Q1 menor,24,2.7605
2003,01 Q1 menor,27,3.5386
2003,01 Q1 menor,30,4.3911
2003,01 Q1 menor,33,5.433
2003,01 Q1 menor,36,6.4141
2003,01 Q1 menor,39,7.4019
2003,01 Q1 menor,42,8.1123
2003,01 Q1 menor,45,8.843
2003,01 Q1 menor,48,9.4249
2003,01 Q1 menor,51,9.9662
2003,01 Q1 menor,54,10.548
2003,01 Q1 menor,57,11.4614
2003,01 Q1 menor,60,12.1786
2003,01 Q1 menor,63,12.747
2003,01 Q1 menor,66,13.2679
2003,01 Q1 menor,69,13.7483
2003,01 Q1 menor,72,14.1813
2003,01 Q1 menor,75,14.6211
2003,01 Q1 menor,78,15.0812
2003,01 Q1 menor,81,15.5074
2003,01 Q1 menor,84,16.0758
2003,01 Q1 menor,87,16.5697
2003,01 Q1 menor,90,17.0433
2003,01 Q1 menor,93,17.4763
2003,01 Q1 menor,96,17.6455
2003,01 Q1 menor,99,17.7334
2003,01 Q1 menor,102,17.7808
2003,01 Q1 menor,105,17.8349
2003,01 Q1 menor,108,17.862
2003,01 Q1 menor,111,17.889
2003,01 Q1 menor,114,17.8958
2003,01 Q1 menor,117,17.9161
2003,01 Q1 menor,120,17.9499
2003,02 Q2,0,0.0
2003,02 Q2,3,0.0
2003,02 Q2,6,0.0
2003,02 Q2,9,0.0135
2003,02 Q2,12,0.088
2003,02 Q2,15,0.2097
2003,02 Q2,18,0.3451
2003,02 Q2,21,0.5413
2003,02 Q2,24,0.9066
2003,02 Q2,27,1.3329
2003,02 Q2,30,1.9553
2003,02 Q2,33,2.7199
2003,02 Q2,36,3.5995
2003,02 Q2,39,4.5873
2003,02 Q2,42,5.5074
2003,02 Q2,45,6.3396
2003,02 Q2,48,6.8674
2003,02 Q2,51,7.4425
2003,02 Q2,54,8.0176
2003,02 Q2,57,8.6806
2003,02 Q2,60,9.4181
2003,02 Q2,63,10.2503
2003,02 Q2,66,10.9472
2003,02 Q2,69,11.5088
2003,02 Q2,72,11.9147
2003,02 Q2,75,12.3681
2003,02 Q2,78,12.8484
2003,02 Q2,81,13.3897
2003,02 Q2,84,14.2287
2003,02 Q2,87,14.8579
2003,02 Q2,90,15.4601
2003,02 Q2,93,15.9405
2003,02 Q2,96,16.2246
2003,02 Q2,99,16.4344
2003,02 Q2,102,16.5156
2003,02 Q2,105,16.5968
2003,02 Q2,108,16.6915
2003,02 Q2,111,16.7321
2003,02 Q2,114,16.82
2003,02 Q2,117,16.8877
2003,02 Q2,120,16.8945
2003,03 Q3,0,0.0
2003,03 Q3,3,0.0
2003,03 Q3,6,0.0
2003,03 Q3,9,0.0068
2003,03 Q3,12,0.0135
2003,03 Q3,15,0.0338
2003,03 Q3,18,0.0474
2003,03 Q3,21,0.088
2003,03 Q3,24,0.1488
2003,03 Q3,27,0.2977
2003,03 Q3,30,0.4939
2003,03 Q3,33,0.7848
2003,03 Q3,36,1.3396
2003,03 Q3,39,2.3072
2003,03 Q3,42,3.1191
2003,03 Q3,45,3.8769
2003,03 Q3,48,4.4384
2003,03 Q3,51,4.8444
2003,03 Q3,54,5.1827
2003,03 Q3,57,5.6563
2003,03 Q3,60,6.2043
2003,03 Q3,63,6.9756
2003,03 Q3,66,7.5507
2003,03 Q3,69,7.9635
2003,03 Q3,72,8.3221
2003,03 Q3,75,8.6333
2003,03 Q3,78,8.9919
2003,03 Q3,81,9.3369
2003,03 Q3,84,9.7497
2003,03 Q3,87,10.1218
2003,03 Q3,90,10.5548
2003,03 Q3,93,10.9134
2003,03 Q3,96,11.2043
2003,03 Q3,99,11.4208
2003,03 Q3,102,11.6103
2003,03 Q3,105,11.793
2003,03 Q3,108,11.8877
2003,03 Q3,111,11.9689
2003,03 Q3,114,12.0839
2003,03 Q3,117,12.1245
2003,03 Q3,120,12.2124
2003,04 Q4 mayor,0,0.0
2003,04 Q4 mayor,3,0.0
2003,04 Q4 mayor,6,0.0
2003,04 Q4 mayor,9,0.0
2003,04 Q4 mayor,12,0.0135
2003,04 Q4 mayor,15,0.0271
2003,04 Q4 mayor,18,0.0609
2003,04 Q4 mayor,21,0.0744
2003,04 Q4 mayor,24,0.0947
2003,04 Q4 mayor,27,0.1353
2003,04 Q4 mayor,30,0.1962
2003,04 Q4 mayor,33,0.291
2003,04 Q4 mayor,36,0.5751
2003,04 Q4 mayor,39,0.9135
2003,04 Q4 mayor,42,1.2856
2003,04 Q4 mayor,45,1.7119
2003,04 Q4 mayor,48,1.9893
2003,04 Q4 mayor,51,2.3141
2003,04 Q4 mayor,54,2.5306
2003,04 Q4 mayor,57,2.7133
2003,04 Q4 mayor,60,3.0584
2003,04 Q4 mayor,63,3.505
2003,04 Q4 mayor,66,3.9313
2003,04 Q4 mayor,69,4.3169
2003,04 Q4 mayor,72,4.6147
2003,04 Q4 mayor,75,4.8988
2003,04 Q4 mayor,78,5.1695
2003,04 Q4 mayor,81,5.4537
2003,04 Q4 mayor,84,5.7176
2003,04 Q4 mayor,87,6.0153
2003,04 Q4 mayor,90,6.2792
2003,04 Q4 mayor,93,6.4957
2003,04 Q4 mayor,96,6.719
2003,04 Q4 mayor,99,7.0099
2003,04 Q4 mayor,102,7.1994
2003,04 Q4 mayor,105,7.355
2003,04 Q4 mayor,108,7.4971
2003,04 Q4 mayor,111,7.5377
2003,04 Q4 mayor,114,7.646
2003,04 Q4 mayor,117,7.7542
2003,04 Q4 mayor,120,7.8151
2004,01 Q1 menor,0,0.0
2004,01 Q1 menor,3,0.0
2004,01 Q1 menor,6,0.0168
2004,01 Q1 menor,9,0.1515
2004,01 Q1 menor,12,0.4994
2004,01 Q1 menor,15,1.0213
2004,01 Q1 menor,18,1.9023
2004,01 Q1 menor,21,2.8281
2004,01 Q1 menor,24,3.8494
2004,01 Q1 menor,27,4.8202
2004,01 Q1 menor,30,5.6226
2004,01 Q1 menor,33,6.3408
2004,01 Q1 menor,36,6.9469
2004,01 Q1 menor,39,7.7773
2004,01 Q1 menor,42,8.692
2004,01 Q1 menor,45,9.7974
2004,01 Q1 menor,48,10.9646
2004,01 Q1 menor,51,12.0364
2004,01 Q1 menor,54,12.8332
2004,01 Q1 menor,57,13.5514
2004,01 Q1 menor,60,14.1855
2004,01 Q1 menor,63,14.8645
2004,01 Q1 menor,66,15.6501
2004,01 Q1 menor,69,16.6994
2004,01 Q1 menor,72,17.586
2004,01 Q1 menor,75,18.366
2004,01 Q1 menor,78,19.0449
2004,01 Q1 menor,81,19.6061
2004,01 Q1 menor,84,20.0999
2004,01 Q1 menor,87,20.5488
2004,01 Q1 menor,90,20.8406
2004,01 Q1 menor,93,20.9865
2004,01 Q1 menor,96,21.1043
2004,01 Q1 menor,99,21.2109
2004,01 Q1 menor,102,21.2614
2004,01 Q1 menor,105,21.3849
2004,01 Q1 menor,108,21.4522
2004,01 Q1 menor,111,21.4915
2004,01 Q1 menor,114,21.5139
2004,01 Q1 menor,117,21.5757
2004,01 Q1 menor,120,21.6542
2004,02 Q2,0,0.0
2004,02 Q2,3,0.0
2004,02 Q2,6,0.0
2004,02 Q2,9,0.0056
2004,02 Q2,12,0.0449
2004,02 Q2,15,0.2806
2004,02 Q2,18,0.6172
2004,02 Q2,21,1.1896
2004,02 Q2,24,1.9752
2004,02 Q2,27,2.7327
2004,02 Q2,30,3.6698
2004,02 Q2,33,4.6238
2004,02 Q2,36,5.2859
2004,02 Q2,39,5.9424
2004,02 Q2,42,6.6775
2004,02 Q2,45,7.4968
2004,02 Q2,48,8.5573
2004,02 Q2,51,9.674
2004,02 Q2,54,10.7457
2004,02 Q2,57,11.4808
2004,02 Q2,60,12.1823
2004,02 Q2,63,12.8781
2004,02 Q2,66,13.8769
2004,02 Q2,69,14.9935
2004,02 Q2,72,16.2954
2004,02 Q2,75,17.5916
2004,02 Q2,78,18.6409
2004,02 Q2,81,19.4995
2004,02 Q2,84,19.9877
2004,02 Q2,87,20.3412
2004,02 Q2,90,20.6442
2004,02 Q2,93,20.9304
2004,02 Q2,96,21.0538
2004,02 Q2,99,21.1268
2004,02 Q2,102,21.2614
2004,02 Q2,105,21.4129
2004,02 Q2,108,21.4747
2004,02 Q2,111,21.5532
2004,02 Q2,114,21.5925
2004,02 Q2,117,21.7047
2004,02 Q2,120,21.8113
2004,03 Q3,0,0.0
2004,03 Q3,3,0.0
2004,03 Q3,6,0.0
2004,03 Q3,9,0.0
2004,03 Q3,12,0.0056
2004,03 Q3,15,0.0561
2004,03 Q3,18,0.1291
2004,03 Q3,21,0.2862
2004,03 Q3,24,0.6341
2004,03 Q3,27,1.0662
2004,03 Q3,30,1.5375
2004,03 Q3,33,2.1043
2004,03 Q3,36,2.6766
2004,03 Q3,39,3.2546
2004,03 Q3,42,3.7821
2004,03 Q3,45,4.332
2004,03 Q3,48,4.9436
2004,03 Q3,51,5.6057
2004,03 Q3,54,6.2062
2004,03 Q3,57,6.7954
2004,03 Q3,60,7.3677
2004,03 Q3,63,7.783
2004,03 Q3,66,8.2431
2004,03 Q3,69,8.894
2004,03 Q3,72,9.6123
2004,03 Q3,75,10.2632
2004,03 Q3,78,10.8804
2004,03 Q3,81,11.4247
2004,03 Q3,84,11.8905
2004,03 Q3,87,12.2776
2004,03 Q3,90,12.6648
2004,03 Q3,93,12.8837
2004,03 Q3,96,13.0576
2004,03 Q3,99,13.1755
2004,03 Q3,102,13.2709
2004,03 Q3,105,13.3831
2004,03 Q3,108,13.4785
2004,03 Q3,111,13.557
2004,03 Q3,114,13.6693
2004,03 Q3,117,13.7534
2004,03 Q3,120,13.9218
2004,04 Q4 mayor,0,0.0
2004,04 Q4 mayor,3,0.0
2004,04 Q4 mayor,6,0.0
2004,04 Q4 mayor,9,0.0
2004,04 Q4 mayor,12,0.0
2004,04 Q4 mayor,15,0.0
2004,04 Q4 mayor,18,0.0112
2004,04 Q4 mayor,21,0.0449
2004,04 Q4 mayor,24,0.1684
2004,04 Q4 mayor,27,0.2918
2004,04 Q4 mayor,30,0.4321
2004,04 Q4 mayor,33,0.6061
2004,04 Q4 mayor,36,0.8249
2004,04 Q4 mayor,39,1.0325
2004,04 Q4 mayor,42,1.2065
2004,04 Q4 mayor,45,1.4815
2004,04 Q4 mayor,48,1.8799
2004,04 Q4 mayor,51,2.4018
2004,04 Q4 mayor,54,2.9181
2004,04 Q4 mayor,57,3.3502
2004,04 Q4 mayor,60,3.6644
2004,04 Q4 mayor,63,4.0348
2004,04 Q4 mayor,66,4.3996
2004,04 Q4 mayor,69,4.7755
2004,04 Q4 mayor,72,5.1459
2004,04 Q4 mayor,75,5.5331
2004,04 Q4 mayor,78,5.9259
2004,04 Q4 mayor,81,6.2963
2004,04 Q4 mayor,84,6.6105
2004,04 Q4 mayor,87,7.009
2004,04 Q4 mayor,90,7.3345
2004,04 Q4 mayor,93,7.5645
2004,04 Q4 mayor,96,7.7609
2004,04 Q4 mayor,99,7.9349
2004,04 Q4 mayor,102,8.0808
2004,04 Q4 mayor,105,8.2435
2004,04 Q4 mayor,108,8.367
2004,04 Q4 mayor,111,8.4456
2004,04 Q4 mayor,114,8.5802
2004,04 Q4 mayor,117,8.7598
2004,04 Q4 mayor,120,8.9282
2005,01 Q1 menor,0,0.0
2005,01 Q1 menor,3,0.0
2005,01 Q1 menor,6,0.0
2005,01 Q1 menor,9,0.0805
2005,01 Q1 menor,12,0.4643
2005,01 Q1 menor,15,1.1749
2005,01 Q1 menor,18,1.9802
2005,01 Q1 menor,21,2.8282
2005,01 Q1 menor,24,3.3872
2005,01 Q1 menor,27,4.2162
2005,01 Q1 menor,30,5.2774
2005,01 Q1 menor,33,6.6133
2005,01 Q1 menor,36,8.044
2005,01 Q1 menor,39,9.4083
2005,01 Q1 menor,42,10.6969
2005,01 Q1 menor,45,11.5875
2005,01 Q1 menor,48,12.5444
2005,01 Q1 menor,51,13.5961
2005,01 Q1 menor,54,14.6099
2005,01 Q1 menor,57,15.87
2005,01 Q1 menor,60,17.2391
2005,01 Q1 menor,63,18.5987
2005,01 Q1 menor,66,19.7783
2005,01 Q1 menor,69,20.6879
2005,01 Q1 menor,72,21.4979
2005,01 Q1 menor,75,22.2891
2005,01 Q1 menor,78,22.8339
2005,01 Q1 menor,81,23.2365
2005,01 Q1 menor,84,23.5966
2005,01 Q1 menor,87,23.8571
2005,01 Q1 menor,90,24.0987
2005,01 Q1 menor,93,24.3356
2005,01 Q1 menor,96,24.5346
2005,01 Q1 menor,99,24.6956
2005,01 Q1 menor,102,24.8093
2005,01 Q1 menor,105,24.9278
2005,01 Q1 menor,108,25.0083
2005,01 Q1 menor,111,25.1172
2005,01 Q1 menor,114,25.1551
2005,01 Q1 menor,117,25.1694
2005,01 Q1 menor,120,25.193
2005,02 Q2,0,0.0
2005,02 Q2,3,0.0
2005,02 Q2,6,0.0047
2005,02 Q2,9,0.0474
2005,02 Q2,12,0.2227
2005,02 Q2,15,0.5922
2005,02 Q2,18,1.2317
2005,02 Q2,21,1.8807
2005,02 Q2,24,2.7097
2005,02 Q2,27,3.5719
2005,02 Q2,30,4.5099
2005,02 Q2,33,5.5142
2005,02 Q2,36,6.8123
2005,02 Q2,39,8.134
2005,02 Q2,42,9.2141
2005,02 Q2,45,10.4363
2005,02 Q2,48,11.5591
2005,02 Q2,51,12.5065
2005,02 Q2,54,13.5392
2005,02 Q2,57,15.022
2005,02 Q2,60,17.0117
2005,02 Q2,63,19.2619
2005,02 Q2,66,21.1047
2005,02 Q2,69,22.6491
2005,02 Q2,72,23.4023
2005,02 Q2,75,24.1082
2005,02 Q2,78,24.7146
2005,02 Q2,81,25.122
2005,02 Q2,84,25.5436
2005,02 Q2,87,25.8563
2005,02 Q2,90,26.221
2005,02 Q2,93,26.51
2005,02 Q2,96,26.7706
2005,02 Q2,99,27.0832
2005,02 Q2,102,27.2775
2005,02 Q2,105,27.4291
2005,02 Q2,108,27.5759
2005,02 Q2,111,27.6754
2005,02 Q2,114,27.7796
2005,02 Q2,117,27.8365
2005,02 Q2,120,27.8981
2005,03 Q3,0,0.0
2005,03 Q3,3,0.0
2005,03 Q3,6,0.0
2005,03 Q3,9,0.0095
2005,03 Q3,12,0.0995
2005,03 Q3,15,0.3032
2005,03 Q3,18,0.5685
2005,03 Q3,21,0.9238
2005,03 Q3,24,1.3264
2005,03 Q3,27,1.8144
2005,03 Q3,30,2.4776
2005,03 Q3,33,3.3493
2005,03 Q3,36,4.401
2005,03 Q3,39,5.3437
2005,03 Q3,42,6.4049
2005,03 Q3,45,7.485
2005,03 Q3,48,8.5414
2005,03 Q3,51,9.4036
2005,03 Q3,54,10.7158
2005,03 Q3,57,11.9665
2005,03 Q3,60,13.7051
2005,03 Q3,63,15.3821
2005,03 Q3,66,16.7606
2005,03 Q3,69,18.0444
2005,03 Q3,72,18.864
2005,03 Q3,75,19.4941
2005,03 Q3,78,20.1146
2005,03 Q3,81,20.5505
2005,03 Q3,84,20.9579
2005,03 Q3,87,21.2516
2005,03 Q3,90,21.55
2005,03 Q3,93,21.8485
2005,03 Q3,96,22.0996
2005,03 Q3,99,22.2464
2005,03 Q3,102,22.4265
2005,03 Q3,105,22.5496
2005,03 Q3,108,22.6823
2005,03 Q3,111,22.8244
2005,03 Q3,114,23.0281
2005,03 Q3,117,23.2271
2005,03 Q3,120,23.3976
2005,04 Q4 mayor,0,0.0
2005,04 Q4 mayor,3,0.0
2005,04 Q4 mayor,6,0.0
2005,04 Q4 mayor,9,0.0047
2005,04 Q4 mayor,12,0.0142
2005,04 Q4 mayor,15,0.0237
2005,04 Q4 mayor,18,0.0663
2005,04 Q4 mayor,21,0.1232
2005,04 Q4 mayor,24,0.2274
2005,04 Q4 mayor,27,0.4027
2005,04 Q4 mayor,30,0.5685
2005,04 Q4 mayor,33,0.848
2005,04 Q4 mayor,36,1.2933
2005,04 Q4 mayor,39,1.8476
2005,04 Q4 mayor,42,2.4302
2005,04 Q4 mayor,45,2.9987
2005,04 Q4 mayor,48,3.463
2005,04 Q4 mayor,51,3.913
2005,04 Q4 mayor,54,4.491
2005,04 Q4 mayor,57,5.0547
2005,04 Q4 mayor,60,5.7227
2005,04 Q4 mayor,63,6.3385
2005,04 Q4 mayor,66,6.8833
2005,04 Q4 mayor,69,7.4471
2005,04 Q4 mayor,72,7.8924
2005,04 Q4 mayor,75,8.3945
2005,04 Q4 mayor,78,8.7782
2005,04 Q4 mayor,81,9.2188
2005,04 Q4 mayor,84,9.6404
2005,04 Q4 mayor,87,9.9673
2005,04 Q4 mayor,90,10.1852
2005,04 Q4 mayor,93,10.3842
2005,04 Q4 mayor,96,10.5784
2005,04 Q4 mayor,99,10.7916
2005,04 Q4 mayor,102,10.9385
2005,04 Q4 mayor,105,11.1516
2005,04 Q4 mayor,108,11.4643
2005,04 Q4 mayor,111,11.8101
2005,04 Q4 mayor,114,12.3549
2005,04 Q4 mayor,117,12.8997
2005,04 Q4 mayor,120,13.6198
2006,01 Q1 menor,0,0.0
2006,01 Q1 menor,3,0.0
2006,01 Q1 menor,6,0.0139
2006,01 Q1 menor,9,0.0785
2006,01 Q1 menor,12,0.3234
2006,01 Q1 menor,15,0.8502
2006,01 Q1 menor,18,1.8482
2006,01 Q1 menor,21,3.3452
2006,01 Q1 menor,24,5.2581
2006,01 Q1 menor,27,7.0739
2006,01 Q1 menor,30,8.8158
2006,01 Q1 menor,33,10.2851
2006,01 Q1 menor,36,11.6111
2006,01 Q1 menor,39,13.0158
2006,01 Q1 menor,42,14.4943
2006,01 Q1 menor,45,16.2454
2006,01 Q1 menor,48,18.491
2006,01 Q1 menor,51,20.4084
2006,01 Q1 menor,54,22.2982
2006,01 Q1 menor,57,23.9431
2006,01 Q1 menor,60,25.3107
2006,01 Q1 menor,63,26.2071
2006,01 Q1 menor,66,26.9371
2006,01 Q1 menor,69,27.584
2006,01 Q1 menor,72,28.083
2006,01 Q1 menor,75,28.4942
2006,01 Q1 menor,78,28.8407
2006,01 Q1 menor,81,29.1549
2006,01 Q1 menor,84,29.543
2006,01 Q1 menor,87,29.9681
2006,01 Q1 menor,90,30.2823
2006,01 Q1 menor,93,30.4671
2006,01 Q1 menor,96,30.578
2006,01 Q1 menor,99,30.6473
2006,01 Q1 menor,102,30.7305
2006,01 Q1 menor,105,30.7906
2006,01 Q1 menor,108,30.8414
2006,01 Q1 menor,111,30.8691
2006,01 Q1 menor,114,30.9061
2006,01 Q1 menor,117,30.9245
2006,01 Q1 menor,120,30.9477
2006,02 Q2,0,0.0
2006,02 Q2,3,0.0
2006,02 Q2,6,0.0046
2006,02 Q2,9,0.0462
2006,02 Q2,12,0.2495
2006,02 Q2,15,0.6053
2006,02 Q2,18,1.4462
2006,02 Q2,21,2.9617
2006,02 Q2,24,4.5465
2006,02 Q2,27,6.2514
2006,02 Q2,30,7.8963
2006,02 Q2,33,9.4626
2006,02 Q2,36,10.7748
2006,02 Q2,39,11.9346
2006,02 Q2,42,13.5194
2006,02 Q2,45,15.8111
2006,02 Q2,48,19.0038
2006,02 Q2,51,22.4645
2006,02 Q2,54,25.0427
2006,02 Q2,57,27.0572
2006,02 Q2,60,28.4619
2006,02 Q2,63,29.543
2006,02 Q2,66,30.4163
2006,02 Q2,69,31.0447
2006,02 Q2,72,31.65
2006,02 Q2,75,32.1674
2006,02 Q2,78,32.6064
2006,02 Q2,81,33.013
2006,02 Q2,84,33.5074
2006,02 Q2,87,33.8724
2006,02 Q2,90,34.1681
2006,02 Q2,93,34.5054
2006,02 Q2,96,34.7318
2006,02 Q2,99,34.8658
2006,02 Q2,102,34.972
2006,02 Q2,105,35.0506
2006,02 Q2,108,35.0968
2006,02 Q2,111,35.1569
2006,02 Q2,114,35.2354
2006,02 Q2,117,35.2631
2006,02 Q2,120,35.2862
2006,03 Q3,0,0.0
2006,03 Q3,3,0.0
2006,03 Q3,6,0.0185
2006,03 Q3,9,0.1109
2006,03 Q3,12,0.2403
2006,03 Q3,15,0.5221
2006,03 Q3,18,1.0674
2006,03 Q3,21,2.1717
2006,03 Q3,24,3.2853
2006,03 Q3,27,4.7362
2006,03 Q3,30,6.2286
2006,03 Q3,33,7.7303
2006,03 Q3,36,9.0565
2006,03 Q3,39,10.3687
2006,03 Q3,42,11.9259
2006,03 Q3,45,14.0745
2006,03 Q3,48,16.9809
2006,03 Q3,51,19.7024
2006,03 Q3,54,22.2345
2006,03 Q3,57,24.2954
2006,03 Q3,60,25.871
2006,03 Q3,63,26.9384
2006,03 Q3,66,27.8625
2006,03 Q3,69,28.5833
2006,03 Q3,72,29.1424
2006,03 Q3,75,29.6368
2006,03 Q3,78,30.1358
2006,03 Q3,81,30.4593
2006,03 Q3,84,30.8844
2006,03 Q3,87,31.3095
2006,03 Q3,90,31.6607
2006,03 Q3,93,31.9564
2006,03 Q3,96,32.1782
2006,03 Q3,99,32.3353
2006,03 Q3,102,32.5155
2006,03 Q3,105,32.7604
2006,03 Q3,108,32.9498
2006,03 Q3,111,33.1485
2006,03 Q3,114,33.301
2006,03 Q3,117,33.4535
2006,03 Q3,120,33.5828
2006,04 Q4 mayor,0,0.0
2006,04 Q4 mayor,3,0.0
2006,04 Q4 mayor,6,0.0
2006,04 Q4 mayor,9,0.0
2006,04 Q4 mayor,12,0.0046
2006,04 Q4 mayor,15,0.0185
2006,04 Q4 mayor,18,0.0786
2006,04 Q4 mayor,21,0.231
2006,04 Q4 mayor,24,0.5268
2006,04 Q4 mayor,27,0.901
2006,04 Q4 mayor,30,1.4647
2006,04 Q4 mayor,33,2.1024
2006,04 Q4 mayor,36,2.8971
2006,04 Q4 mayor,39,3.5902
2006,04 Q4 mayor,42,4.422
2006,04 Q4 mayor,45,5.4293
2006,04 Q4 mayor,48,6.3996
2006,04 Q4 mayor,51,7.4577
2006,04 Q4 mayor,54,8.4743
2006,04 Q4 mayor,57,9.4908
2006,04 Q4 mayor,60,10.3364
2006,04 Q4 mayor,63,11.0895
2006,04 Q4 mayor,66,11.7411
2006,04 Q4 mayor,69,12.4711
2006,04 Q4 mayor,72,13.0533
2006,04 Q4 mayor,75,13.4738
2006,04 Q4 mayor,78,13.922
2006,04 Q4 mayor,81,14.2316
2006,04 Q4 mayor,84,14.5643
2006,04 Q4 mayor,87,14.8923
2006,04 Q4 mayor,90,15.2574
2006,04 Q4 mayor,93,15.6363
2006,04 Q4 mayor,96,16.1399
2006,04 Q4 mayor,99,16.5142
2006,04 Q4 mayor,102,17.0733
2006,04 Q4 mayor,105,17.9096
2006,04 Q4 mayor,108,18.8707
2006,04 Q4 mayor,111,20.0998
2006,04 Q4 mayor,114,21.2919
2006,04 Q4 mayor,117,22.558
2006,04 Q4 mayor,120,23.5884
2007,01 Q1 menor,0,0.0
2007,01 Q1 menor,3,0.0
2007,01 Q1 menor,6,0.0045
2007,01 Q1 menor,9,0.1133
2007,01 Q1 menor,12,0.7522
2007,01 Q1 menor,15,2.1388
2007,01 Q1 menor,18,3.675
2007,01 Q1 menor,21,5.4876
2007,01 Q1 menor,24,7.5539
2007,01 Q1 menor,27,9.5251
2007,01 Q1 menor,30,11.7047
2007,01 Q1 menor,33,14.0656
2007,01 Q1 menor,36,16.4945
2007,01 Q1 menor,39,19.1136
2007,01 Q1 menor,42,21.4972
2007,01 Q1 menor,45,23.9396
2007,01 Q1 menor,48,26.0377
2007,01 Q1 menor,51,27.8729
2007,01 Q1 menor,54,29.1055
2007,01 Q1 menor,57,30.2157
2007,01 Q1 menor,60,31.0042
2007,01 Q1 menor,63,31.6703
2007,01 Q1 menor,66,32.3183
2007,01 Q1 menor,69,32.7397
2007,01 Q1 menor,72,33.2019
2007,01 Q1 menor,75,33.8273
2007,01 Q1 menor,78,34.294
2007,01 Q1 menor,81,34.6973
2007,01 Q1 menor,84,34.9873
2007,01 Q1 menor,87,35.1958
2007,01 Q1 menor,90,35.4405
2007,01 Q1 menor,93,35.6036
2007,01 Q1 menor,96,35.6716
2007,01 Q1 menor,99,35.7667
2007,01 Q1 menor,102,35.8166
2007,01 Q1 menor,105,35.8981
2007,01 Q1 menor,108,35.9616
2007,01 Q1 menor,111,36.0295
2007,01 Q1 menor,114,36.0885
2007,01 Q1 menor,117,36.1383
2007,01 Q1 menor,120,36.1836
2007,02 Q2,0,0.0
2007,02 Q2,3,0.0
2007,02 Q2,6,0.0045
2007,02 Q2,9,0.0952
2007,02 Q2,12,0.7703
2007,02 Q2,15,1.9349
2007,02 Q2,18,3.6025
2007,02 Q2,21,5.397
2007,02 Q2,24,7.273
2007,02 Q2,27,8.9949
2007,02 Q2,30,11.1791
2007,02 Q2,33,13.4856
2007,02 Q2,36,16.6349
2007,02 Q2,39,20.1604
2007,02 Q2,42,23.346
2007,02 Q2,45,26.5498
2007,02 Q2,48,28.8699
2007,02 Q2,51,30.6417
2007,02 Q2,54,31.6975
2007,02 Q2,57,32.6899
2007,02 Q2,60,33.5327
2007,02 Q2,63,34.1852
2007,02 Q2,66,34.8468
2007,02 Q2,69,35.3453
2007,02 Q2,72,35.7803
2007,02 Q2,75,36.4147
2007,02 Q2,78,36.818
2007,02 Q2,81,37.2168
2007,02 Q2,84,37.5521
2007,02 Q2,87,37.7606
2007,02 Q2,90,38.0415
2007,02 Q2,93,38.2953
2007,02 Q2,96,38.4176
2007,02 Q2,99,38.5037
2007,02 Q2,102,38.5626
2007,02 Q2,105,38.6079
2007,02 Q2,108,38.6804
2007,02 Q2,111,38.7348
2007,02 Q2,114,38.7756
2007,02 Q2,117,38.83
2007,02 Q2,120,38.8572
2007,03 Q3,0,0.0
2007,03 Q3,3,0.0
2007,03 Q3,6,0.0
2007,03 Q3,9,0.0634
2007,03 Q3,12,0.5257
2007,03 Q3,15,1.8081
2007,03 Q3,18,3.3217
2007,03 Q3,21,5.0709
2007,03 Q3,24,6.6706
2007,03 Q3,27,8.302
2007,03 Q3,30,10.2143
2007,03 Q3,33,12.9016
2007,03 Q3,36,16.4952
2007,03 Q3,39,20.252
2007,03 Q3,42,23.6688
2007,03 Q3,45,26.9044
2007,03 Q3,48,28.7443
2007,03 Q3,51,30.2714
2007,03 Q3,54,31.5766
2007,03 Q3,57,32.4965
2007,03 Q3,60,33.2261
2007,03 Q3,63,33.9829
2007,03 Q3,66,34.5946
2007,03 Q3,69,35.1248
2007,03 Q3,72,35.6007
2007,03 Q3,75,36.1762
2007,03 Q3,78,36.643
2007,03 Q3,81,37.0916
2007,03 Q3,84,37.4586
2007,03 Q3,87,37.7441
2007,03 Q3,90,38.0206
2007,03 Q3,93,38.3197
2007,03 Q3,96,38.5009
2007,03 Q3,99,38.7275
2007,03 Q3,102,38.9088
2007,03 Q3,105,39.0357
2007,03 Q3,108,39.2305
2007,03 Q3,111,39.3348
2007,03 Q3,114,39.3891
2007,03 Q3,117,39.4843
2007,03 Q3,120,39.5251
2007,04 Q4 mayor,0,0.0
2007,04 Q4 mayor,3,0.0
2007,04 Q4 mayor,6,0.0
2007,04 Q4 mayor,9,0.0
2007,04 Q4 mayor,12,0.0272
2007,04 Q4 mayor,15,0.0997
2007,04 Q4 mayor,18,0.2719
2007,04 Q4 mayor,21,0.5347
2007,04 Q4 mayor,24,1.0015
2007,04 Q4 mayor,27,1.6722
2007,04 Q4 mayor,30,2.5966
2007,04 Q4 mayor,33,3.5981
2007,04 Q4 mayor,36,4.8171
2007,04 Q4 mayor,39,5.9954
2007,04 Q4 mayor,42,7.2144
2007,04 Q4 mayor,45,8.3518
2007,04 Q4 mayor,48,9.4712
2007,04 Q4 mayor,51,10.5723
2007,04 Q4 mayor,54,11.4968
2007,04 Q4 mayor,57,12.3034
2007,04 Q4 mayor,60,12.9923
2007,04 Q4 mayor,63,13.5768
2007,04 Q4 mayor,66,14.1342
2007,04 Q4 mayor,69,14.5511
2007,04 Q4 mayor,72,14.8502
2007,04 Q4 mayor,75,15.2082
2007,04 Q4 mayor,78,15.6433
2007,04 Q4 mayor,81,16.1508
2007,04 Q4 mayor,84,16.7127
2007,04 Q4 mayor,87,17.3562
2007,04 Q4 mayor,90,18.1357
2007,04 Q4 mayor,93,19.2142
2007,04 Q4 mayor,96,20.5148
2007,04 Q4 mayor,99,22.042
2007,04 Q4 mayor,102,23.5873
2007,04 Q4 mayor,105,25.1326
2007,04 Q4 mayor,108,26.2972
2007,04 Q4 mayor,111,27.2262
2007,04 Q4 mayor,114,27.8742
2007,04 Q4 mayor,117,28.2367
2007,04 Q4 mayor,120,28.5947
2008,01 Q1 menor,0,0.0
2008,01 Q1 menor,3,0.0
2008,01 Q1 menor,6,0.0
2008,01 Q1 menor,9,0.0909
2008,01 Q1 menor,12,0.6944
2008,01 Q1 menor,15,2.0897
2008,01 Q1 menor,18,4.1015
2008,01 Q1 menor,21,6.2366
2008,01 Q1 menor,24,8.3003
2008,01 Q1 menor,27,10.4809
2008,01 Q1 menor,30,12.4538
2008,01 Q1 menor,33,14.6473
2008,01 Q1 menor,36,17.1069
2008,01 Q1 menor,39,19.9688
2008,01 Q1 menor,42,22.5193
2008,01 Q1 menor,45,24.3559
2008,01 Q1 menor,48,25.5305
2008,01 Q1 menor,51,26.3937
2008,01 Q1 menor,54,27.2373
2008,01 Q1 menor,57,27.8733
2008,01 Q1 menor,60,28.3795
2008,01 Q1 menor,63,28.7949
2008,01 Q1 menor,66,29.3789
2008,01 Q1 menor,69,29.9176
2008,01 Q1 menor,72,30.307
2008,01 Q1 menor,75,30.625
2008,01 Q1 menor,78,30.93
2008,01 Q1 menor,81,31.222
2008,01 Q1 menor,84,31.3972
2008,01 Q1 menor,87,31.6179
2008,01 Q1 menor,90,31.8515
2008,01 Q1 menor,93,31.9748
2008,01 Q1 menor,96,32.0851
2008,01 Q1 menor,99,32.176
2008,01 Q1 menor,102,32.2279
2008,01 Q1 menor,105,32.2733
2008,01 Q1 menor,108,32.3382
2008,01 Q1 menor,111,32.3707
2008,01 Q1 menor,114,32.4421
2008,01 Q1 menor,117,32.4551
2008,01 Q1 menor,120,32.5135
2008,02 Q2,0,0.0
2008,02 Q2,3,0.0
2008,02 Q2,6,0.0
2008,02 Q2,9,0.1363
2008,02 Q2,12,0.6879
2008,02 Q2,15,1.869
2008,02 Q2,18,3.5044
2008,02 Q2,21,5.3086
2008,02 Q2,24,7.5216
2008,02 Q2,27,10.5588
2008,02 Q2,30,13.862
2008,02 Q2,33,17.4638
2008,02 Q2,36,19.7871
2008,02 Q2,39,21.747
2008,02 Q2,42,23.6031
2008,02 Q2,45,25.1152
2008,02 Q2,48,26.3807
2008,02 Q2,51,27.2698
2008,02 Q2,54,28.1005
2008,02 Q2,57,28.8987
2008,02 Q2,60,29.4568
2008,02 Q2,63,30.0604
2008,02 Q2,66,30.7028
2008,02 Q2,69,31.3129
2008,02 Q2,72,31.8385
2008,02 Q2,75,32.2344
2008,02 Q2,78,32.6173
2008,02 Q2,81,32.9353
2008,02 Q2,84,33.1689
2008,02 Q2,87,33.3961
2008,02 Q2,90,33.6557
2008,02 Q2,93,33.9412
2008,02 Q2,96,34.0645
2008,02 Q2,99,34.1424
2008,02 Q2,102,34.2268
2008,02 Q2,105,34.2462
2008,02 Q2,108,34.2916
2008,02 Q2,111,34.3306
2008,02 Q2,114,34.3565
2008,02 Q2,117,34.415
2008,02 Q2,120,34.4604
2008,03 Q3,0,0.0
2008,03 Q3,3,0.0
2008,03 Q3,6,0.0
2008,03 Q3,9,0.0649
2008,03 Q3,12,0.2855
2008,03 Q3,15,0.6684
2008,03 Q3,18,1.3174
2008,03 Q3,21,2.187
2008,03 Q3,24,3.472
2008,03 Q3,27,5.4319
2008,03 Q3,30,7.7812
2008,03 Q3,33,10.0201
2008,03 Q3,36,11.662
2008,03 Q3,39,12.8886
2008,03 Q3,42,14.0567
2008,03 Q3,45,15.2314
2008,03 Q3,48,16.1464
2008,03 Q3,51,17.1783
2008,03 Q3,54,18.009
2008,03 Q3,57,18.5736
2008,03 Q3,60,19.1252
2008,03 Q3,63,19.7547
2008,03 Q3,66,20.2804
2008,03 Q3,69,20.806
2008,03 Q3,72,21.2149
2008,03 Q3,75,21.7405
2008,03 Q3,78,22.2208
2008,03 Q3,81,22.6815
2008,03 Q3,84,23.2397
2008,03 Q3,87,23.8302
2008,03 Q3,90,24.278
2008,03 Q3,93,24.8232
2008,03 Q3,96,25.1282
2008,03 Q3,99,25.5565
2008,03 Q3,102,25.8161
2008,03 Q3,105,26.0238
2008,03 Q3,108,26.1925
2008,03 Q3,111,26.3223
2008,03 Q3,114,26.4521
2008,03 Q3,117,26.6143
2008,03 Q3,120,26.7311
2008,04 Q4 mayor,0,0.0
2008,04 Q4 mayor,3,0.0
2008,04 Q4 mayor,6,0.0
2008,04 Q4 mayor,9,0.0
2008,04 Q4 mayor,12,0.0454
2008,04 Q4 mayor,15,0.1298
2008,04 Q4 mayor,18,0.318
2008,04 Q4 mayor,21,0.6165
2008,04 Q4 mayor,24,1.1162
2008,04 Q4 mayor,27,1.6094
2008,04 Q4 mayor,30,2.3363
2008,04 Q4 mayor,33,3.128
2008,04 Q4 mayor,36,3.9068
2008,04 Q4 mayor,39,4.6142
2008,04 Q4 mayor,42,5.3216
2008,04 Q4 mayor,45,6.016
2008,04 Q4 mayor,48,6.6974
2008,04 Q4 mayor,51,7.1776
2008,04 Q4 mayor,54,7.58
2008,04 Q4 mayor,57,8.0343
2008,04 Q4 mayor,60,8.4496
2008,04 Q4 mayor,63,8.8065
2008,04 Q4 mayor,66,9.3452
2008,04 Q4 mayor,69,9.7995
2008,04 Q4 mayor,72,10.3771
2008,04 Q4 mayor,75,11.1428
2008,04 Q4 mayor,78,11.8697
2008,04 Q4 mayor,81,12.7263
2008,04 Q4 mayor,84,13.8815
2008,04 Q4 mayor,87,15.2184
2008,04 Q4 mayor,90,16.7694
2008,04 Q4 mayor,93,18.3399
2008,04 Q4 mayor,96,19.6703
2008,04 Q4 mayor,99,20.5854
2008,04 Q4 mayor,102,21.4485
2008,04 Q4 mayor,105,22.0845
2008,04 Q4 mayor,108,22.4998
2008,04 Q4 mayor,111,22.9022
2008,04 Q4 mayor,114,23.2462
2008,04 Q4 mayor,117,23.4993
2008,04 Q4 mayor,120,23.7588
2009,01 Q1 menor,0,0.0
2009,01 Q1 menor,3,0.0
2009,01 Q1 menor,6,0.0
2009,01 Q1 menor,9,0.0109
2009,01 Q1 menor,12,0.3057
2009,01 Q1 menor,15,0.7097
2009,01 Q1 menor,18,1.1901
2009,01 Q1 menor,21,2.0199
2009,01 Q1 menor,24,4.0288
2009,01 Q1 menor,27,6.1688
2009,01 Q1 menor,30,8.2433
2009,01 Q1 menor,33,10.2413
2009,01 Q1 menor,36,11.3113
2009,01 Q1 menor,39,12.0974
2009,01 Q1 menor,42,12.7525
2009,01 Q1 menor,45,13.4949
2009,01 Q1 menor,48,14.3029
2009,01 Q1 menor,51,14.9034
2009,01 Q1 menor,54,15.4602
2009,01 Q1 menor,57,16.1153
2009,01 Q1 menor,60,16.5193
2009,01 Q1 menor,63,17.0433
2009,01 Q1 menor,66,17.3272
2009,01 Q1 menor,69,17.5674
2009,01 Q1 menor,72,17.8731
2009,01 Q1 menor,75,18.2771
2009,01 Q1 menor,78,18.5391
2009,01 Q1 menor,81,18.692
2009,01 Q1 menor,84,18.8776
2009,01 Q1 menor,87,19.1069
2009,01 Q1 menor,90,19.2379
2009,01 Q1 menor,93,19.3798
2009,01 Q1 menor,96,19.5218
2009,01 Q1 menor,99,19.762
2009,01 Q1 menor,102,19.9476
2009,01 Q1 menor,105,20.0349
2009,01 Q1 menor,108,20.1332
2009,01 Q1 menor,111,20.2315
2009,01 Q1 menor,114,20.2751
2009,01 Q1 menor,117,20.3734
2009,01 Q1 menor,120,20.428
2009,02 Q2,0,0.0
2009,02 Q2,3,0.0
2009,02 Q2,6,0.0
2009,02 Q2,9,0.0328
2009,02 Q2,12,0.2402
2009,02 Q2,15,0.6114
2009,02 Q2,18,1.2119
2009,02 Q2,21,1.9216
2009,02 Q2,24,2.6422
2009,02 Q2,27,3.4392
2009,02 Q2,30,4.2909
2009,02 Q2,33,5.1862
2009,02 Q2,36,5.9613
2009,02 Q2,39,6.6274
2009,02 Q2,42,7.1405
2009,02 Q2,45,7.5663
2009,02 Q2,48,8.1122
2009,02 Q2,51,8.5599
2009,02 Q2,54,8.9202
2009,02 Q2,57,9.2368
2009,02 Q2,60,9.5207
2009,02 Q2,63,9.8046
2009,02 Q2,66,10.285
2009,02 Q2,69,10.7544
2009,02 Q2,72,11.1693
2009,02 Q2,75,11.5078
2009,02 Q2,78,11.7808
2009,02 Q2,81,11.9991
2009,02 Q2,84,12.2393
2009,02 Q2,87,12.3594
2009,02 Q2,90,12.5014
2009,02 Q2,93,12.5996
2009,02 Q2,96,12.6651
2009,02 Q2,99,12.7852
2009,02 Q2,102,12.8507
2009,02 Q2,105,12.9599
2009,02 Q2,108,13.0909
2009,02 Q2,111,13.211
2009,02 Q2,114,13.2875
2009,02 Q2,117,13.3311
2009,02 Q2,120,13.3639
2009,03 Q3,0,0.0
2009,03 Q3,3,0.0
2009,03 Q3,6,0.0
2009,03 Q3,9,0.0
2009,03 Q3,12,0.0109
2009,03 Q3,15,0.0983
2009,03 Q3,18,0.2074
2009,03 Q3,21,0.4586
2009,03 Q3,24,0.8189
2009,03 Q3,27,1.2119
2009,03 Q3,30,1.5722
2009,03 Q3,33,1.867
2009,03 Q3,36,2.2601
2009,03 Q3,39,2.6095
2009,03 Q3,42,2.9152
2009,03 Q3,45,3.1554
2009,03 Q3,48,3.5484
2009,03 Q3,51,3.8869
2009,03 Q3,54,4.1926
2009,03 Q3,57,4.5092
2009,03 Q3,60,4.8477
2009,03 Q3,63,5.2189
2009,03 Q3,66,5.6775
2009,03 Q3,69,6.2125
2009,03 Q3,72,6.813
2009,03 Q3,75,7.4681
2009,03 Q3,78,7.9375
2009,03 Q3,81,8.4725
2009,03 Q3,84,8.8547
2009,03 Q3,87,9.2259
2009,03 Q3,90,9.4333
2009,03 Q3,93,9.619
2009,03 Q3,96,9.8373
2009,03 Q3,99,9.9793
2009,03 Q3,102,10.1212
2009,03 Q3,105,10.3177
2009,03 Q3,108,10.4597
2009,03 Q3,111,10.5798
2009,03 Q3,114,10.6671
2009,03 Q3,117,10.7981
2009,03 Q3,120,10.8418
2009,04 Q4 mayor,0,0.0
2009,04 Q4 mayor,3,0.0
2009,04 Q4 mayor,6,0.0
2009,04 Q4 mayor,9,0.0109
2009,04 Q4 mayor,12,0.0218
2009,04 Q4 mayor,15,0.0328
2009,04 Q4 mayor,18,0.0437
2009,04 Q4 mayor,21,0.0873
2009,04 Q4 mayor,24,0.1965
2009,04 Q4 mayor,27,0.4149
2009,04 Q4 mayor,30,0.5459
2009,04 Q4 mayor,33,0.8079
2009,04 Q4 mayor,36,1.0591
2009,04 Q4 mayor,39,1.3429
2009,04 Q4 mayor,42,1.5613
2009,04 Q4 mayor,45,1.7688
2009,04 Q4 mayor,48,1.9325
2009,04 Q4 mayor,51,2.0308
2009,04 Q4 mayor,54,2.2164
2009,04 Q4 mayor,57,2.5549
2009,04 Q4 mayor,60,2.937
2009,04 Q4 mayor,63,3.341
2009,04 Q4 mayor,66,3.8214
2009,04 Q4 mayor,69,4.2799
2009,04 Q4 mayor,72,5.0333
2009,04 Q4 mayor,75,5.7321
2009,04 Q4 mayor,78,6.4636
2009,04 Q4 mayor,81,7.479
2009,04 Q4 mayor,84,8.0576
2009,04 Q4 mayor,87,8.68
2009,04 Q4 mayor,90,9.1604
2009,04 Q4 mayor,93,9.5425
2009,04 Q4 mayor,96,9.881
2009,04 Q4 mayor,99,10.1212
2009,04 Q4 mayor,102,10.3396
2009,04 Q4 mayor,105,10.5033
2009,04 Q4 mayor,108,10.6671
2009,04 Q4 mayor,111,10.8855
2009,04 Q4 mayor,114,11.1038
2009,04 Q4 mayor,117,11.3768
2009,04 Q4 mayor,120,11.5624
2010,01 Q1 menor,0,0.0
2010,01 Q1 menor,3,0.0
2010,01 Q1 menor,6,0.0
2010,01 Q1 menor,9,0.0601
2010,01 Q1 menor,12,0.1403
2010,01 Q1 menor,15,0.5111
2010,01 Q1 menor,18,1.1524
2010,01 Q1 menor,21,2.2948
2010,01 Q1 menor,24,3.4472
2010,01 Q1 menor,27,4.2088
2010,01 Q1 menor,30,4.8602
2010,01 Q1 menor,33,5.5216
2010,01 Q1 menor,36,6.0527
2010,01 Q1 menor,39,6.6139
2010,01 Q1 menor,42,7.0548
2010,01 Q1 menor,45,7.6561
2010,01 Q1 menor,48,8.0569
2010,01 Q1 menor,51,8.4277
2010,01 Q1 menor,54,8.8185
2010,01 Q1 menor,57,9.1292
2010,01 Q1 menor,60,9.4699
2010,01 Q1 menor,63,9.8106
2010,01 Q1 menor,66,10.0812
2010,01 Q1 menor,69,10.4219
2010,01 Q1 menor,72,10.6524
2010,01 Q1 menor,75,10.8528
2010,01 Q1 menor,78,11.0432
2010,01 Q1 menor,81,11.2236
2010,01 Q1 menor,84,11.3639
2010,01 Q1 menor,87,11.5543
2010,01 Q1 menor,90,11.7346
2010,01 Q1 menor,93,11.925
2010,01 Q1 menor,96,11.9952
2010,01 Q1 menor,99,12.1255
2010,01 Q1 menor,102,12.2157
2010,01 Q1 menor,105,12.2858
2010,01 Q1 menor,108,12.366
2010,01 Q1 menor,111,12.386
2010,01 Q1 menor,114,12.4261
2010,01 Q1 menor,117,12.4962
2010,01 Q1 menor,120,12.5263
2010,02 Q2,0,0.0
2010,02 Q2,3,0.0
2010,02 Q2,6,0.0
2010,02 Q2,9,0.0
2010,02 Q2,12,0.0501
2010,02 Q2,15,0.2105
2010,02 Q2,18,0.4309
2010,02 Q2,21,0.7116
2010,02 Q2,24,0.9621
2010,02 Q2,27,1.2327
2010,02 Q2,30,1.5735
2010,02 Q2,33,1.9543
2010,02 Q2,36,2.285
2010,02 Q2,39,2.5957
2010,02 Q2,42,3.0166
2010,02 Q2,45,3.3975
2010,02 Q2,48,3.7182
2010,02 Q2,51,4.089
2010,02 Q2,54,4.4598
2010,02 Q2,57,4.8507
2010,02 Q2,60,5.2415
2010,02 Q2,63,5.5522
2010,02 Q2,66,5.8328
2010,02 Q2,69,6.1034
2010,02 Q2,72,6.3941
2010,02 Q2,75,6.5945
2010,02 Q2,78,6.7448
2010,02 Q2,81,6.8551
2010,02 Q2,84,6.9252
2010,02 Q2,87,7.0154
2010,02 Q2,90,7.2359
2010,02 Q2,93,7.3161
2010,02 Q2,96,7.4464
2010,02 Q2,99,7.5266
2010,02 Q2,102,7.5967
2010,02 Q2,105,7.6168
2010,02 Q2,108,7.6669
2010,02 Q2,111,7.707
2010,02 Q2,114,7.717
2010,02 Q2,117,7.7771
2010,02 Q2,120,7.8473
2010,03 Q3,0,0.0
2010,03 Q3,3,0.0
2010,03 Q3,6,0.0
2010,03 Q3,9,0.0
2010,03 Q3,12,0.02
2010,03 Q3,15,0.0601
2010,03 Q3,18,0.1403
2010,03 Q3,21,0.3007
2010,03 Q3,24,0.4309
2010,03 Q3,27,0.5512
2010,03 Q3,30,0.7015
2010,03 Q3,33,0.8218
2010,03 Q3,36,0.9721
2010,03 Q3,39,1.0924
2010,03 Q3,42,1.2928
2010,03 Q3,45,1.5133
2010,03 Q3,48,1.7739
2010,03 Q3,51,2.1347
2010,03 Q3,54,2.4053
2010,03 Q3,57,2.9465
2010,03 Q3,60,3.3875
2010,03 Q3,63,3.8284
2010,03 Q3,66,4.2393
2010,03 Q3,69,4.6001
2010,03 Q3,72,4.9008
2010,03 Q3,75,5.2616
2010,03 Q3,78,5.5823
2010,03 Q3,81,5.8729
2010,03 Q3,84,6.0633
2010,03 Q3,87,6.2738
2010,03 Q3,90,6.4041
2010,03 Q3,93,6.5444
2010,03 Q3,96,6.6947
2010,03 Q3,99,6.9353
2010,03 Q3,102,7.0956
2010,03 Q3,105,7.2459
2010,03 Q3,108,7.3361
2010,03 Q3,111,7.3963
2010,03 Q3,114,7.4364
2010,03 Q3,117,7.5266
2010,03 Q3,120,7.5566
2010,04 Q4 mayor,0,0.0
2010,04 Q4 mayor,3,0.0
2010,04 Q4 mayor,6,0.0
2010,04 Q4 mayor,9,0.0
2010,04 Q4 mayor,12,0.0
2010,04 Q4 mayor,15,0.0
2010,04 Q4 mayor,18,0.02
2010,04 Q4 mayor,21,0.0301
2010,04 Q4 mayor,24,0.0601
2010,04 Q4 mayor,27,0.0902
2010,04 Q4 mayor,30,0.1503
2010,04 Q4 mayor,33,0.2105
2010,04 Q4 mayor,36,0.3207
2010,04 Q4 mayor,39,0.3808
2010,04 Q4 mayor,42,0.4811
2010,04 Q4 mayor,45,0.5612
2010,04 Q4 mayor,48,0.7517
2010,04 Q4 mayor,51,0.9822
2010,04 Q4 mayor,54,1.1525
2010,04 Q4 mayor,57,1.4432
2010,04 Q4 mayor,60,1.7939
2010,04 Q4 mayor,63,2.2349
2010,04 Q4 mayor,66,2.6659
2010,04 Q4 mayor,69,3.0868
2010,04 Q4 mayor,72,3.6079
2010,04 Q4 mayor,75,4.099
2010,04 Q4 mayor,78,4.4899
2010,04 Q4 mayor,81,4.7003
2010,04 Q4 mayor,84,4.9108
2010,04 Q4 mayor,87,5.2115
2010,04 Q4 mayor,90,5.3618
2010,04 Q4 mayor,93,5.6324
2010,04 Q4 mayor,96,5.7527
2010,04 Q4 mayor,99,5.8328
2010,04 Q4 mayor,102,6.1034
2010,04 Q4 mayor,105,6.2738
2010,04 Q4 mayor,108,6.5845
2010,04 Q4 mayor,111,6.7849
2010,04 Q4 mayor,114,6.8651
2010,04 Q4 mayor,117,6.9753
2010,04 Q4 mayor,120,7.0355
2011,01 Q1 menor,0,0.0
2011,01 Q1 menor,3,0.0
2011,01 Q1 menor,6,0.0
2011,01 Q1 menor,9,0.0614
2011,01 Q1 menor,12,0.1929
2011,01 Q1 menor,15,0.4909
2011,01 Q1 menor,18,0.7978
2011,01 Q1 menor,21,1.201
2011,01 Q1 menor,24,1.6218
2011,01 Q1 menor,27,2.1566
2011,01 Q1 menor,30,2.5686
2011,01 Q1 menor,33,3.0157
2011,01 Q1 menor,36,3.3225
2011,01 Q1 menor,39,3.8573
2011,01 Q1 menor,42,4.243
2011,01 Q1 menor,45,4.6989
2011,01 Q1 menor,48,4.9531
2011,01 Q1 menor,51,5.2336
2011,01 Q1 menor,54,5.5317
2011,01 Q1 menor,57,5.7158
2011,01 Q1 menor,60,5.9788
2011,01 Q1 menor,63,6.3119
2011,01 Q1 menor,66,6.4522
2011,01 Q1 menor,69,6.6363
2011,01 Q1 menor,72,6.7765
2011,01 Q1 menor,75,6.9694
2011,01 Q1 menor,78,7.2061
2011,01 Q1 menor,81,7.3376
2011,01 Q1 menor,84,7.4428
2011,01 Q1 menor,87,7.6269
2011,01 Q1 menor,90,7.7496
2011,01 Q1 menor,93,7.8724
2011,01 Q1 menor,96,7.9776
2011,01 Q1 menor,99,8.0126
2011,01 Q1 menor,102,8.0477
2011,01 Q1 menor,105,8.1091
2011,01 Q1 menor,108,8.1617
2011,01 Q1 menor,111,8.188
2011,01 Q1 menor,114,8.223
2011,01 Q1 menor,117,8.2493
2011,01 Q1 menor,120,8.2581
2011,02 Q2,0,0.0
2011,02 Q2,3,0.0
2011,02 Q2,6,0.0
2011,02 Q2,9,0.0175
2011,02 Q2,12,0.0526
2011,02 Q2,15,0.1052
2011,02 Q2,18,0.2279
2011,02 Q2,21,0.3682
2011,02 Q2,24,0.64
2011,02 Q2,27,0.8416
2011,02 Q2,30,1.1134
2011,02 Q2,33,1.4552
2011,02 Q2,36,1.9286
2011,02 Q2,39,2.253
2011,02 Q2,42,2.5423
2011,02 Q2,45,2.893
2011,02 Q2,48,3.2436
2011,02 Q2,51,3.5855
2011,02 Q2,54,3.8047
2011,02 Q2,57,4.0501
2011,02 Q2,60,4.2781
2011,02 Q2,63,4.4972
2011,02 Q2,66,4.7339
2011,02 Q2,69,4.9093
2011,02 Q2,72,5.0671
2011,02 Q2,75,5.3038
2011,02 Q2,78,5.4528
2011,02 Q2,81,5.672
2011,02 Q2,84,5.8473
2011,02 Q2,87,5.9963
2011,02 Q2,90,6.1804
2011,02 Q2,93,6.3031
2011,02 Q2,96,6.3733
2011,02 Q2,99,6.4434
2011,02 Q2,102,6.496
2011,02 Q2,105,6.5661
2011,02 Q2,108,6.6012
2011,02 Q2,111,6.645
2011,02 Q2,114,6.6713
2011,02 Q2,117,6.6976
2011,02 Q2,120,6.7415
2011,03 Q3,0,0.0
2011,03 Q3,3,0.0
2011,03 Q3,6,0.0
2011,03 Q3,9,0.0
2011,03 Q3,12,0.0175
2011,03 Q3,15,0.0351
2011,03 Q3,18,0.0614
2011,03 Q3,21,0.1227
2011,03 Q3,24,0.2016
2011,03 Q3,27,0.2981
2011,03 Q3,30,0.4471
2011,03 Q3,33,0.5874
2011,03 Q3,36,0.7715
2011,03 Q3,39,0.9293
2011,03 Q3,42,1.0871
2011,03 Q3,45,1.3325
2011,03 Q3,48,1.6744
2011,03 Q3,51,1.9637
2011,03 Q3,54,2.3231
2011,03 Q3,57,2.6037
2011,03 Q3,60,2.9017
2011,03 Q3,63,3.2436
2011,03 Q3,66,3.4716
2011,03 Q3,69,3.7258
2011,03 Q3,72,3.9186
2011,03 Q3,75,4.1203
2011,03 Q3,78,4.2781
2011,03 Q3,81,4.4972
2011,03 Q3,84,4.6375
2011,03 Q3,87,4.8128
2011,03 Q3,90,4.9531
2011,03 Q3,93,5.1284
2011,03 Q3,96,5.2687
2011,03 Q3,99,5.3914
2011,03 Q3,102,5.4966
2011,03 Q3,105,5.5843
2011,03 Q3,108,5.6281
2011,03 Q3,111,5.6807
2011,03 Q3,114,5.7596
2011,03 Q3,117,5.821
2011,03 Q3,120,5.8736
2011,04 Q4 mayor,0,0.0
2011,04 Q4 mayor,3,0.0
2011,04 Q4 mayor,6,0.0
2011,04 Q4 mayor,9,0.0
2011,04 Q4 mayor,12,0.0
2011,04 Q4 mayor,15,0.0088
2011,04 Q4 mayor,18,0.0175
2011,04 Q4 mayor,21,0.0438
2011,04 Q4 mayor,24,0.0614
2011,04 Q4 mayor,27,0.0701
2011,04 Q4 mayor,30,0.0877
2011,04 Q4 mayor,33,0.1227
2011,04 Q4 mayor,36,0.2104
2011,04 Q4 mayor,39,0.3156
2011,04 Q4 mayor,42,0.412
2011,04 Q4 mayor,45,0.5435
2011,04 Q4 mayor,48,0.7276
2011,04 Q4 mayor,51,0.8854
2011,04 Q4 mayor,54,1.1309
2011,04 Q4 mayor,57,1.3676
2011,04 Q4 mayor,60,1.6393
2011,04 Q4 mayor,63,1.8673
2011,04 Q4 mayor,66,2.1478
2011,04 Q4 mayor,69,2.3757
2011,04 Q4 mayor,72,2.5248
2011,04 Q4 mayor,75,2.779
2011,04 Q4 mayor,78,2.9631
2011,04 Q4 mayor,81,3.1647
2011,04 Q4 mayor,84,3.3488
2011,04 Q4 mayor,87,3.4453
2011,04 Q4 mayor,90,3.5855
2011,04 Q4 mayor,93,3.7608
2011,04 Q4 mayor,96,4.0326
2011,04 Q4 mayor,99,4.1466
2011,04 Q4 mayor,102,4.3044
2011,04 Q4 mayor,105,4.357
2011,04 Q4 mayor,108,4.4271
2011,04 Q4 mayor,111,4.4885
2011,04 Q4 mayor,114,4.5586
2011,04 Q4 mayor,117,4.6287
2011,04 Q4 mayor,120,4.6726
2012,01 Q1 menor,0,0.0
2012,01 Q1 menor,3,0.0
2012,01 Q1 menor,6,0.0
2012,01 Q1 menor,9,0.0411
2012,01 Q1 menor,12,0.072
2012,01 Q1 menor,15,0.2057
2012,01 Q1 menor,18,0.4525
2012,01 Q1 menor,21,0.7302
2012,01 Q1 menor,24,1.1828
2012,01 Q1 menor,27,1.553
2012,01 Q1 menor,30,2.0673
2012,01 Q1 menor,33,2.4787
2012,01 Q1 menor,36,2.8386
2012,01 Q1 menor,39,3.1266
2012,01 Q1 menor,42,3.394
2012,01 Q1 menor,45,3.7128
2012,01 Q1 menor,48,4.0008
2012,01 Q1 menor,51,4.2579
2012,01 Q1 menor,54,4.4328
2012,01 Q1 menor,57,4.6591
2012,01 Q1 menor,60,4.9059
2012,01 Q1 menor,63,5.0705
2012,01 Q1 menor,66,5.4099
2012,01 Q1 menor,69,5.6464
2012,01 Q1 menor,72,5.9138
2012,01 Q1 menor,75,6.1607
2012,01 Q1 menor,78,6.2944
2012,01 Q1 menor,81,6.4383
2012,01 Q1 menor,84,6.572
2012,01 Q1 menor,87,6.6955
2012,01 Q1 menor,90,6.7983
2012,01 Q1 menor,93,6.8703
2012,01 Q1 menor,96,6.932
2012,01 Q1 menor,99,6.9834
2012,01 Q1 menor,102,6.9937
2012,01 Q1 menor,105,7.0349
2012,01 Q1 menor,108,7.0657
2012,01 Q1 menor,111,7.0863
2012,01 Q1 menor,114,7.1274
2012,01 Q1 menor,117,7.1583
2012,01 Q1 menor,120,7.22
2012,02 Q2,0,0.0
2012,02 Q2,3,0.0
2012,02 Q2,6,0.0
2012,02 Q2,9,0.0
2012,02 Q2,12,0.0514
2012,02 Q2,15,0.1234
2012,02 Q2,18,0.216
2012,02 Q2,21,0.4012
2012,02 Q2,24,0.6172
2012,02 Q2,27,0.8537
2012,02 Q2,30,1.1315
2012,02 Q2,33,1.4606
2012,02 Q2,36,1.7383
2012,02 Q2,39,2.088
2012,02 Q2,42,2.3966
2012,02 Q2,45,2.6641
2012,02 Q2,48,2.9829
2012,02 Q2,51,3.2709
2012,02 Q2,54,3.4664
2012,02 Q2,57,3.6515
2012,02 Q2,60,3.8881
2012,02 Q2,63,4.2584
2012,02 Q2,66,4.5772
2012,02 Q2,69,4.7418
2012,02 Q2,72,5.0504
2012,02 Q2,75,5.2047
2012,02 Q2,78,5.4413
2012,02 Q2,81,5.6367
2012,02 Q2,84,5.7293
2012,02 Q2,87,5.8938
2012,02 Q2,90,6.0379
2012,02 Q2,93,6.1407
2012,02 Q2,96,6.1921
2012,02 Q2,99,6.2641
2012,02 Q2,102,6.3053
2012,02 Q2,105,6.3156
2012,02 Q2,108,6.367
2012,02 Q2,111,6.3876
2012,02 Q2,114,6.4081
2012,02 Q2,117,6.5213
2012,02 Q2,120,6.5419
2012,03 Q3,0,0.0
2012,03 Q3,3,0.0
2012,03 Q3,6,0.0
2012,03 Q3,9,0.0
2012,03 Q3,12,0.0
2012,03 Q3,15,0.0
2012,03 Q3,18,0.0309
2012,03 Q3,21,0.072
2012,03 Q3,24,0.0926
2012,03 Q3,27,0.1646
2012,03 Q3,30,0.2777
2012,03 Q3,33,0.4937
2012,03 Q3,36,0.648
2012,03 Q3,39,0.8743
2012,03 Q3,42,1.1315
2012,03 Q3,45,1.3989
2012,03 Q3,48,1.6766
2012,03 Q3,51,1.9646
2012,03 Q3,54,2.2423
2012,03 Q3,57,2.5098
2012,03 Q3,60,2.7052
2012,03 Q3,63,2.9521
2012,03 Q3,66,3.1681
2012,03 Q3,69,3.4149
2012,03 Q3,72,3.6515
2012,03 Q3,75,3.8778
2012,03 Q3,78,4.0218
2012,03 Q3,81,4.2275
2012,03 Q3,84,4.3407
2012,03 Q3,87,4.495
2012,03 Q3,90,4.5875
2012,03 Q3,93,4.6801
2012,03 Q3,96,4.8138
2012,03 Q3,99,4.855
2012,03 Q3,102,4.927
2012,03 Q3,105,4.999
2012,03 Q3,108,5.071
2012,03 Q3,111,5.1327
2012,03 Q3,114,5.2253
2012,03 Q3,117,5.2664
2012,03 Q3,120,5.3075
2012,04 Q4 mayor,0,0.0
2012,04 Q4 mayor,3,0.0
2012,04 Q4 mayor,6,0.0
2012,04 Q4 mayor,9,0.0
2012,04 Q4 mayor,12,0.0
2012,04 Q4 mayor,15,0.0
2012,04 Q4 mayor,18,0.0103
2012,04 Q4 mayor,21,0.0206
2012,04 Q4 mayor,24,0.072
2012,04 Q4 mayor,27,0.1234
2012,04 Q4 mayor,30,0.2366
2012,04 Q4 mayor,33,0.3189
2012,04 Q4 mayor,36,0.3703
2012,04 Q4 mayor,39,0.4732
2012,04 Q4 mayor,42,0.6172
2012,04 Q4 mayor,45,0.8126
2012,04 Q4 mayor,48,0.9772
2012,04 Q4 mayor,51,1.2446
2012,04 Q4 mayor,54,1.4092
2012,04 Q4 mayor,57,1.5943
2012,04 Q4 mayor,60,1.7178
2012,04 Q4 mayor,63,1.9543
2012,04 Q4 mayor,66,2.0778
2012,04 Q4 mayor,69,2.2526
2012,04 Q4 mayor,72,2.3761
2012,04 Q4 mayor,75,2.5921
2012,04 Q4 mayor,78,2.7361
2012,04 Q4 mayor,81,2.9418
2012,04 Q4 mayor,84,3.1681
2012,04 Q4 mayor,87,3.3326
2012,04 Q4 mayor,90,3.4767
2012,04 Q4 mayor,93,3.5692
2012,04 Q4 mayor,96,3.7235
2012,04 Q4 mayor,99,3.8058
2012,04 Q4 mayor,102,3.8367
2012,04 Q4 mayor,105,3.9087
2012,04 Q4 mayor,108,3.9909
2012,04 Q4 mayor,111,4.063
2012,04 Q4 mayor,114,4.1761
2012,04 Q4 mayor,117,4.2378
2012,04 Q4 mayor,120,4.2892
2013,01 Q1 menor,0,0.0
2013,01 Q1 menor,3,0.0
2013,01 Q1 menor,6,0.0099
2013,01 Q1 menor,9,0.0495
2013,01 Q1 menor,12,0.1781
2013,01 Q1 menor,15,0.3167
2013,01 Q1 menor,18,0.5443
2013,01 Q1 menor,21,0.8413
2013,01 Q1 menor,24,1.0491
2013,01 Q1 menor,27,1.3064
2013,01 Q1 menor,30,1.6033
2013,01 Q1 menor,33,1.8903
2013,01 Q1 menor,36,2.2268
2013,01 Q1 menor,39,2.4644
2013,01 Q1 menor,42,2.7316
2013,01 Q1 menor,45,3.0483
2013,01 Q1 menor,48,3.3848
2013,01 Q1 menor,51,3.652
2013,01 Q1 menor,54,3.9489
2013,01 Q1 menor,57,4.1964
2013,01 Q1 menor,60,4.4141
2013,01 Q1 menor,63,4.6516
2013,01 Q1 menor,66,4.9386
2013,01 Q1 menor,69,5.1564
2013,01 Q1 menor,72,5.2652
2013,01 Q1 menor,75,5.4236
2013,01 Q1 menor,78,5.5424
2013,01 Q1 menor,81,5.6413
2013,01 Q1 menor,84,5.7205
2013,01 Q1 menor,87,5.8294
2013,01 Q1 menor,90,5.8591
2013,01 Q1 menor,93,5.958
2013,01 Q1 menor,96,6.057
2013,01 Q1 menor,99,6.1065
2013,01 Q1 menor,102,6.2055
2013,01 Q1 menor,105,6.2253
2013,01 Q1 menor,108,6.2648
2013,01 Q1 menor,111,6.3044
2013,01 Q1 menor,114,6.3341
2013,01 Q1 menor,117,6.3539
2013,01 Q1 menor,120,6.3737
2013,02 Q2,0,0.0
2013,02 Q2,3,0.0
2013,02 Q2,6,0.0
2013,02 Q2,9,0.0099
2013,02 Q2,12,0.0396
2013,02 Q2,15,0.1089
2013,02 Q2,18,0.2771
2013,02 Q2,21,0.4454
2013,02 Q2,24,0.7324
2013,02 Q2,27,0.9303
2013,02 Q2,30,1.1876
2013,02 Q2,33,1.3955
2013,02 Q2,36,1.7221
2013,02 Q2,39,2.0091
2013,02 Q2,42,2.3258
2013,02 Q2,45,2.6524
2013,02 Q2,48,3.0186
2013,02 Q2,51,3.2759
2013,02 Q2,54,3.5135
2013,02 Q2,57,3.7411
2013,02 Q2,60,3.9291
2013,02 Q2,63,4.2953
2013,02 Q2,66,4.5625
2013,02 Q2,69,4.7704
2013,02 Q2,72,4.9485
2013,02 Q2,75,5.1465
2013,02 Q2,78,5.285
2013,02 Q2,81,5.3939
2013,02 Q2,84,5.4632
2013,02 Q2,87,5.5523
2013,02 Q2,90,5.6413
2013,02 Q2,93,5.7304
2013,02 Q2,96,5.869
2013,02 Q2,99,5.9679
2013,02 Q2,102,6.057
2013,02 Q2,105,6.1461
2013,02 Q2,108,6.2451
2013,02 Q2,111,6.3341
2013,02 Q2,114,6.4133
2013,02 Q2,117,6.4331
2013,02 Q2,120,6.4727
2013,03 Q3,0,0.0
2013,03 Q3,3,0.0
2013,03 Q3,6,0.0
2013,03 Q3,9,0.0
2013,03 Q3,12,0.0099
2013,03 Q3,15,0.0396
2013,03 Q3,18,0.099
2013,03 Q3,21,0.1485
2013,03 Q3,24,0.2672
2013,03 Q3,27,0.386
2013,03 Q3,30,0.5146
2013,03 Q3,33,0.7522
2013,03 Q3,36,0.9996
2013,03 Q3,39,1.2668
2013,03 Q3,42,1.4549
2013,03 Q3,45,1.732
2013,03 Q3,48,2.0388
2013,03 Q3,51,2.2169
2013,03 Q3,54,2.4941
2013,03 Q3,57,2.7118
2013,03 Q3,60,2.9196
2013,03 Q3,63,3.2759
2013,03 Q3,66,3.4739
2013,03 Q3,69,3.7906
2013,03 Q3,72,3.939
2013,03 Q3,75,4.0776
2013,03 Q3,78,4.2557
2013,03 Q3,81,4.4339
2013,03 Q3,84,4.5823
2013,03 Q3,87,4.6714
2013,03 Q3,90,4.8496
2013,03 Q3,93,4.9485
2013,03 Q3,96,5.0277
2013,03 Q3,99,5.0772
2013,03 Q3,102,5.1168
2013,03 Q3,105,5.2553
2013,03 Q3,108,5.3939
2013,03 Q3,111,5.4632
2013,03 Q3,114,5.5226
2013,03 Q3,117,5.6215
2013,03 Q3,120,5.7007
2013,04 Q4 mayor,0,0.0
2013,04 Q4 mayor,3,0.0
2013,04 Q4 mayor,6,0.0
2013,04 Q4 mayor,9,0.0
2013,04 Q4 mayor,12,0.0
2013,04 Q4 mayor,15,0.0
2013,04 Q4 mayor,18,0.0
2013,04 Q4 mayor,21,0.0297
2013,04 Q4 mayor,24,0.0396
2013,04 Q4 mayor,27,0.0594
2013,04 Q4 mayor,30,0.1089
2013,04 Q4 mayor,33,0.1781
2013,04 Q4 mayor,36,0.2276
2013,04 Q4 mayor,39,0.287
2013,04 Q4 mayor,42,0.4553
2013,04 Q4 mayor,45,0.5938
2013,04 Q4 mayor,48,0.7225
2013,04 Q4 mayor,51,0.8314
2013,04 Q4 mayor,54,0.9897
2013,04 Q4 mayor,57,1.0788
2013,04 Q4 mayor,60,1.1778
2013,04 Q4 mayor,63,1.3163
2013,04 Q4 mayor,66,1.534
2013,04 Q4 mayor,69,1.7716
2013,04 Q4 mayor,72,2.0091
2013,04 Q4 mayor,75,2.2664
2013,04 Q4 mayor,78,2.405
2013,04 Q4 mayor,81,2.5534
2013,04 Q4 mayor,84,2.692
2013,04 Q4 mayor,87,2.791
2013,04 Q4 mayor,90,2.8603
2013,04 Q4 mayor,93,2.9394
2013,04 Q4 mayor,96,3.0285
2013,04 Q4 mayor,99,3.1572
2013,04 Q4 mayor,102,3.2957
2013,04 Q4 mayor,105,3.3749
2013,04 Q4 mayor,108,3.4739
2013,04 Q4 mayor,111,3.5234
2013,04 Q4 mayor,114,3.6025
2013,04 Q4 mayor,117,3.7114
2013,04 Q4 mayor,120,3.8797
2014,01 Q1 menor,0,0.0
2014,01 Q1 menor,3,0.0
2014,01 Q1 menor,6,0.0087
2014,01 Q1 menor,9,0.0696
2014,01 Q1 menor,12,0.2263
2014,01 Q1 menor,15,0.4612
2014,01 Q1 menor,18,0.8093
2014,01 Q1 menor,21,1.0965
2014,01 Q1 menor,24,1.3924
2014,01 Q1 menor,27,1.697
2014,01 Q1 menor,30,2.0799
2014,01 Q1 menor,33,2.4715
2014,01 Q1 menor,36,2.8283
2014,01 Q1 menor,39,3.1155
2014,01 Q1 menor,42,3.6637
2014,01 Q1 menor,45,4.0031
2014,01 Q1 menor,48,4.3773
2014,01 Q1 menor,51,4.7689
2014,01 Q1 menor,54,5.0474
2014,01 Q1 menor,57,5.3868
2014,01 Q1 menor,60,5.6566
2014,01 Q1 menor,63,5.9612
2014,01 Q1 menor,66,6.1962
2014,01 Q1 menor,69,6.405
2014,01 Q1 menor,72,6.5704
2014,01 Q1 menor,75,6.6922
2014,01 Q1 menor,78,6.8053
2014,01 Q1 menor,81,6.8836
2014,01 Q1 menor,84,6.9968
2014,01 Q1 menor,87,7.136
2014,01 Q1 menor,90,7.2404
2014,01 Q1 menor,93,7.4232
2014,01 Q1 menor,96,7.5624
2014,01 Q1 menor,99,7.6582
2014,01 Q1 menor,102,7.7278
2014,01 Q1 menor,105,7.7539
2014,01 Q1 menor,108,7.78
2014,01 Q1 menor,111,7.8235
2014,01 Q1 menor,114,7.8409
2014,01 Q1 menor,117,7.8496
2014,01 Q1 menor,120,7.8583
2014,02 Q2,0,0.0
2014,02 Q2,3,0.0
2014,02 Q2,6,0.0
2014,02 Q2,9,0.0174
2014,02 Q2,12,0.0783
2014,02 Q2,15,0.1305
2014,02 Q2,18,0.2437
2014,02 Q2,21,0.4003
2014,02 Q2,24,0.5657
2014,02 Q2,27,0.7571
2014,02 Q2,30,0.9921
2014,02 Q2,33,1.1922
2014,02 Q2,36,1.4185
2014,02 Q2,39,1.7666
2014,02 Q2,42,2.0886
2014,02 Q2,45,2.4889
2014,02 Q2,48,2.7326
2014,02 Q2,51,2.9936
2014,02 Q2,54,3.2721
2014,02 Q2,57,3.481
2014,02 Q2,60,3.7421
2014,02 Q2,63,4.0118
2014,02 Q2,66,4.1946
2014,02 Q2,69,4.3599
2014,02 Q2,72,4.5166
2014,02 Q2,75,4.621
2014,02 Q2,78,4.7864
2014,02 Q2,81,4.8647
2014,02 Q2,84,4.9952
2014,02 Q2,87,5.1954
2014,02 Q2,90,5.3868
2014,02 Q2,93,5.6044
2014,02 Q2,96,5.7001
2014,02 Q2,99,5.7958
2014,02 Q2,102,5.8307
2014,02 Q2,105,5.9003
2014,02 Q2,108,5.9525
2014,02 Q2,111,6.0308
2014,02 Q2,114,6.0656
2014,02 Q2,117,6.1091
2014,02 Q2,120,6.1265
2014,03 Q3,0,0.0
2014,03 Q3,3,0.0
2014,03 Q3,6,0.0
2014,03 Q3,9,0.0
2014,03 Q3,12,0.0174
2014,03 Q3,15,0.0435
2014,03 Q3,18,0.1131
2014,03 Q3,21,0.1828
2014,03 Q3,24,0.3394
2014,03 Q3,27,0.4874
2014,03 Q3,30,0.6876
2014,03 Q3,33,0.9138
2014,03 Q3,36,1.1662
2014,03 Q3,39,1.4012
2014,03 Q3,42,1.7145
2014,03 Q3,45,2.0453
2014,03 Q3,48,2.3847
2014,03 Q3,51,2.7676
2014,03 Q3,54,2.9591
2014,03 Q3,57,3.2724
2014,03 Q3,60,3.4987
2014,03 Q3,63,3.7511
2014,03 Q3,66,3.9774
2014,03 Q3,69,4.1862
2014,03 Q3,72,4.369
2014,03 Q3,75,4.4996
2014,03 Q3,78,4.6301
2014,03 Q3,81,4.7694
2014,03 Q3,84,4.9608
2014,03 Q3,87,5.1349
2014,03 Q3,90,5.2829
2014,03 Q3,93,5.4917
2014,03 Q3,96,5.5875
2014,03 Q3,99,5.6919
2014,03 Q3,102,5.7789
2014,03 Q3,105,5.8747
2014,03 Q3,108,5.9356
2014,03 Q3,111,6.0139
2014,03 Q3,114,6.0661
2014,03 Q3,117,6.1097
2014,03 Q3,120,6.1619
2014,04 Q4 mayor,0,0.0
2014,04 Q4 mayor,3,0.0
2014,04 Q4 mayor,6,0.0
2014,04 Q4 mayor,9,0.0
2014,04 Q4 mayor,12,0.0
2014,04 Q4 mayor,15,0.0087
2014,04 Q4 mayor,18,0.0348
2014,04 Q4 mayor,21,0.0348
2014,04 Q4 mayor,24,0.0522
2014,04 Q4 mayor,27,0.1044
2014,04 Q4 mayor,30,0.1567
2014,04 Q4 mayor,33,0.2089
2014,04 Q4 mayor,36,0.3307
2014,04 Q4 mayor,39,0.4352
2014,04 Q4 mayor,42,0.5222
2014,04 Q4 mayor,45,0.6092
2014,04 Q4 mayor,48,0.6876
2014,04 Q4 mayor,51,0.792
2014,04 Q4 mayor,54,0.9399
2014,04 Q4 mayor,57,1.1575
2014,04 Q4 mayor,60,1.3316
2014,04 Q4 mayor,63,1.5144
2014,04 Q4 mayor,66,1.7581
2014,04 Q4 mayor,69,1.8973
2014,04 Q4 mayor,72,2.0366
2014,04 Q4 mayor,75,2.2193
2014,04 Q4 mayor,78,2.3586
2014,04 Q4 mayor,81,2.463
2014,04 Q4 mayor,84,2.6197
2014,04 Q4 mayor,87,2.7589
2014,04 Q4 mayor,90,2.8634
2014,04 Q4 mayor,93,2.933
2014,04 Q4 mayor,96,3.0722
2014,04 Q4 mayor,99,3.255
2014,04 Q4 mayor,102,3.342
2014,04 Q4 mayor,105,3.4726
2014,04 Q4 mayor,108,3.6118
2014,04 Q4 mayor,111,3.7946
2014,04 Q4 mayor,114,3.9426
2014,04 Q4 mayor,117,4.0905
2014,04 Q4 mayor,120,4.195
2015,01 Q1 menor,0,0.0
2015,01 Q1 menor,3,0.0
2015,01 Q1 menor,6,0.0
2015,01 Q1 menor,9,0.0433
2015,01 Q1 menor,12,0.2165
2015,01 Q1 menor,15,0.4547
2015,01 Q1 menor,18,0.7506
2015,01 Q1 menor,21,1.0609
2015,01 Q1 menor,24,1.3424
2015,01 Q1 menor,27,1.7971
2015,01 Q1 menor,30,2.2373
2015,01 Q1 menor,33,2.6054
2015,01 Q1 menor,36,3.024
2015,01 Q1 menor,39,3.4642
2015,01 Q1 menor,42,3.8756
2015,01 Q1 menor,45,4.2797
2015,01 Q1 menor,48,4.6262
2015,01 Q1 menor,51,4.9654
2015,01 Q1 menor,54,5.2252
2015,01 Q1 menor,57,5.5355
2015,01 Q1 menor,60,5.7881
2015,01 Q1 menor,63,5.9685
2015,01 Q1 menor,66,6.0984
2015,01 Q1 menor,69,6.2283
2015,01 Q1 menor,72,6.3583
2015,01 Q1 menor,75,6.5892
2015,01 Q1 menor,78,6.8707
2015,01 Q1 menor,81,7.1305
2015,01 Q1 menor,84,7.347
2015,01 Q1 menor,87,7.5202
2015,01 Q1 menor,90,7.6862
2015,01 Q1 menor,93,7.7872
2015,01 Q1 menor,96,7.9099
2015,01 Q1 menor,99,7.9388
2015,01 Q1 menor,102,7.9749
2015,01 Q1 menor,105,8.011
2015,01 Q1 menor,108,8.0543
2015,01 Q1 menor,111,8.0687
2015,01 Q1 menor,114,8.0904
2015,01 Q1 menor,117,8.1192
2015,01 Q1 menor,120,8.1337
2015,02 Q2,0,0.0
2015,02 Q2,3,0.0
2015,02 Q2,6,0.0
2015,02 Q2,9,0.0
2015,02 Q2,12,0.0361
2015,02 Q2,15,0.0794
2015,02 Q2,18,0.1588
2015,02 Q2,21,0.2671
2015,02 Q2,24,0.4619
2015,02 Q2,27,0.7362
2015,02 Q2,30,1.1043
2015,02 Q2,33,1.458
2015,02 Q2,36,1.7611
2015,02 Q2,39,2.1292
2015,02 Q2,42,2.5262
2015,02 Q2,45,2.8798
2015,02 Q2,48,3.2624
2015,02 Q2,51,3.5799
2015,02 Q2,54,3.7965
2015,02 Q2,57,3.9625
2015,02 Q2,60,4.2006
2015,02 Q2,63,4.3233
2015,02 Q2,66,4.4605
2015,02 Q2,69,4.5976
2015,02 Q2,72,4.7348
2015,02 Q2,75,4.9657
2015,02 Q2,78,5.2111
2015,02 Q2,81,5.4637
2015,02 Q2,84,5.7091
2015,02 Q2,87,5.8968
2015,02 Q2,90,6.0339
2015,02 Q2,93,6.1566
2015,02 Q2,96,6.2216
2015,02 Q2,99,6.2721
2015,02 Q2,102,6.3082
2015,02 Q2,105,6.3298
2015,02 Q2,108,6.3948
2015,02 Q2,111,6.4092
2015,02 Q2,114,6.4453
2015,02 Q2,117,6.4814
2015,02 Q2,120,6.5247
2015,03 Q3,0,0.0
2015,03 Q3,3,0.0
2015,03 Q3,6,0.0
2015,03 Q3,9,0.0144
2015,03 Q3,12,0.0217
2015,03 Q3,15,0.0433
2015,03 Q3,18,0.0938
2015,03 Q3,21,0.2598
2015,03 Q3,24,0.4619
2015,03 Q3,27,0.7362
2015,03 Q3,30,1.0321
2015,03 Q3,33,1.3425
2015,03 Q3,36,1.7394
2015,03 Q3,39,2.0642
2015,03 Q3,42,2.4396
2015,03 Q3,45,2.9015
2015,03 Q3,48,3.2912
2015,03 Q3,51,3.5366
2015,03 Q3,54,3.8109
2015,03 Q3,57,4.0635
2015,03 Q3,60,4.2512
2015,03 Q3,63,4.4749
2015,03 Q3,66,4.7059
2015,03 Q3,69,4.9296
2015,03 Q3,72,5.0812
2015,03 Q3,75,5.3627
2015,03 Q3,78,5.6514
2015,03 Q3,81,5.9184
2015,03 Q3,84,6.1711
2015,03 Q3,87,6.3732
2015,03 Q3,90,6.5464
2015,03 Q3,93,6.7268
2015,03 Q3,96,6.9073
2015,03 Q3,99,7.0372
2015,03 Q3,102,7.0949
2015,03 Q3,105,7.2032
2015,03 Q3,108,7.232
2015,03 Q3,111,7.3187
2015,03 Q3,114,7.4125
2015,03 Q3,117,7.4341
2015,03 Q3,120,7.5135
2015,04 Q4 mayor,0,0.0
2015,04 Q4 mayor,3,0.0
2015,04 Q4 mayor,6,0.0
2015,04 Q4 mayor,9,0.0
2015,04 Q4 mayor,12,0.0
2015,04 Q4 mayor,15,0.0
2015,04 Q4 mayor,18,0.0289
2015,04 Q4 mayor,21,0.0361
2015,04 Q4 mayor,24,0.0577
2015,04 Q4 mayor,27,0.0866
2015,04 Q4 mayor,30,0.1877
2015,04 Q4 mayor,33,0.2671
2015,04 Q4 mayor,36,0.3464
2015,04 Q4 mayor,39,0.4114
2015,04 Q4 mayor,42,0.4908
2015,04 Q4 mayor,45,0.6135
2015,04 Q4 mayor,48,0.7434
2015,04 Q4 mayor,51,0.9094
2015,04 Q4 mayor,54,1.1043
2015,04 Q4 mayor,57,1.2414
2015,04 Q4 mayor,60,1.3641
2015,04 Q4 mayor,63,1.5518
2015,04 Q4 mayor,66,1.6384
2015,04 Q4 mayor,69,1.8044
2015,04 Q4 mayor,72,1.8982
2015,04 Q4 mayor,75,2.0498
2015,04 Q4 mayor,78,2.2158
2015,04 Q4 mayor,81,2.3529
2015,04 Q4 mayor,84,2.5045
2015,04 Q4 mayor,87,2.6633
2015,04 Q4 mayor,90,2.7716
2015,04 Q4 mayor,93,2.9592
2015,04 Q4 mayor,96,3.1252
2015,04 Q4 mayor,99,3.349
2015,04 Q4 mayor,102,3.5655
2015,04 Q4 mayor,105,3.6449
2015,04 Q4 mayor,108,3.7532
2015,04 Q4 mayor,111,3.9264
2015,04 Q4 mayor,114,4.0346
2015,04 Q4 mayor,117,4.2006
2015,04 Q4 mayor,120,4.28
2016,01 Q1 menor,0,0.0
2016,01 Q1 menor,3,0.0
2016,01 Q1 menor,6,0.0
2016,01 Q1 menor,9,0.0282
2016,01 Q1 menor,12,0.169
2016,01 Q1 menor,15,0.4085
2016,01 Q1 menor,18,0.6902
2016,01 Q1 menor,21,1.0917
2016,01 Q1 menor,24,1.5636
2016,01 Q1 menor,27,2.113
2016,01 Q1 menor,30,2.5849
2016,01 Q1 menor,33,3.0356
2016,01 Q1 menor,36,3.5568
2016,01 Q1 menor,39,3.9935
2016,01 Q1 menor,42,4.3175
2016,01 Q1 menor,45,4.6978
2016,01 Q1 menor,48,5.0077
2016,01 Q1 menor,51,5.205
2016,01 Q1 menor,54,5.4163
2016,01 Q1 menor,57,5.5289
2016,01 Q1 menor,60,5.7543
2016,01 Q1 menor,63,5.9797
2016,01 Q1 menor,66,6.2685
2016,01 Q1 menor,69,6.5784
2016,01 Q1 menor,72,6.8319
2016,01 Q1 menor,75,7.0714
2016,01 Q1 menor,78,7.3179
2016,01 Q1 menor,81,7.4236
2016,01 Q1 menor,84,7.5504
2016,01 Q1 menor,87,7.6912
2016,01 Q1 menor,90,7.7969
2016,01 Q1 menor,93,7.8884
2016,01 Q1 menor,96,7.9307
2016,01 Q1 menor,99,7.9659
2016,01 Q1 menor,102,8.0011
2016,01 Q1 menor,105,8.0152
2016,01 Q1 menor,108,8.0716
2016,01 Q1 menor,111,8.1279
2016,01 Q1 menor,114,8.1702
2016,01 Q1 menor,117,8.2265
2016,02 Q2,0,0.0
2016,02 Q2,3,0.0
2016,02 Q2,6,0.0
2016,02 Q2,9,0.0
2016,02 Q2,12,0.0141
2016,02 Q2,15,0.0986
2016,02 Q2,18,0.2395
2016,02 Q2,21,0.4297
2016,02 Q2,24,0.7044
2016,02 Q2,27,1.0354
2016,02 Q2,30,1.3665
2016,02 Q2,33,1.7116
2016,02 Q2,36,2.0497
2016,02 Q2,39,2.3315
2016,02 Q2,42,2.6625
2016,02 Q2,45,2.9091
2016,02 Q2,48,3.1767
2016,02 Q2,51,3.4444
2016,02 Q2,54,3.6487
2016,02 Q2,57,3.7966
2016,02 Q2,60,4.0149
2016,02 Q2,63,4.3319
2016,02 Q2,66,4.67
2016,02 Q2,69,5.0222
2016,02 Q2,72,5.3744
2016,02 Q2,75,5.5505
2016,02 Q2,78,5.8111
2016,02 Q2,81,5.9942
2016,02 Q2,84,6.1281
2016,02 Q2,87,6.2126
2016,02 Q2,90,6.3041
2016,02 Q2,93,6.4591
2016,02 Q2,96,6.607
2016,02 Q2,99,6.6775
2016,02 Q2,102,6.762
2016,02 Q2,105,6.8395
2016,02 Q2,108,6.931
2016,02 Q2,111,6.9592
2016,02 Q2,114,7.0085
2016,02 Q2,117,7.093
2016,03 Q3,0,0.0
2016,03 Q3,3,0.0
2016,03 Q3,6,0.0
2016,03 Q3,9,0.0141
2016,03 Q3,12,0.0775
2016,03 Q3,15,0.1972
2016,03 Q3,18,0.3592
2016,03 Q3,21,0.6198
2016,03 Q3,24,0.9579
2016,03 Q3,27,1.3031
2016,03 Q3,30,1.6553
2016,03 Q3,33,2.0427
2016,03 Q3,36,2.3737
2016,03 Q3,39,2.7541
2016,03 Q3,42,3.0218
2016,03 Q3,45,3.3035
2016,03 Q3,48,3.5641
2016,03 Q3,51,3.86
2016,03 Q3,54,4.1065
2016,03 Q3,57,4.4376
2016,03 Q3,60,4.7264
2016,03 Q3,63,5.0504
2016,03 Q3,66,5.4166
2016,03 Q3,69,5.6843
2016,03 Q3,72,6.1351
2016,03 Q3,75,6.4239
2016,03 Q3,78,6.7549
2016,03 Q3,81,6.9522
2016,03 Q3,84,7.1001
2016,03 Q3,87,7.2903
2016,03 Q3,90,7.4734
2016,03 Q3,93,7.6425
2016,03 Q3,96,7.8045
2016,03 Q3,99,7.9101
2016,03 Q3,102,8.0792
2016,03 Q3,105,8.213
2016,03 Q3,108,8.375
2016,03 Q3,111,8.4525
2016,03 Q3,114,8.5511
2016,03 Q3,117,8.6638
2016,04 Q4 mayor,0,0.0
2016,04 Q4 mayor,3,0.0
2016,04 Q4 mayor,6,0.0
2016,04 Q4 mayor,9,0.0
2016,04 Q4 mayor,12,0.007
2016,04 Q4 mayor,15,0.007
2016,04 Q4 mayor,18,0.0282
2016,04 Q4 mayor,21,0.0493
2016,04 Q4 mayor,24,0.0775
2016,04 Q4 mayor,27,0.1057
2016,04 Q4 mayor,30,0.1409
2016,04 Q4 mayor,33,0.2043
2016,04 Q4 mayor,36,0.3029
2016,04 Q4 mayor,39,0.3522
2016,04 Q4 mayor,42,0.3944
2016,04 Q4 mayor,45,0.479
2016,04 Q4 mayor,48,0.5987
2016,04 Q4 mayor,51,0.6973
2016,04 Q4 mayor,54,0.7889
2016,04 Q4 mayor,57,0.9227
2016,04 Q4 mayor,60,1.0777
2016,04 Q4 mayor,63,1.1693
2016,04 Q4 mayor,66,1.3101
2016,04 Q4 mayor,69,1.4651
2016,04 Q4 mayor,72,1.5919
2016,04 Q4 mayor,75,1.7891
2016,04 Q4 mayor,78,1.9159
2016,04 Q4 mayor,81,2.099
2016,04 Q4 mayor,84,2.3456
2016,04 Q4 mayor,87,2.6062
2016,04 Q4 mayor,90,2.8668
2016,04 Q4 mayor,93,3.1908
2016,04 Q4 mayor,96,3.3387
2016,04 Q4 mayor,99,3.4585
2016,04 Q4 mayor,102,3.5641
2016,04 Q4 mayor,105,3.698
2016,04 Q4 mayor,108,3.8318
2016,04 Q4 mayor,111,3.9234
2016,04 Q4 mayor,114,4.0008
2016,04 Q4 mayor,117,4.0713
2017,01 Q1 menor,0,0.0
2017,01 Q1 menor,3,0.0
2017,01 Q1 menor,6,0.0
2017,01 Q1 menor,9,0.0214
2017,01 Q1 menor,12,0.1427
2017,01 Q1 menor,15,0.378
2017,01 Q1 menor,18,0.7632
2017,01 Q1 menor,21,1.2126
2017,01 Q1 menor,24,1.7332
2017,01 Q1 menor,27,2.2183
2017,01 Q1 menor,30,2.6605
2017,01 Q1 menor,33,3.0243
2017,01 Q1 menor,36,3.4593
2017,01 Q1 menor,39,3.8231
2017,01 Q1 menor,42,4.0442
2017,01 Q1 menor,45,4.2939
2017,01 Q1 menor,48,4.5578
2017,01 Q1 menor,51,4.9572
2017,01 Q1 menor,54,5.3923
2017,01 Q1 menor,57,5.7703
2017,01 Q1 menor,60,6.1412
2017,01 Q1 menor,63,6.4979
2017,01 Q1 menor,66,6.8616
2017,01 Q1 menor,69,7.1184
2017,01 Q1 menor,72,7.2896
2017,01 Q1 menor,75,7.475
2017,01 Q1 menor,78,7.6462
2017,01 Q1 menor,81,7.7746
2017,01 Q1 menor,84,7.903
2017,01 Q1 menor,87,8.0599
2017,01 Q1 menor,90,8.2382
2017,01 Q1 menor,93,8.6091
2017,01 Q1 menor,96,8.9444
2017,01 Q1 menor,99,9.0728
2017,01 Q1 menor,102,9.1726
2017,01 Q1 menor,105,9.2653
2017,02 Q2,0,0.0
2017,02 Q2,3,0.0
2017,02 Q2,6,0.0
2017,02 Q2,9,0.0
2017,02 Q2,12,0.0428
2017,02 Q2,15,0.1213
2017,02 Q2,18,0.2639
2017,02 Q2,21,0.4494
2017,02 Q2,24,0.6348
2017,02 Q2,27,0.913
2017,02 Q2,30,1.2054
2017,02 Q2,33,1.4836
2017,02 Q2,36,1.7475
2017,02 Q2,39,2.1327
2017,02 Q2,42,2.3894
2017,02 Q2,45,2.5892
2017,02 Q2,48,2.9315
2017,02 Q2,51,3.2882
2017,02 Q2,54,3.6305
2017,02 Q2,57,4.1369
2017,02 Q2,60,4.5792
2017,02 Q2,63,4.9786
2017,02 Q2,66,5.2496
2017,02 Q2,69,5.485
2017,02 Q2,72,5.7489
2017,02 Q2,75,5.9201
2017,02 Q2,78,6.0628
2017,02 Q2,81,6.2482
2017,02 Q2,84,6.3909
2017,02 Q2,87,6.5407
2017,02 Q2,90,6.6904
2017,02 Q2,93,7.0328
2017,02 Q2,96,7.3538
2017,02 Q2,99,7.5749
2017,02 Q2,102,7.7461
2017,02 Q2,105,7.9173
2017,03 Q3,0,0.0
2017,03 Q3,3,0.0
2017,03 Q3,6,0.0
2017,03 Q3,9,0.0143
2017,03 Q3,12,0.0642
2017,03 Q3,15,0.1712
2017,03 Q3,18,0.3495
2017,03 Q3,21,0.6847
2017,03 Q3,24,0.9772
2017,03 Q3,27,1.3481
2017,03 Q3,30,1.612
2017,03 Q3,33,1.883
2017,03 Q3,36,2.1826
2017,03 Q3,39,2.525
2017,03 Q3,42,2.9743
2017,03 Q3,45,3.331
2017,03 Q3,48,3.709
2017,03 Q3,51,4.1155
2017,03 Q3,54,4.5506
2017,03 Q3,57,5.1355
2017,03 Q3,60,5.6705
2017,03 Q3,63,5.9986
2017,03 Q3,66,6.4123
2017,03 Q3,69,6.6762
2017,03 Q3,72,7.0257
2017,03 Q3,75,7.204
2017,03 Q3,78,7.418
2017,03 Q3,81,7.6676
2017,03 Q3,84,7.8531
2017,03 Q3,87,8.0742
2017,03 Q3,90,8.2739
2017,03 Q3,93,8.5235
2017,03 Q3,96,8.709
2017,03 Q3,99,8.9016
2017,03 Q3,102,9.0514
2017,03 Q3,105,9.1369
2017,04 Q4 mayor,0,0.0
2017,04 Q4 mayor,3,0.0
2017,04 Q4 mayor,6,0.0
2017,04 Q4 mayor,9,0.0
2017,04 Q4 mayor,12,0.0
2017,04 Q4 mayor,15,0.0071
2017,04 Q4 mayor,18,0.0214
2017,04 Q4 mayor,21,0.0357
2017,04 Q4 mayor,24,0.0927
2017,04 Q4 mayor,27,0.1498
2017,04 Q4 mayor,30,0.2211
2017,04 Q4 mayor,33,0.2639
2017,04 Q4 mayor,36,0.3067
2017,04 Q4 mayor,39,0.3495
2017,04 Q4 mayor,42,0.4423
2017,04 Q4 mayor,45,0.5065
2017,04 Q4 mayor,48,0.642
2017,04 Q4 mayor,51,0.7419
2017,04 Q4 mayor,54,0.856
2017,04 Q4 mayor,57,0.9986
2017,04 Q4 mayor,60,1.0771
2017,04 Q4 mayor,63,1.177
2017,04 Q4 mayor,66,1.3125
2017,04 Q4 mayor,69,1.5336
2017,04 Q4 mayor,72,1.6977
2017,04 Q4 mayor,75,1.983
2017,04 Q4 mayor,78,2.247
2017,04 Q4 mayor,81,2.5109
2017,04 Q4 mayor,84,2.7463
2017,04 Q4 mayor,87,2.9175
2017,04 Q4 mayor,90,3.0958
2017,04 Q4 mayor,93,3.3383
2017,04 Q4 mayor,96,3.5024
2017,04 Q4 mayor,99,3.5595
2017,04 Q4 mayor,102,3.6736
2017,04 Q4 mayor,105,3.7877
2018,01 Q1 menor,0,0.0
2018,01 Q1 menor,3,0.0
2018,01 Q1 menor,6,0.0
2018,01 Q1 menor,9,0.0812
2018,01 Q1 menor,12,0.31
2018,01 Q1 menor,15,0.6421
2018,01 Q1 menor,18,0.9669
2018,01 Q1 menor,21,1.3728
2018,01 Q1 menor,24,1.7049
2018,01 Q1 menor,27,2.0666
2018,01 Q1 menor,30,2.2806
2018,01 Q1 menor,33,2.5611
2018,01 Q1 menor,36,2.908
2018,01 Q1 menor,39,3.2253
2018,01 Q1 menor,42,3.6829
2018,01 Q1 menor,45,4.1774
2018,01 Q1 menor,48,4.7826
2018,01 Q1 menor,51,5.2698
2018,01 Q1 menor,54,5.6683
2018,01 Q1 menor,57,6.0669
2018,01 Q1 menor,60,6.3621
2018,01 Q1 menor,63,6.6057
2018,01 Q1 menor,66,6.9894
2018,01 Q1 menor,69,7.2256
2018,01 Q1 menor,72,7.4544
2018,01 Q1 menor,75,7.6832
2018,01 Q1 menor,78,7.8161
2018,01 Q1 menor,81,8.1039
2018,01 Q1 menor,84,8.4065
2018,01 Q1 menor,87,8.7534
2018,01 Q1 menor,90,9.0191
2018,01 Q1 menor,93,9.3291
2018,02 Q2,0,0.0
2018,02 Q2,3,0.0
2018,02 Q2,6,0.0
2018,02 Q2,9,0.0295
2018,02 Q2,12,0.1181
2018,02 Q2,15,0.2657
2018,02 Q2,18,0.3986
2018,02 Q2,21,0.6569
2018,02 Q2,24,0.9595
2018,02 Q2,27,1.1883
2018,02 Q2,30,1.4392
2018,02 Q2,33,1.7344
2018,02 Q2,36,1.9632
2018,02 Q2,39,2.2954
2018,02 Q2,42,2.7456
2018,02 Q2,45,3.4025
2018,02 Q2,48,4.0667
2018,02 Q2,51,4.6941
2018,02 Q2,54,5.2107
2018,02 Q2,57,5.6757
2018,02 Q2,60,6.0004
2018,02 Q2,63,6.2661
2018,02 Q2,66,6.6057
2018,02 Q2,69,7.0411
2018,02 Q2,72,7.3585
2018,02 Q2,75,7.6685
2018,02 Q2,78,7.8825
2018,02 Q2,81,8.1703
2018,02 Q2,84,8.4656
2018,02 Q2,87,8.746
2018,02 Q2,90,9.0855
2018,02 Q2,93,9.5062
2018,03 Q3,0,0.0
2018,03 Q3,3,0.0
2018,03 Q3,6,0.0
2018,03 Q3,9,0.0074
2018,03 Q3,12,0.0886
2018,03 Q3,15,0.214
2018,03 Q3,18,0.3838
2018,03 Q3,21,0.6052
2018,03 Q3,24,0.8931
2018,03 Q3,27,1.1588
2018,03 Q3,30,1.3654
2018,03 Q3,33,1.609
2018,03 Q3,36,1.8968
2018,03 Q3,39,2.2511
2018,03 Q3,42,2.7604
2018,03 Q3,45,3.2253
2018,03 Q3,48,3.801
2018,03 Q3,51,4.3324
2018,03 Q3,54,4.7088
2018,03 Q3,57,5.1369
2018,03 Q3,60,5.5059
2018,03 Q3,63,5.6905
2018,03 Q3,66,6.0078
2018,03 Q3,69,6.3769
2018,03 Q3,72,6.6057
2018,03 Q3,75,6.9009
2018,03 Q3,78,7.2035
2018,03 Q3,81,7.5135
2018,03 Q3,84,7.757
2018,03 Q3,87,7.9711
2018,03 Q3,90,8.222
2018,03 Q3,93,8.3991
2018,04 Q4 mayor,0,0.0
2018,04 Q4 mayor,3,0.0
2018,04 Q4 mayor,6,0.0
2018,04 Q4 mayor,9,0.0
2018,04 Q4 mayor,12,0.0
2018,04 Q4 mayor,15,0.0
2018,04 Q4 mayor,18,0.0148
2018,04 Q4 mayor,21,0.0148
2018,04 Q4 mayor,24,0.0369
2018,04 Q4 mayor,27,0.0443
2018,04 Q4 mayor,30,0.0738
2018,04 Q4 mayor,33,0.0886
2018,04 Q4 mayor,36,0.1255
2018,04 Q4 mayor,39,0.1993
2018,04 Q4 mayor,42,0.2583
2018,04 Q4 mayor,45,0.3322
2018,04 Q4 mayor,48,0.3986
2018,04 Q4 mayor,51,0.5093
2018,04 Q4 mayor,54,0.6495
2018,04 Q4 mayor,57,0.7529
2018,04 Q4 mayor,60,0.9448
2018,04 Q4 mayor,63,1.2031
2018,04 Q4 mayor,66,1.4319
2018,04 Q4 mayor,69,1.705
2018,04 Q4 mayor,72,1.9339
2018,04 Q4 mayor,75,2.1036
2018,04 Q4 mayor,78,2.2808
2018,04 Q4 mayor,81,2.517
2018,04 Q4 mayor,84,2.6277
2018,04 Q4 mayor,87,2.7901
2018,04 Q4 mayor,90,2.8787
2018,04 Q4 mayor,93,2.982
2019,01 Q1 menor,0,0.0
2019,01 Q1 menor,3,0.0
2019,01 Q1 menor,6,0.0175
2019,01 Q1 menor,9,0.0963
2019,01 Q1 menor,12,0.1839
2019,01 Q1 menor,15,0.2978
2019,01 Q1 menor,18,0.4905
2019,01 Q1 menor,21,0.6744
2019,01 Q1 menor,24,0.8846
2019,01 Q1 menor,27,1.2437
2019,01 Q1 menor,30,1.6465
2019,01 Q1 menor,33,2.1282
2019,01 Q1 menor,36,2.6187
2019,01 Q1 menor,39,3.0478
2019,01 Q1 menor,42,3.4857
2019,01 Q1 menor,45,3.8185
2019,01 Q1 menor,48,4.1426
2019,01 Q1 menor,51,4.4841
2019,01 Q1 menor,54,4.887
2019,01 Q1 menor,57,5.2286
2019,01 Q1 menor,60,5.43
2019,01 Q1 menor,63,5.7278
2019,01 Q1 menor,66,6.0694
2019,01 Q1 menor,69,6.4635
2019,01 Q1 menor,72,6.9714
2019,01 Q1 menor,75,7.4006
2019,01 Q1 menor,78,7.8297
2019,01 Q1 menor,81,8.3377
2019,02 Q2,0,0.0
2019,02 Q2,3,0.0
2019,02 Q2,6,0.0
2019,02 Q2,9,0.035
2019,02 Q2,12,0.0613
2019,02 Q2,15,0.1401
2019,02 Q2,18,0.2014
2019,02 Q2,21,0.3328
2019,02 Q2,24,0.4729
2019,02 Q2,27,0.6831
2019,02 Q2,30,1.1035
2019,02 Q2,33,1.6378
2019,02 Q2,36,2.1633
2019,02 Q2,39,2.6012
2019,02 Q2,42,3.1179
2019,02 Q2,45,3.5908
2019,02 Q2,48,3.9762
2019,02 Q2,51,4.3615
2019,02 Q2,54,4.7294
2019,02 Q2,57,5.1147
2019,02 Q2,60,5.4125
2019,02 Q2,63,5.8504
2019,02 Q2,66,6.1657
2019,02 Q2,69,6.5073
2019,02 Q2,72,6.8138
2019,02 Q2,75,7.2517
2019,02 Q2,78,7.6984
2019,02 Q2,81,8.145
2019,03 Q3,0,0.0
2019,03 Q3,3,0.0
2019,03 Q3,6,0.0
2019,03 Q3,9,0.0
2019,03 Q3,12,0.0088
2019,03 Q3,15,0.0963
2019,03 Q3,18,0.1489
2019,03 Q3,21,0.2365
2019,03 Q3,24,0.3766
2019,03 Q3,27,0.5868
2019,03 Q3,30,0.8057
2019,03 Q3,33,1.0948
2019,03 Q3,36,1.4101
2019,03 Q3,39,1.7253
2019,03 Q3,42,1.9531
2019,03 Q3,45,2.2771
2019,03 Q3,48,2.5661
2019,03 Q3,51,2.8376
2019,03 Q3,54,3.1879
2019,03 Q3,57,3.5558
2019,03 Q3,60,3.8536
2019,03 Q3,63,4.1776
2019,03 Q3,66,4.633
2019,03 Q3,69,4.9921
2019,03 Q3,72,5.2373
2019,03 Q3,75,5.4913
2019,03 Q3,78,5.719
2019,03 Q3,81,5.973
2019,04 Q4 mayor,0,0.0
2019,04 Q4 mayor,3,0.0
2019,04 Q4 mayor,6,0.0
2019,04 Q4 mayor,9,0.0
2019,04 Q4 mayor,12,0.0
2019,04 Q4 mayor,15,0.0
2019,04 Q4 mayor,18,0.0
2019,04 Q4 mayor,21,0.0
2019,04 Q4 mayor,24,0.0
2019,04 Q4 mayor,27,0.035
2019,04 Q4 mayor,30,0.0876
2019,04 Q4 mayor,33,0.1139
2019,04 Q4 mayor,36,0.1401
2019,04 Q4 mayor,39,0.2015
2019,04 Q4 mayor,42,0.2452
2019,04 Q4 mayor,45,0.3066
2019,04 Q4 mayor,48,0.4292
2019,04 Q4 mayor,51,0.5868
2019,04 Q4 mayor,54,0.7182
2019,04 Q4 mayor,57,0.8934
2019,04 Q4 mayor,60,1.1387
2019,04 Q4 mayor,63,1.3138
2019,04 Q4 mayor,66,1.4452
2019,04 Q4 mayor,69,1.6204
2019,04 Q4 mayor,72,1.7255
2019,04 Q4 mayor,75,1.8832
2019,04 Q4 mayor,78,1.997
2019,04 Q4 mayor,81,2.0671
2020,01 Q1 menor,0,0.0
2020,01 Q1 menor,3,0.0
2020,01 Q1 menor,6,0.0
2020,01 Q1 menor,9,0.011
2020,01 Q1 menor,12,0.0219
2020,01 Q1 menor,15,0.0439
2020,01 Q1 menor,18,0.1207
2020,01 Q1 menor,21,0.3291
2020,01 Q1 menor,24,0.5814
2020,01 Q1 menor,27,0.8666
2020,01 Q1 menor,30,1.1628
2020,01 Q1 menor,33,1.459
2020,01 Q1 menor,36,1.6893
2020,01 Q1 menor,39,2.0513
2020,01 Q1 menor,42,2.3475
2020,01 Q1 menor,45,2.7205
2020,01 Q1 menor,48,2.9947
2020,01 Q1 menor,51,3.2799
2020,01 Q1 menor,54,3.5761
2020,01 Q1 menor,57,3.8723
2020,01 Q1 menor,60,4.1246
2020,01 Q1 menor,63,4.5305
2020,01 Q1 menor,66,5.0241
2020,01 Q1 menor,69,5.5726
2020,02 Q2,0,0.0
2020,02 Q2,3,0.0
2020,02 Q2,6,0.0
2020,02 Q2,9,0.0
2020,02 Q2,12,0.0
2020,02 Q2,15,0.0
2020,02 Q2,18,0.0329
2020,02 Q2,21,0.1755
2020,02 Q2,24,0.3291
2020,02 Q2,27,0.5924
2020,02 Q2,30,0.7789
2020,02 Q2,33,0.9982
2020,02 Q2,36,1.2944
2020,02 Q2,39,1.6125
2020,02 Q2,42,1.9307
2020,02 Q2,45,2.3036
2020,02 Q2,48,2.5779
2020,02 Q2,51,2.8412
2020,02 Q2,54,3.1373
2020,02 Q2,57,3.2799
2020,02 Q2,60,3.6419
2020,02 Q2,63,4.0039
2020,02 Q2,66,4.3659
2020,02 Q2,69,4.6512
2020,03 Q3,0,0.0
2020,03 Q3,3,0.0
2020,03 Q3,6,0.0
2020,03 Q3,9,0.0
2020,03 Q3,12,0.0
2020,03 Q3,15,0.0
2020,03 Q3,18,0.0
2020,03 Q3,21,0.0219
2020,03 Q3,24,0.0878
2020,03 Q3,27,0.1536
2020,03 Q3,30,0.2084
2020,03 Q3,33,0.2523
2020,03 Q3,36,0.3839
2020,03 Q3,39,0.5704
2020,03 Q3,42,0.7021
2020,03 Q3,45,0.8776
2020,03 Q3,48,1.1189
2020,03 Q3,51,1.3493
2020,03 Q3,54,1.5577
2020,03 Q3,57,1.7661
2020,03 Q3,60,2.0294
2020,03 Q3,63,2.1939
2020,03 Q3,66,2.2927
2020,03 Q3,69,2.4792
2020,04 Q4 mayor,0,0.0
2020,04 Q4 mayor,3,0.0
2020,04 Q4 mayor,6,0.0
2020,04 Q4 mayor,9,0.0
2020,04 Q4 mayor,12,0.0
2020,04 Q4 mayor,15,0.0
2020,04 Q4 mayor,18,0.0
2020,04 Q4 mayor,21,0.011
2020,04 Q4 mayor,24,0.011
2020,04 Q4 mayor,27,0.011
2020,04 Q4 mayor,30,0.011
2020,04 Q4 mayor,33,0.011
2020,04 Q4 mayor,36,0.0329
2020,04 Q4 mayor,39,0.0548
2020,04 Q4 mayor,42,0.1426
2020,04 Q4 mayor,45,0.1975
2020,04 Q4 mayor,48,0.2962
2020,04 Q4 mayor,51,0.4168
2020,04 Q4 mayor,54,0.5046
2020,04 Q4 mayor,57,0.5924
2020,04 Q4 mayor,60,0.724
2020,04 Q4 mayor,63,0.8227
2020,04 Q4 mayor,66,0.8556
2020,04 Q4 mayor,69,0.9653
2021,01 Q1 menor,0,0.0
2021,01 Q1 menor,3,0.0
2021,01 Q1 menor,6,0.0
2021,01 Q1 menor,9,0.0
2021,01 Q1 menor,12,0.0354
2021,01 Q1 menor,15,0.124
2021,01 Q1 menor,18,0.2568
2021,01 Q1 menor,21,0.4605
2021,01 Q1 menor,24,0.6465
2021,01 Q1 menor,27,0.8679
2021,01 Q1 menor,30,1.0893
2021,01 Q1 menor,33,1.2841
2021,01 Q1 menor,36,1.5763
2021,01 Q1 menor,39,1.9394
2021,01 Q1 menor,42,2.1697
2021,01 Q1 menor,45,2.5948
2021,01 Q1 menor,48,3.0995
2021,01 Q1 menor,51,3.5866
2021,01 Q1 menor,54,4.2419
2021,01 Q1 menor,57,4.9947
2021,02 Q2,0,0.0
2021,02 Q2,3,0.0
2021,02 Q2,6,0.0
2021,02 Q2,9,0.0
2021,02 Q2,12,0.0
2021,02 Q2,15,0.0
2021,02 Q2,18,0.0531
2021,02 Q2,21,0.0974
2021,02 Q2,24,0.1948
2021,02 Q2,27,0.3454
2021,02 Q2,30,0.5668
2021,02 Q2,33,0.7794
2021,02 Q2,36,1.0628
2021,02 Q2,39,1.3373
2021,02 Q2,42,1.5765
2021,02 Q2,45,1.8067
2021,02 Q2,48,1.975
2021,02 Q2,51,2.2053
2021,02 Q2,54,2.4444
2021,02 Q2,57,2.6304
2021,03 Q3,0,0.0
2021,03 Q3,3,0.0
2021,03 Q3,6,0.0
2021,03 Q3,9,0.0
2021,03 Q3,12,0.0
2021,03 Q3,15,0.0
2021,03 Q3,18,0.0
2021,03 Q3,21,0.0443
2021,03 Q3,24,0.0797
2021,03 Q3,27,0.1506
2021,03 Q3,30,0.2037
2021,03 Q3,33,0.2834
2021,03 Q3,36,0.3631
2021,03 Q3,39,0.5314
2021,03 Q3,42,0.682
2021,03 Q3,45,0.7705
2021,03 Q3,48,0.9299
2021,03 Q3,51,1.0097
2021,03 Q3,54,1.0451
2021,03 Q3,57,1.1248
2021,04 Q4 mayor,0,0.0
2021,04 Q4 mayor,3,0.0
2021,04 Q4 mayor,6,0.0
2021,04 Q4 mayor,9,0.0
2021,04 Q4 mayor,12,0.0
2021,04 Q4 mayor,15,0.0
2021,04 Q4 mayor,18,0.0
2021,04 Q4 mayor,21,0.0
2021,04 Q4 mayor,24,0.0
2021,04 Q4 mayor,27,0.0089
2021,04 Q4 mayor,30,0.0266
2021,04 Q4 mayor,33,0.0354
2021,04 Q4 mayor,36,0.0709
2021,04 Q4 mayor,39,0.1594
2021,04 Q4 mayor,42,0.248
2021,04 Q4 mayor,45,0.3188
2021,04 Q4 mayor,48,0.434
2021,04 Q4 mayor,51,0.4871
2021,04 Q4 mayor,54,0.5225
2021,04 Q4 mayor,57,0.558
2022,01 Q1 menor,0,0.0
2022,01 Q1 menor,3,0.0
2022,01 Q1 menor,6,0.0
2022,01 Q1 menor,9,0.0958
2022,01 Q1 menor,12,0.2011
2022,01 Q1 menor,15,0.4789
2022,01 Q1 menor,18,0.8907
2022,01 Q1 menor,21,1.3313
2022,01 Q1 menor,24,1.6952
2022,01 Q1 menor,27,2.155
2022,01 Q1 menor,30,2.5476
2022,01 Q1 menor,33,3.0553
2022,01 Q1 menor,36,3.9651
2022,01 Q1 menor,39,4.8175
2022,01 Q1 menor,42,5.804
2022,01 Q1 menor,45,6.9534
2022,02 Q2,0,0.0
2022,02 Q2,3,0.0
2022,02 Q2,6,0.0
2022,02 Q2,9,0.0096
2022,02 Q2,12,0.0766
2022,02 Q2,15,0.1628
2022,02 Q2,18,0.3448
2022,02 Q2,21,0.5938
2022,02 Q2,24,0.8716
2022,02 Q2,27,1.2642
2022,02 Q2,30,1.5803
2022,02 Q2,33,1.9538
2022,02 Q2,36,2.5093
2022,02 Q2,39,2.9403
2022,02 Q2,42,3.3043
2022,02 Q2,45,3.8023
2022,03 Q3,0,0.0
2022,03 Q3,3,0.0
2022,03 Q3,6,0.0
2022,03 Q3,9,0.0
2022,03 Q3,12,0.0192
2022,03 Q3,15,0.0383
2022,03 Q3,18,0.0958
2022,03 Q3,21,0.1149
2022,03 Q3,24,0.2394
2022,03 Q3,27,0.3448
2022,03 Q3,30,0.5172
2022,03 Q3,33,0.7566
2022,03 Q3,36,0.9865
2022,03 Q3,39,1.0918
2022,03 Q3,42,1.2738
2022,03 Q3,45,1.5707
2022,04 Q4 mayor,0,0.0
2022,04 Q4 mayor,3,0.0
2022,04 Q4 mayor,6,0.0
2022,04 Q4 mayor,9,0.0
2022,04 Q4 mayor,12,0.0
2022,04 Q4 mayor,15,0.0
2022,04 Q4 mayor,18,0.0
2022,04 Q4 mayor,21,0.0096
2022,04 Q4 mayor,24,0.0383
2022,04 Q4 mayor,27,0.1341
2022,04 Q4 mayor,30,0.2394
2022,04 Q4 mayor,33,0.3161
2022,04 Q4 mayor,36,0.4406
2022,04 Q4 mayor,39,0.4789
2022,04 Q4 mayor,42,0.5747
2022,04 Q4 mayor,45,0.6225
2023,01 Q1 menor,0,0.0
2023,01 Q1 menor,3,0.0
2023,01 Q1 menor,6,0.0
2023,01 Q1 menor,9,0.0159
2023,01 Q1 menor,12,0.1036
2023,01 Q1 menor,15,0.2948
2023,01 Q1 menor,18,0.5179
2023,01 Q1 menor,21,0.9721
2023,01 Q1 menor,24,1.8327
2023,01 Q1 menor,27,2.7012
2023,01 Q1 menor,30,3.6653
2023,01 Q1 menor,33,4.8845
2023,02 Q2,0,0.0
2023,02 Q2,3,0.0
2023,02 Q2,6,0.008
2023,02 Q2,9,0.0159
2023,02 Q2,12,0.1195
2023,02 Q2,15,0.3745
2023,02 Q2,18,0.7331
2023,02 Q2,21,1.1714
2023,02 Q2,24,1.7292
2023,02 Q2,27,2.1994
2023,02 Q2,30,2.6775
2023,02 Q2,33,3.2991
2023,03 Q3,0,0.0
2023,03 Q3,3,0.0
2023,03 Q3,6,0.0
2023,03 Q3,9,0.0
2023,03 Q3,12,0.0159
2023,03 Q3,15,0.0638
2023,03 Q3,18,0.1036
2023,03 Q3,21,0.2152
2023,03 Q3,24,0.4223
2023,03 Q3,27,0.5897
2023,03 Q3,30,0.7889
2023,03 Q3,33,1.0678
2023,04 Q4 mayor,0,0.0
2023,04 Q4 mayor,3,0.0
2023,04 Q4 mayor,6,0.0
2023,04 Q4 mayor,9,0.0
2023,04 Q4 mayor,12,0.0
2023,04 Q4 mayor,15,0.0
2023,04 Q4 mayor,18,0.008
2023,04 Q4 mayor,21,0.0478
2023,04 Q4 mayor,24,0.0956
2023,04 Q4 mayor,27,0.1913
2023,04 Q4 mayor,30,0.2391
2023,04 Q4 mayor,33,0.3028
2024,01 Q1 menor,0,0.0
2024,01 Q1 menor,3,0.0
2024,01 Q1 menor,6,0.0
2024,01 Q1 menor,9,0.0333
2024,01 Q1 menor,12,0.0999
2024,01 Q1 menor,15,0.2665
2024,01 Q1 menor,18,0.6397
2024,01 Q1 menor,21,1.2327
2024,02 Q2,0,0.0
2024,02 Q2,3,0.0
2024,02 Q2,6,0.0067
2024,02 Q2,9,0.0133
2024,02 Q2,12,0.1266
2024,02 Q2,15,0.2132
2024,02 Q2,18,0.3198
2024,02 Q2,21,0.5131
2024,03 Q3,0,0.0
2024,03 Q3,3,0.0
2024,03 Q3,6,0.0
2024,03 Q3,9,0.0
2024,03 Q3,12,0.0333
2024,03 Q3,15,0.0999
2024,03 Q3,18,0.1599
2024,03 Q3,21,0.2265
2024,04 Q4 mayor,0,0.0
2024,04 Q4 mayor,3,0.0
2024,04 Q4 mayor,6,0.0
2024,04 Q4 mayor,9,0.0
2024,04 Q4 mayor,12,0.0067
2024,04 Q4 mayor,15,0.0133
2024,04 Q4 mayor,18,0.0333
2024,04 Q4 mayor,21,0.04
2025,01 Q1 menor,0,0.0
2025,01 Q1 menor,3,0.0
2025,01 Q1 menor,6,0.0
2025,01 Q1 menor,9,0.0133
2025,02 Q2,0,0.0
2025,02 Q2,3,0.0
2025,02 Q2,6,0.0
2025,02 Q2,9,0.0066
2025,03 Q3,0,0.0
2025,03 Q3,3,0.0
2025,03 Q3,6,0.0
2025,03 Q3,9,0.0
2025,04 Q4 mayor,0,0.0
2025,04 Q4 mayor,3,0.0
2025,04 Q4 mayor,6,0.0
2025,04 Q4 mayor,9,0.0
